id,titolo,tipologia,descrizione,data_inizio,data_fine,indirizzo,comune,provincia,regione,cap,url,immagine
http://dati.beniculturali.it/mibact/eventi/resource/CulturalEvent/21860,"Apertura nuovo allestimento ""Giuliana degli Abissi""",Mostra,"Il Museo Nazionale di Matera apre dal 23 dicembre 2022 nel Museo Archeologico Nazionale ""Domenico Ridola"" il nuovo allestimento ""Giuliana degli Abissi"", progetto a cura di Annamaria Mauro e Laura D’Esposito, dedicato al fossile della Balena Giuliana, scoperto nel 2006 sulle sponde del Lago di San Giuliano, a 8 km da Matera.Facendo dialogare insieme i linguaggi del contemporaneo e i resti paleontologici, l’allestimento racconta la storia di questo fossile di cetaceo che, con i suoi 26 metri di lunghezza, risulta essere uno dei più grandi fossili di balena mai rinvenuti, forse il più grande esemplare che abbia mai solcato le acque del Mar Mediterraneo. Gli studi compiuti, che permettono di datare l’animale tra 1,5 e 1,25 milioni anni fa, ovvero nel Pleistocene inferiore, hanno messo in evidenza forti affinità con la balenottera azzurra (Balaenoptera musculus), la specie di cetaceo oggi vivente che raggiunge le dimensioni maggiori. Il percorso espositivo dedicato alla Balena Giuliana si compone di diverse sale: dopo la prima, dedicata alla scoperta e alle fasi del difficile recupero, ci si ritrova nell’ambiente interamente dedicato alla projection mapping che accompagnerà i visitatori in un viaggio immersivo ed emozionante. Ideata dal visual artist Silvio Giordano e realizzata da ETT SpA, azienda del Gruppo SCAI. Qui, si fondono le tecniche più avanzate in un’opera dal grande impatto visivo: animazione 2D e 3D, compositing e motion graphic.Seguono le sale espositive in cui saranno per la prima volta mostrati alcuni resti del fossile già restaurati e interessanti reperti riconducibili alla fauna e alle piante acquatiche del paleoambiente in cui la balena è stata ritrovata.Attraverso un monitor il visitatore potrà seguire i lavori in corso nel laboratorio di restauro del fossile, allestito nella Ex Palazzina Fio del Museo Ridola; completa questo racconto il fumetto “La Regina degli abissi” (Osanna Edizioni) appositamente realizzato dall’illustratore e fumettista Giulio Giordano.L’allestimento viene inoltre introdotto dal nuovo visitor center, che prende spunto dagli scatti di alcuni reperti realizzati dal fotografo Mario Cresci, per offrire un’anticipazione delle principali sezioni archeologiche del Museo Ridola.",,,,,,,,,http://media.beniculturali.it/mibac/files/5364/Giuliana.degli_.Abissi..jpg
http://dati.beniculturali.it/mibact/eventi/resource/CulturalEvent/32885,Musei nazionali di Matera - A cì appartjn? Vicinati. Etnografie di oggetti,Mostra,"A
cì appartjn? Vicinati. Etnografie di oggetti è la nuova mostra
permanente che, per la prima volta, espone gran parte delle collezioni
etnografiche appartenenti ai Musei nazionali di Matera. Il
nuovo allestimento è stato inaugurato presso il complesso monumentale dell’Ex
Ospedale di San Rocco, all’interno degli spazi della Chiesa del Cristo
Flagellato, alla presenza della Direttrice dei Musei nazionali di Matera,
Annamaria Mauro, curatrice della mostra, e dei membri del comitato scientifico,
Prof. Ferdinando Mirizzi, docente presso il Dipartimento delle Culture Europee
e del Mediterraneo dell’Università degli Studi della Basilicata e Ciriaca
Coretti, demoetnoantropologa.Vicinati,
inteso come spazio evocativo all’interno del quale coesistono persone e
oggetti, la cui funzione pratica e utilitaria si combina con quella estetica,
artistica e identitaria, in uno spazio narrativo dove trovano posto tutte le
forme dell’arte popolare lucana. Vicinati mette insieme le collezioni,
che costituiscono, ad oggi, l’intera collezione etnografica del Musei nazionali
di Matera, composta da un totale di circa 600 oggetti, risalenti alla fine del
XIX secolo fino alla metà del XX, che raccontano la vita e la cultura
agropastorale lucana e che, dopo un lungo lavoro di restauro, tornano, oggi, a
essere restituiti alla comunità.L’allestimento
espone parte della collezione e si suddivide in sezioni ognuna delle quali
rappresentativa dei contesti nei quali i manufatti si inseriscono, tenendo
conto che tale suddivisione ha uno scopo puramente indicativo e funzionale alla
fruizione. Le sezioni sono suddivise per temi in un percorso espositivo che cerca
ripercorrere l’intera collezione etnografica dei Musei nazionali di Matera.",,,,,,,,,http://media.beniculturali.it/mibac/files/boards/bfd59297b145c4718548dd0a41f06a9b/MN-MT%202024/etnografia_2.jpg
http://dati.beniculturali.it/mibact/eventi/resource/CulturalEvent/35381,Il Museo di Palazzo Lanfranchi riapre con una nuova esperienza di visita,Nuova Apertura,"Dopo un importante intervento di restauro architettonico e valorizzazione, il Museo Nazionale d’Arte Medievale e Moderna della Basilicata, ospitato nel seicentesco Palazzo Lanfranchi, è pronto a svelarsi al pubblico con spazi completamente rinnovati.La cerimonia ufficiale di inaugurazione si terrà il&nbsp;15 ottobre, segnando l’inizio di una nuova fase per il Museo, che unisce storia, arte e innovazione.I lavori di restauro hanno coinvolto sia le superfici esterne che gli interni del Palazzo, con una particolare attenzione all’accessibilità e alla fruizione delle opere. Al piano terra, saranno inaugurate le nuove sale dedicate alle opere di due maestri dell’arte del Novecento:&nbsp;Carlo Levi&nbsp;e&nbsp;Luigi Guerricchio. Il primo piano ospiterà, in una cornice completamente rinnovata, l’Arte del territorio&nbsp;– una selezione di opere locali di arte sacra, dal Medioevo al Settecento – e la prestigiosa&nbsp;collezione&nbsp;Camillo d’Errico.Il percorso espositivo offre, inoltre, un viaggio immersivo con&nbsp;tre nuove&nbsp;sale multimediali. La prima sala di&nbsp;extended reality, grazie all’Intelligenza Artificiale, permetterà un’interazione immersiva con i dipinti di&nbsp;Levi, la seconda, interamente dedicata alla&nbsp;Collezione&nbsp;d’Errico, offrirà una fruizione multisensoriale delle opere, mentre l’ultima sala immersiva, dedicata a&nbsp;Guerricchio, ne approfondisce la biografia e i suoi legami con il contesto materano.",,,,,,,,,http://media.beniculturali.it/mibac/files/boards/bfd59297b145c4718548dd0a41f06a9b/MN-MT%202024/nuovo%20allestimento%20lanfranchi/d'errico%20nuova%20(3).JPG
http://dati.beniculturali.it/mibact/eventi/resource/CulturalEvent/39123,Apertura dell'Appartamento della Duchessa d'Aosta tutte le domeniche,Apertura Straordinaria,"Il lussuoso Appartamento della Duchessa, in cui fino alla consegna allo Stato Italiano nel secondo dopoguerra, visse la vedova del Duca Amedeo d’Aosta,  Anna d'Orléans, diventa in pianta stabile accessibile ai visitatori. Questo  quartiere, collocato al secondo piano di Palazzo Pitti, fu residenza dei Re d'Italia dal 1865 al 1911. L'atmosfera che ancora oggi si respira al suo interno è quella creata da Anna di Francia, vedova del Duca Amedeo d'Aosta, l'ultima che abitò questo appartamentoL'Appartamento della Duchessa di Palazzo Pitti è aperto al pubblico ogni domenica a partire dalla prima domenica di aprile 2025 secondo i seguenti orari. Mattina: 10.30; 11.30; 12.30 Pomeriggio: 14.30; 15.30; 16.30Il punto di incontro per i gruppi è al secondo piano di Palazzo Pitti: salendo in ascensore la prima sala dopo l'arrivo al secondo piano, salendo invece dallo Scalone Ammannati la seconda sala a destra una volta giunti al secondo piano.La visita è garantita a gruppi composti da massimo 20 persone. Ogni gruppo sarà accompagnato in visita per un durata di circa 45 minuti.",,,,,,,,,http://media.beniculturali.it/mibac/files/boards/17e86a7864029bbbbdcc36519bbd6fa6/APPARTAMENTI%20DUCHESSA%20PITTI/Camera.jpg
http://dati.beniculturali.it/mibact/eventi/resource/CulturalEvent/39778,Festa della Repubblica alla Pinacoteca Nazionale di Sassari,Apertura festiva,"Per la festività nazionale del 2 giugno la Pinacoteca Nazionale di Sassari sarà aperta con ingresso gratuito dalle 09.00 alle 19.30 (ultimo ingresso alle 19.00).Oltre alla collezione esposta e alla sezione dedicata a Giuseppe Biasi, sarà possibile ammirare la mostra ""Ritratti di famiglia"", intitolata alla collezionista Candida De Logu, mecenate e amica di alcuni dei maggiori artisti sardi del Novecento, ai quali amava commissionare opere e dai quali lei adorava farsi ritrarre. La mostra rimarrà visitabile fino al 22 giugno.La Pinacoteca osserverà una giornata di chiusura martedì 3 giugno.",,,,,,,,,http://media.beniculturali.it/mibac/files/boards/c552bec33a06a9a6865c0806c8363236/Pinacoteca%20Sassari.jpg
http://dati.beniculturali.it/mibact/eventi/resource/CulturalEvent/41241,Ritorni - Le opere di Massimiliano d’Asburgo restituite alla collezione di Miramare,Mostra,"Una piccola scoperta, ma una occasione grande per immergersi nel gusto del collezionismo ottocentesco.Quattro opere del XVII secolo, appartenenti al nucleo più antico della collezione dell’arciduca e custodite da anni nei depositi della Soprintendenza a Trieste, reintegrate nella collezione di Miramare per iniziativa del direttore del Museo, Andreina Contessa.“Questa operazione – ha detto nel presentare la mostra il direttore Contessa – è stata lungamente attesa e desiderata perché ritengo fondamentale che venga mantenuto integro il senso della collezione e, con esso, possa essere compreso appieno il gusto di Massimiliano nella scelta delle singole opere.Per questo ringrazio la Soprintendente Valentina Minosi e il Funzionario storico dell’arte Claudia Crosera della SAPAB FVG per aver reso possibile la restituzione dei quadri, che rappresentano il nucleo più antico della galleria di Massimiliano e che da anni giacevano nei depositi della Soprintendenza”.“La restituzione dei quattro quadri – ha continuato il direttore – rappresenta anche una ulteriore tappa nella narrazione parallela della storia di Massimiliano che abbiamo scelto di fare accanto a quella più nota e di impostazione prettamente storica.Riguarda la passione per la scienza e i viaggi, la botanica e la fotografia dell’arciduca.Il nuovo capitolo apre uno sguardo su Massimiliano eclettico collezionista.Il reintegro delle opere nella pinacoteca di Miramare è infatti un tassello importante per ricostruire la formazione della raccolta d’arte di Massimiliano e Carlotta e allargare gli orizzonti di ricerca”.Delle quattro tele esposte da oggi a Miramare, la Testa di Vecchia, dell’ambito di Bernardo Strozzi, è quella acquistata per prima da Massimiliano (1853), mentre il Ritratto d’uomo è inventariato storicamente come opera di Jacopo Bassano.Non sappiamo dove si trovassero le due tele seicentesche Il gusto e L’odorato di Johann Heinrich Schönfeld, di cui non risultano fotografie conservate.L’occasione della restituzione, ha consentito di ricostruire tutti i passaggi della storia conservativa dei dipinti e le loro collocazioni anche nelle sale del Castello dal 1860 al Novecento.Sono state ritrovate le cornici che negli anni Trenta erano state realizzate per il Gusto e l’Odorato.Questi quattro dipinti sono oggi nuovamente parte della collezione del Museo Storico, in esposizione nella Sala Rosa dei Venti al pianoterra del Castello. La visita alla mostra è compresa nel biglietto d’ingresso del Museo.Scarica il comunicato completo: qui",,,,,,,,,http://media.beniculturali.it/mibac/files/boards/4255e04bb605090477057838f0c92771/Ritratto%20d'uomo%20Miramare%202025.jpg
http://dati.beniculturali.it/mibact/eventi/resource/CulturalEvent/42701,Abitare gli spazi nel medioevo a Siponto_Copia,Proiezione,"In occasione delle Giornate Europee dell'Archeologia 2026, il Parco archeologico di Siponto, la Soprintendenza Archeologia, Belle Arti e Paesaggio per le province di Barletta-Andria-Trani e Foggia e le Università di Foggia e di Bari, in collaborazione con l’Associazione ArcheoSipontum, raccontano attraverso un video e foto di scavo, il progetto delle ricerche archeologiche condotte a Siponto, cheripercorre i 1500 anni di vita della città, dalla fondazione come colonia romana fino al progressivo spopolamento, nel corso del XIV secolo, a favore della vicina Manfredonia. Ma cosa significa davverofare archeologia? Cosa si nasconde dietro una scoperta? E cosa prova chi, giorno dopo giorno, lavora per riportare alla luce le tracce di chi ci ha preceduto?Le immagini accompagneranno i visitatori nel cuore dello scavo archeologico, mostrando non solo le nuove scoperte, ma anche il lavoro, la cura e la passione che rendono possibile ogni ritrovamento e restituiscono alla comunità un frammento della storia di Siponto.",,,,,,,,,
http://dati.beniculturali.it/mibact/eventi/resource/CulturalEvent/44416,Riapre dopo undici anni il Santuario di Hera sul fiume Sele. Nuovo percorso “Il tempio al confine – Hera e il paesaggio del Sele”.,Visita Guidata,"Dopo undici anni di chiusura al pubblico, uno dei luoghi più significativi dell’antica Poseidonia torna finalmente accessibile. Il Santuario di Hera Argiva sul fiume Sele, chiuso dal 2014 dopo una violenta esondazione del fiume, riapre grazie a un importante progetto di valorizzazione promosso dai Parchi archeologici di Paestum e Velia. L’inaugurazione del nuovo percorso “Il tempio al confine – Hera e il paesaggio del Sele” è in programma il 4 dicembre alle ore 10.30.Un luogo fondativo tra mito, paesaggio e frontieraAlla foce del Sele mito e storia si sovrappongono da oltre 2600 anni. Qui, secondo la tradizione, Giasone avrebbe dedicato alla dea di Argo un santuario durante il viaggio di ritorno dalla conquista del vello d’oro con gli Argonauti. Ed è qui che nel VI sec. a.C. i coloni greci edificarono un santuario sul limite settentrionale del territorio da essi controllato: un confine naturale che separava la chora di Poseidonia dalle terre etrusche.Il complesso rappresentò per secoli un punto di riferimento religioso e culturale. Oggi, dopo un decennio di inaccessibilità, il Santuario torna a essere leggibile nella sua relazione originaria con il paesaggio costiero.Il nuovo percorso: un intervento che unisce archeologia e naturaLa riapertura è il risultato di un intervento che ha integrato ricerca archeologica, progettazione paesaggistica e soluzioni avanzate per l’accessibilità, restituendo al santuario una lettura chiara e coerente delle sue componenti storiche e ambientali.I percorsi progettati adottano una progressione intenzionale: dalla maggiore strutturazione iniziale, con linee rette e il riutilizzo di tracciati preesistenti, si passa gradualmente a geometrie più leggere e flessibili mediante una passerella e l’impiego di battuti reversibili. L’andamento dei percorsi si orienta verso le strutture del Santuario, offrendo al visitatore una prospettiva che rispecchia le principali fasi evolutive dell’impianto, fino a seguire la sinuosità dell’ansa del Sele attraverso sentieri guidati da paletti in legno e cordame.Il percorso si sviluppa all’interno di un’area di oltre 41.000 metri quadrati, in cui sono stati realizzati:indagini geofisiche e archeologiche funzionali alla ricostruzione storica del sito;un percorso facilitato in terra stabilizzata, pensato per garantire un’esperienza di visita inclusiva; una passerella espositiva in materiali reversibili; pannelli informativi, mappe tattili, nuove aree di sosta e un sistema di recinzione in pali di castagno che restituisce ordine e tutela all’area sacra.Elemento centrale del progetto è il Giardino di Hera, uno spazio vegetale costruito sulla base delle essenze documentate nel santuario antico. La selezione delle specie – melograni, querce, mirto, lavanda, rosmarino e altre piante mediterranee – non propone una ricostruzione scientifica, ma un evocativo richiamo alle atmosfere storiche che caratterizzavano il complesso.La pannellistica, leggera e pienamente coerente con la natura del sito, è stata progettata per essere accessibile e tattile, accompagnando la visita in continuità con gli standard comunicativi dei Parchi archeologici di Paestum e Velia. Le aree di sosta, progressivamente ombreggiate dalla vegetazione, favoriscono una fruizione più lenta e meditata, in linea con la filosofia del Museo Narrante di Hera Argiva.«Con questo intervento minimo, semplice ma efficace, abbiamo inteso dare un primo grado di accessibilità alle strutture ancora visibili sul terreno e permettere una lettura contemporanea del sito nelle sue stratificazioni, connettendo la storia del santuario dedicato ad Hera e del suo giardino, storicamente attestato, con la configurazione territoriale successiva, rappresentata dalla masseria e dalle attività colturali, oltre che dallo spiccato valore naturalistico della foce del Sele – afferma Antonella Manzo, architetto dei Parchi archeologici di Paestum e Velia – Questa prima fase rappresenta per noi l’avvio di un processo di miglioramento dell’accessibilità e dell’esperienza di visita: in futuro prevediamo ulteriori interventi integrati per garantire un accesso sicuro anche alle persone con necessità fisiche e cognitive specifiche, affinché possano fruire pienamente di un sito archeologico complesso costituito dall’area e dal museo narrante». “L’attuazione del progetto è avvenuta con un’attenzione particolare alla sostenibilità ambientale intesa come rispetto della connotazione naturalistica del luogo. Gli interventi eseguiti sono a basso impatto, infatti le strutture realizzate sono a ridotta vulnerabilità e rispettose della qualità e dell’integrità degli ecosistemi e   della biodiversità presenti nel sito”, sottolinea Ornella Silvetti, architetto ALES in servizio presso i Parchi archeologici di Paestum e Velia Visite e fruizioneA partire da dicembre, l’area archeologica e “il Giardino di Hera” saranno visitabili ogni sabato alle ore 11.00 e domenica alle ore 15.00, accompagnati dalle visite guidate a cura dei volontari del Servizio Civile formati dai Parchi.L’ingresso, su prenotazione, è incluso nel biglietto dei Parchi archeologici di Paestum e Velia e nell’abbonamento Paestum&Velia.«La riapertura del Santuario di Hera sul fiume Sele restituisce al territorio un luogo fondativo della sua storia  – dichiara Tiziana D’Angelo, direttore dei Parchi archeologici di Paestum e Velia – Mito, paesaggio e archeologia tornano a essere parte di un’unica narrazione, resa oggi più accessibile e consapevole. Questo intervento rappresenta un passo decisivo nel percorso di valorizzazione dei Parchi, che continuerà nel 2026 con il riallestimento del Museo dedicato alla dea e con l’avvio di nuove campagne di scavo. Si tratta di interventi che rafforzeranno ulteriormente la conoscenza del santuario, offrendo nuovi elementi per comprendere l’evoluzione del complesso nel suo contesto originario”Tre nuove metope riemerse dal santuario: un ritrovamento eccezionale e una campagna per salvarleIl progetto di valorizzazione si inserisce in un momento decisivo per le ricerche sul santuario. Nel 2023, durante le attività archeologiche condotte dall’Università degli Studi di Napoli Federico II, sotto la direzione della Prof. Bianca Ferrara, sono riemerse, nell’area tra il tempio tardo-arcaico e la stoà meridionale, tre metope in arenaria, due delle quali segnalate già dall’archeologa Paola Zancani Montuori.Le lastre, fortemente frammentate e in avanzato stato di degrado, appartengono ai cicli metopali che tra VI e V secolo a.C. decoravano gli edifici sacri del santuario. Due metope sembrano riferibili al celebre ciclo delle “danzatrici”, mentre la terza, ancora solo parzialmente studiata, potrebbe appartenere a un fregio finora non attestato.Il recupero di questi elementi architettonici è un’occasione scientifica unica per progredire con la ricerca storica al Sele e fare luce su una delle testimonianze più importanti dell’archeologia pestana. Si avrà l’occasione di intervenire per la prima volta su materiali che provengono direttamente dallo scavo archeologico, ideali per analisi multispettrali, mineralogiche e iconografiche ad alta precisione che daranno risposte a vari quesiti, tra cui le tecniche costruttive e di decorazione. Per garantirne la conservazione e la futura esposizione, i Parchi lanciano una campagna di raccolta fondi aperta alla comunità e a tutti coloro che desiderano contribuire alla tutela di un patrimonio irripetibile, mediante la piattaforma ArtBonus che garantirà ai mecenati sgravi fiscali fino al 65% (maggiori informazioni https://parchipaestumvelia.cultura.gov.it/dona-ora/artbonus/) Un’eredità che continua a trasformarsiLa riapertura del santuario e il nuovo percorso rappresentano solo il primo passo di una più ampia strategia di valorizzazione. Il 2026 segnerà infatti l’avvio del riallestimento del Museo narrante di Hera Argiva, destinato a completare un progetto che unisce ricerca, tutela e divulgazione in un’unica visione culturale. Le visite, con prenotazione OBBLIGATORIA all’indirizzo: pa-paeve.promozione@cultura.gov.it sono incluse nel biglietto di ingresso ai Parchi e nell’abbonamento Paestum&Velia. Prima di recarsi al Santuario per le visite occorre ritirare il biglietto presso le biglietterie dei Parchi.",,,,,,,,,http://media.beniculturali.it/mibac/files/boards/9c40e51fb4ca52f4756fc1f6279fd4d7/PHOTO-2025-11-26-09-49-40.jpg
http://dati.beniculturali.it/mibact/eventi/resource/CulturalEvent/44699,“Mithra: luce dall’oriente”. Esposizione permanente del gruppo scultoreo del Mithra di Cavriglia,Altro,"A distanza di alcuni anni dall’ultima apparizione pubblica del 2017, il pregevole gruppo scultoreo del Mithra rinvenuto a Cavriglia nel 1976 entra a far parte dell’esposizione permanente del Museo grazie al contributo del Comune di Cavriglia, da sempre legatissimo allo straordinario reperto.Nella scultura, lacunosa, il dio orientale Mithra è raffigurato nell’atto di uccidere un toro: l’iconografia molto standardizzata del Mithra tauroctono ci aiuta ad immaginare il dio mentre afferra il toro per le narici e lo pugnala alla base del collo. Completano il gruppo un serpente che si nutre del sangue del toro, uno scorpione e, nella parte anteriore, un cane.Intorno al III secolo d.C. il culto di Mithra, che ebbe tanti seguaci in tutto l’impero romano, fu associato a quello di&nbsp;Sol Invictus&nbsp;e nel solstizio invernale s’iniziò a celebrare la nascita del dio portare di nuova luce. Un pannello redatto con il contributo scientifico del Center for Ancient Mediterranean and Near Eastern Studies (CAMNES)&nbsp;racconta al grande pubblico le caratteristiche del dio e del mitraismo; integrano il testo&nbsp;una ricostruzione grafica realizzata da Marta Ercoli sulla base del disegno di Laura Ugolini e una&nbsp;foto degli straordinari affreschi del Mitreo di Marino gentilmente concessa dalla Soprintendenza ABAP&nbsp;per l’area metropolitana di Roma e per la provincia di Rieti.La sala dei culti è il piccolo ambiente della sezione romana del Museo in cui il Mithra di Cavriglia troverà posto insieme ad altre tre sculture di nuova esposizione: una testa di toro forse da Stia in Casentino, un piccolo Cautopates della collezione Ghidini Ottonelli e un possibile Attis d’incerta provenienza.",,,,,,,,,"http://media.beniculturali.it/mibac/files/boards/bec8803f226b6c1f1d4be3ed98d36b8e/DRM-TOSCANA/Arezzo%20(AR)%20-%20Museo%20Archeologico%20Nazionale%20Gaio%20Cilnio%20Mecenate%20e%20Anfiteatro%20romano,%20esterno.jpg"
http://dati.beniculturali.it/mibact/eventi/resource/CulturalEvent/44700,ll Museo delle Arti e Tradizioni Popolari dell’Alta Valle del Tevere di Palazzo Taglieschi e il Museo della Battaglia e di Anghiari inaugurano i nuovi allestimenti dedicati alle ceramiche tradizionali anghiaresi e alle armi storiche.,Altro,"“(…) il museo di Anghiari avrà alcune appartenenze dislocate,di vero interesse tradizionale, come (…) una fornace dei pignatti e scaldini.”Don Nilo Conti (1908-1973)Le collezioni etnografiche raccontano la storia di Anghiari nei nuovi allestimenti dedicati alle ceramiche tradizionali anghiaresi nelle sale del Museo delle Arti e Tradizioni Popolari dell’Alta Valle del Tevere in Palazzo Taglieschi e alle armi da fuoco al Museo della Battaglia e di Anghiari.Lo svilupparsi del continuo e corretto dialogo fra le due istituzioni museali, relativamente alla promozione e all’erogazione di servizi condivisi, prevede delle profonde riflessioni sulla necessità scientifica di adeguare entrambe le raccolte rispetto all’offerta culturale complessiva. Il Museo delle Arti e Tradizioni Popolari dell’Alta Valle del Tevere di Palazzo Taglieschi è il museo territoriale per antonomasia della Valtiberina, del cui territorio raccoglie ed espone ampie e variegate testimonianze storiche, artistiche, etnografiche. Il Museo della Battaglia e di Anghiari in Palazzo del Marzocco è il museo comunale tematico che valorizza l’evento storico del 1440 e quello figurativo di Leonardo da Vinci, comprese le vicende storiche, di costume e artistiche ad esso connesse.Il progetto “Collezioni integrate”,&nbsp;di scambio e valorizzazione delle collezioni del Museo di Palazzo Taglieschi e del Museo della Battaglia e di Anghiari, ideato nel 2021, costituisce uno dei primi passi dell’Accordo di Valorizzazione ai sensi dell’art. 112 comma 4 del D. Lgs. n. 42/2004 e s.m.i.- Codice dei Beni culturali e del Paesaggio, stipulato il 25 marzo del 2020 tra l’allora Polo Museale della Toscana e il Comune di Anghiari. L’accordo prevede tra i propri obiettivi anche lo scambio di opere tra i due musei, dando vita ad allestimenti tematici che concorrano al raggiungimento delle finalità di valorizzazione perseguite. Il progetto mira dunque ad arricchire, completandole, entrambe le collezioni – le ceramiche tradizionali anghiaresi per il Museo di Palazzo Taglieschi e le armi storiche per il Museo della Battaglia – secondo i criteri di omogeneità delle raccolte e di congruità rispetto alle “mission” di entrambi i musei, promuovendo ricerca scientifica, tutela e conservazione. I nuovi percorsi espositivi valorizzano le collezioni grazie ad una maggior attenzione agli apparati didattici e di comunicazione multimediale e ad un allestimento più contemporaneo dei beni. Si creano così nuove opportunità educative, offrendo ai visitatori la possibilità di esplorare da una prospettiva più completa le evoluzioni culturali e tecnologiche delle epoche in cui le armi e le ceramiche, entrambe di produzione anghiarese e particolarmente significative per due musei strettamente legati al territorio, sono state create.Il Museo della Battaglia e di Anghiari cede in deposito a lungo termine al Museo di Palazzo Taglieschi la propria collezione di ceramiche tradizionali anghiaresi, mentre il museo statale concede – sempre in deposito a lungo termine – al Museo della Battaglia l’intera raccolta di armi da fuoco antiche,&nbsp;fino a qualche mese fa esposta nei propri spazi. In questo modo i due musei diventano sempre più complementari, attraverso un fondamentale dialogo che vuole accrescere l’importanza del patrimonio museale di Anghiari, regalando un futuro alla sua storia.Il percorso espositivo dedicato alle ceramiche tradizionali al Museo di Palazzo Taglieschi, realizzato grazie al sostegno della Direzione Generale Musei del Ministero della Cultura,&nbsp;si articola sui tre livelli principali dell’edificio, attraverso otto vetrine che espongono una selezione di circa un centinaio di pezzi tra scaldini, albarelli, zuppiere, pignatte, brocche, boccali, catini e un delizioso fischietto con galletto.Il fondatore del Museo delle arti e delle tradizioni popolari di Anghiari, Don Nilo Conti, tra gli anni Cinquanta e Settanta del Novecento raccolse numerosi esemplari della tradizionale ceramica anghiarese, conservati e solo in parte esposti al Museo. Nei registri delle acquisizioni sono documentati anche gli acquisti effettuati in occasione delle mostre dell’artigianato allestite negli anni Settanta a Monte San Savino, in provincia di Arezzo. Lo scambio con il Comune di Anghiari ha permesso di integrare il nucleo originario con ulteriori raccolte che testimoniano il collezionismo di figure di primo piano della vita culturale anghiarese del secondo Novecento e l’arte di maestri vasai quali Arturo Luconi e Domenico Paci, considerato l’ultimo vasaio. Particolarmente ricca e pregevole è la collezione di Giuseppe Fontana, ricca di manufatti che testimoniano un momento particolarmente felice della ceramica anghiarese, che diviene finalmente accessibile al pubblico grazie alla generosa donazione del figlio Emanuele Fontana.L’allestimento della collezione di ceramiche è stato progettato da Rossella Sileno con Raffaele Fuschino e Rosario Terrone, e realizzato da Antica Maniera di Marco Santi in collaborazione con la Falegnameria Pettinari Andrea. L’illuminazione delle vetrine è opera di Tecnoelettrica Tecnologies &amp; Solutions. Il progetto grafico è stato ideato da Annalisa Giovannini, studentessa dell’Università degli Studi di Firenze, nell’ambito di un tirocinio curricolare.In occasione dell’inaugurazione Giulia Basilissi, funzionaria restauratrice conservatrice della Direzione regionale Musei nazionali Toscana, ha curato un intervento di manutenzione conservativa delle ceramiche esposte.Il percorso espositivo è arricchito da brevi video-documentari, accessibili tramite QR code, realizzati dalla Direzione regionale Musei nazionali Toscana con il supporto tecnico di Erica Andreini. Le clip sono il risultato di un’approfondita indagine sul campo che ha previsto interviste a un collezionista, a una ceramista, a studiosi locali e a un esperto di storia della ceramica.Il percorso dedicato alle armi da fuoco antiche nel cinquecentesco Palazzo del Marzocco rappresenta l’unione semantica tra il nome e la missione del Museo della Battaglia e di Anghiari, per valorizzare il tessuto storico-artistico-artigianale del territorio.Vengono raccolte così in un solo luogo la collezione di armi antiche della Banca di Anghiari e Stia e la collezione della Direzione regionale Musei nazionali della Toscana, oltre ad alcune di proprietà del Comune di Anghiari, costituendo la più rilevante esposizione di armi anghiaresi antiche del mondo, nonché per varietà e qualità tra le più significative esposizioni del centro Italia.Il Museo della Battaglia e di Anghiari, che da 11 anni è “museo di rilevanza regionale”, ai sensi della Legge 21/2010 di Regione Toscana e parte di conseguenza del Sistema Museale Nazionale,&nbsp; è stato da poco riaperto dopo lunghi lavori di adeguamento per l’accessibilità, finanziati con un progetto a valere sul PNRR m1c3.3 investimento 1.2. “abbattimento delle barriere fisiche, cognitive, sensoriali”, con lo scopo di accrescere le opportunità per le persone di accedere a nuovi contenuti. Questo nuovo allestimento rappresenta la prima fase di un percorso di rinascita dopo i lavori e a seguito di una prima parziale riapertura. Un punto di arrivo e di partenza, come fu per Palazzo Taglieschi la “mostra delle armi da fuoco anghiaresi e dell’Appennino tosco-emiliano” curata da Marcello Terenzi nel 1968.",,,,,,,,,"http://media.beniculturali.it/mibac/files/boards/bec8803f226b6c1f1d4be3ed98d36b8e/DRM-TOSCANA/Anghiari%20(AR)%20-%20Palazzo%20Taglieschi,%20Madonna%20col%20bambino,%20terracotta%20invetriata%20della%20bottega%20di%20Benedetto%20Buglioni%20(1490-%201500).jpg"
http://dati.beniculturali.it/mibact/eventi/resource/CulturalEvent/44745,La prima mostra personale di AMOAKO BOAFO in Italia | Museo di Palazzo Grimani,Mostra,"I Musei archeologici nazionali di Venezia e della Laguna sono lieti di annunciare la prima mostra personale in Italia dell’artista ghanese Amoako Boafo al Museo di Palazzo Grimani. L’esposizione, prodotta da Gagosian e organizzata in collaborazione con il Museo, si terrà dal 6 maggio al 22 novembre 2026 durante la 61. Biennale Arte di Venezia.Museo di Palazzo Grimani, un raro esempio di architettura rinascimentale tosco-romana a Venezia, si è affermato come una delle più prestigiose istituzioni culturali della città, unendo alla sua collezione di opere classiche e moderne alcune delle più interessanti esplorazioni nel campo dell’arte contemporanea.La mostra di Amoako Boafo prosegue l’impegno del Museo nell’arte contemporanea in dialogo con la storia di questo luogo e con la Venezia rinascimentale. Il lavoro di Boafo, con la sua potente esplorazione sui temi dell’identità e dello stile, si fa portatore di una fresca e contemporanea interpretazione della grande tradizione artistica veneziana, specialmente per quanto riguarda la ritrattistica. Ispirata dall’architettura unica di Palazzo Grimani, la mostra contribuisce a creare un dialogo tra spazi storici e prospettive contemporanee, grazie all’eccezionalità della sua ambientazione.Amoako Boafo reinterpreta il genere della ritrattistica, affermandosi come uno degli artisti chiave nel definire la cultura contemporanea africana e della sua diaspora. Gli eleganti dipinti di Boafo elevano i soggetti, cogliendone sicurezza, stile e carattere. Nei suoi ritratti Boafo dipinge le figure manipolando il pigmento con le dita: un contatto diretto che sostituisce il pennello e trasforma il gesto in traccia visibile.Boafo nasce nel 1984 ad Accra, Ghana, dove attualmente vive e lavora. Nel 2013 si trasferisce a Vienna, dove assieme all’artista e curatorə Sunanda Mesquita fonda WE DEY, un centro per mostre, workshop, e programmi comunitari per dare voce alle istanze di artisti neri e LGBTQ+.Confrontandosi con la marginalizzazione della comunità nera in Austria, Boafo decide di focalizzarsi sul ritratto di soggetti neri, largamente sottorappresentati nel panorama dell’arte contemporanea globale. I suoi autoritratti sono esplorazioni autobiografiche di sé stesso, espressioni di vulnerabilità e creatività che mettono in discussione le narrazioni tradizionali della mascolinità. Altre opere raffigurano uomini, donne e coppie, scelte tra persone amiche o stimate dall’artista. Queste opere trasmettono individualità e una presenza attiva: la maggior parte delle figure, infatti, incrocia lo sguardo dello spettatore, affermando così un forte senso di identità.Traendo ispirazione dall’atmosfera rinascimentale di Palazzo Grimani, Boafo sposta il suo sguardo sulla ricca tradizione ritrattistica veneziana. L'artista si relaziona direttamente con il contesto storico e con l’architettura unica del Palazzo in una serie di nuove opere create appositamente per questa mostra. Queste nuove opere di grande forza, che proseguono la sua caratteristica esplorazione dell’identità e dello stile, saranno installate al secondo piano del Palazzo, in un dialogo affascinante tra la rappresentazione contemporanea delle persone nere e l’eredità duratura dei capolavori dell’arte veneziana.Ufficio stampaGiovanni Sgrignuoli e. giovanni@gmspress.com / t. +39 328 9686390Media Relations, GagosianToby Kidd e. tkidd@gagosian.com / t. +44 7551 562067Laura Callendar e. lcallendar@gagosian.com / t. +44 7393 464636",,,,,,,,,
http://dati.beniculturali.it/mibact/eventi/resource/CulturalEvent/44772,Gabii: le origini,Mostra,"il la mostra Gabii: le origini, a cura di M. Almonte, M. Fabbri e F. Zabotti. Gabiidalle residenze d’élite alle necropoli; il percorso espositivo si focalizza sulle prime testimonianze di scrittura che resero  un centro Latium Vetus come il Museo nazionale romano - Terme di Diocleziano, il Museo nazionale etrusco di Villa Giulia - Villa Poniatowski e il Museo delle Civiltà - MUCIV,",,,,,,,,,http://media.beniculturali.it/mibac/files/boards/7fb8d04a1185a99c2ef392f693139836/Post_Gabii_Le%20Origini_resized.png
http://dati.beniculturali.it/mibact/eventi/resource/CulturalEvent/44878,Sinestesie dal Mondo,Altro,"Al Museo Nazionale degli Strumenti
Musicali un nuovo percorso museale&nbsp;inclusivo e accessibile dedicato alla musica dei cinque continentiCi sono molti
modi per ascoltare, suonare, toccare, raccontare e percepire la musica.È da questa
pluralità di esperienze che nasce Sinestesie dal Mondo, il nuovo
percorso inclusivo e accessibile aperto al pubblico il 30 gennaio 2026
presso il Museo Nazionale degli Strumenti Musicali, diretto da Sonia
Martone e afferente all’Istituto Pantheon e Castel Sant’Angelo –
Direzione Musei nazionali della città di Roma, guidato da Luca Mercuri.Il nuovo
allestimento propone un modo diverso di attraversare il museo: non solo
osservare gli strumenti, ma ascoltarli, percepirli, esplorarli attraverso
più sensi, riconoscendo che la musica può essere compresa e vissuta secondo
modalità differenti, personali, inclusive.Il progetto è il
risultato di un approccio interdisciplinare che mette in dialogo musica,
musicologia e organologia con arte, tecnologia e linguaggi multimediali,
dando forma a un insieme di installazioni immersive e interattive. Al centro di
questo dialogo è il concetto di sinestesia, intesa come possibilità di
attivare più canali percettivi – sonori, visivi, tattili – per potenziare
l’accessibilità dei contenuti museali e ampliare l’esperienza di visita.La sinestesia,
fenomeno sensoriale-percettivo in cui uno stimolo ne evoca un altro di natura
diversa, diventa qui uno strumento narrativo e conoscitivo: un modo per raccontare
strumenti, suoni e contesti culturali coinvolgendo pubblici con differenti
modalità percettive, riducendo barriere fisiche e cognitive e, allo stesso
tempo, stimolando la curiosità di chi si avvicina per la prima volta a un museo
musicale.Le nuove sale
al piano terra sono dedicate agli strumenti musicali dei cinque
continenti, con un’attenzione particolare all’Italia. Il percorso è
scandito da aree tematiche che offrono momenti di approfondimento
sonoro, tattile e visivo, e consentono di accedere a contenuti descrittivi e
accessibili anche in lingua dei segni, tramite QR code o attraverso il
sito web del Museo.Il progetto, curato
dalla Direttrice Sonia Martone, è stato realizzato grazie alla
collaborazione del Dipartimento di Lettere e Culture Moderne de La Sapienza
Università di Roma, del Dipartimento di Studi Orientali dell’Istituto
Giapponese di Cultura di Roma e della Faculty of Cultural Studies della
Kyoto Sangyō University. Un dialogo internazionale che trova espressione
anche nella sezione dedicata al water drumming, interpretato da
rappresentanti delle comunità Baka del Camerun, della Repubblica
Centrafricana e del Congo, che attraverso Global Music Exchange
hanno trasformato un gesto tradizionale in un potente messaggio performativo.Un contributo
fondamentale è venuto inoltre da professionisti esperti nei percorsi di
accessibilità e dai referenti della Commissione Cultura dell’Unione
Italiana dei Ciechi, che hanno collaborato alla realizzazione dei contenuti
tattili e sonori. L’AES – Accademia Europea Sordi e la Cooperativa
Sociale CREI hanno fornito un apporto prezioso per la sezione dedicata alla
lingua dei segni, insieme a partner di rilievo internazionale come il National
Theatre of the Deaf e la Gallaudet University, unica università al
mondo interamente dedicata alla formazione delle persone sorde.Il nuovo percorso
si innesta nella lunga storia del Museo Nazionale degli Strumenti Musicali,
inaugurato nel 1974 e sviluppatosi a partire dalla collezione acquistata dallo
Stato nel 1949 dal tenore Evan Gorga (1865–1957). Nel tempo, il
patrimonio si è arricchito grazie a trasferimenti da altri musei statali,
acquisti, donazioni e importanti comodati, consentendo di ripercorrere la
storia della musica dagli strumenti del mondo antico greco e romano fino alla
contemporaneità, dalle tradizioni popolari e colte a quelle religiose e
militari, fino alle culture musicali extraeuropee.Tra le
acquisizioni più recenti e simboliche figurano la bandura donata dal
Ministero della Cultura e delle Comunicazioni Strategiche dell’Ucraina, cinque
strumenti donati dall’Ambasciata del Giappone in Italia, il violino
wixarica donato dall’Ambasciata del Messico con la Fondazione Hermes Music,
il nay donato da docenti e studenti di Ca’ Foscari e la fisarmonica
donata dalle sorelle Pascucci.Al secondo piano,
dalla collezione di bassi elettrici di Pablo Echaurren nasce la sezione “There
Let Be Bass”, un gioco di parole che trasforma il celebre “Let there be
light” in un omaggio alla creatività e all’energia del basso elettrico,
strumento rivoluzionato negli anni Cinquanta da Leo Fender.Grazie alla
collaborazione con RAI Teche, la sezione dedicata all’Italia si
arricchisce di un filmato della regista Giulia Randazzo, realizzato con
materiali d’archivio degli anni Sessanta e Ottanta, che restituiscono un
patrimonio prezioso di testimonianze orali e musicali legate alla vita
quotidiana, al lavoro e alle feste tradizionali.Di particolare
suggestione è anche la sezione dedicata al mandolino, che conduce il
visitatore all’interno del laboratorio del liutaio: un’esperienza immersiva in
cui è possibile percepire suoni e vibrazioni, smontare e rimontare lo strumento
e ammirare alcuni dei circa cento esemplari conservati dal Museo.Infine, al piano
superiore, “Risonanze Cinema” inaugura un nuovo percorso trasversale che
esplora il dialogo tra musica, cinema e arti, reso possibile dalla
collaborazione con la Direzione Generale Cinema, la Direzione
Generale Spettacolo e il Centro Sperimentale di Cinematografia. La
prima installazione, Parlami d’amore Mariù, è dedicata al celebre film Gli
uomini, che mascalzoni… (1932) di Mario Camerini e al pianoforte a
cilindro conservato nelle collezioni del Museo.",,,,,,,,,http://media.beniculturali.it/mibac/files/boards/128ae52db40cae8510626c2ef301bafd/Museo%20Nazionale%20degli%20Strumenti%20Musicali/2026/Sinestesie%20dal%20Mondo/3_SdMondo.jpg
http://dati.beniculturali.it/mibact/eventi/resource/CulturalEvent/44932,Inaugurazione mostra “La Minerva di Arezzo. Una storia di comunità ritrovata” alla presenza del Ministro Giuli. Primo appuntamento del progetto nazionale “Semi di comunità – Piano Olivetti per la cultura”,Mostra,"Sabato 14 febbraio 2026 alle ore 12.00, al Museo Archeologico Nazionale “Gaio Cilnio Mecenate” di Arezzo, si è tenuta l’inaugurazione della mostra “La Minerva di Arezzo. Una storia di comunità ritrovata”, alla presenza del Ministro della Cultura Alessandro Giuli, del Sindaco di Arezzo Alessandro Ghinelli, del Capo Dipartimento per la Valorizzazione del Patrimonio culturale Alfonsina Russo, del Direttore generale Piano Olivetti per la cultura Stefano Lanna, della Direttrice regionale Musei nazionali della Toscana Carlotta Paola Brovadan e del Direttore del Museo Archeologico Nazionale di Firenze Daniele Federico Maras.L’evento segna il ritorno nella città di provenienza della celebre statua bronzea della Minerva, simbolo identitario di Arezzo, giunta in prestito dal Museo Archeologico Nazionale di Firenze.L’inaugurazione ha aperto ufficialmente un più ampio percorso di valorizzazione e partecipazione culturale promosso dal Ministero della Cultura, che trova nella mostra il primo appuntamento del progetto nazionale “Semi di comunità – Piano Olivetti per la cultura”.L’inaugurazione è stata accompagnata dalla performance teatrale itinerante “Minerva è qui. Quando una dea torna a casa”, che ha guidato il pubblico in un racconto simbolico del ritorno della statua nella sua città di provenienza.LA MOSTRA E IL PIANO OLIVETTILa mostra sarà aperta al pubblico dal 15 febbraio al 6 settembre 2026 e si inserisce in un programma nazionale dedicato al coinvolgimento attivo delle comunità nei processi di valorizzazione del patrimonio culturale. Prende il via, infatti, contestualmente il progetto “Semi di comunità – Piano Olivetti per la cultura”, fortemente voluto dal Ministero della Cultura – Dipartimento per la Valorizzazione del Patrimonio culturale – Istituto centrale per la valorizzazione economica e la promozione del patrimonio culturale, in collaborazione con il Museo Archeologico Nazionale di Firenze e il Museo Archeologico Nazionale di Arezzo.La mostra e il progetto si caratterizzano per un vasto e articolato programma di iniziative, che affianca l’esposizione con eventi, incontri, laboratori, seminari e processi culturali partecipati rivolti alle scuole, ai cittadini, alle associazioni del territorio e ai professionisti del settore. L’obiettivo è rafforzare il legame tra patrimonio, territorio e comunità, restituendo alla Minerva il suo ruolo di catalizzatore di identità, locale e italiana.Con Semi di comunità, il MiC consolida un impegno strategico, assunto dal Ministro Alessandro Giuli, volto a rafforzare il valore del patrimonio nazionale, promuovendo modelli innovativi di partecipazione, co-creazione e valorizzazione sostenibile e riaffermando, attraverso il Piano Olivetti, il ruolo della cultura come motore di sviluppo e coesione dei territori.Il progetto si inserisce nel solco di una collaborazione tra Arezzo e Firenze, già sperimentata con successo un anno fa in occasione dell’esposizione ad Arezzo di un altro grande bronzo etrusco, la Chimera di Arezzo, oggi nuovamente visibile presso il Museo Archeologico Nazionale di Firenze in una sala interamente rinnovata, frutto di un importante intervento di riallestimento e valorizzazione.Questo dialogo tra istituti del MiC, fondato sulla circolazione consapevole delle opere, sulla condivisione di competenze scientifiche e su una visione comune della valorizzazione, conferma il ruolo dei musei nazionali come presidi attivi e nodi di una rete territoriale, capaci di rafforzare il legame tra i luoghi di conservazione e i contesti in cui le opere sono inserite.In questo quadro, la mostra di Arezzo dedicata alla Minerva non si limita al prestito della celebre scultura, ma si accompagna a interventi di rinnovamento strutturale e museografico di alcune sale del Museo Archeologico Nazionale “Gaio Cilnio Mecenate”, finalizzati a migliorare la qualità degli spazi, l’accessibilità e l’esperienza di visita. L’esposizione diventa così occasione per un investimento duraturo sul museo e sul territorio, coerente con le linee strategiche del Ministero della Cultura in materia di valorizzazione integrata e sostenibile.LA STATUA IN BRONZOCuore della mostra è l’esposizione della Minerva di Arezzo, uno dei grandi bronzi dell’antichità, ritrovata nel sottosuolo di Arezzo nel 1541, durante lo scavo di un pozzo presso San Lorenzo. La statua fu subito donata al duca Cosimo I de’ Medici, che la mise nel suo studio privato a Firenze. E da allora rimase nella città, come parte delle collezioni archeologiche granducali, che dal 1871 sono confluite nel Museo Archeologico Nazionale di Firenze per essere offerte alla fruizione di tutti gli italiani.Nella nuova esposizione al Museo di Arezzo, la Minerva è collocata in uno degli ambienti più suggestivi della sezione romana del Museo, dove viene raccontata attraverso una narrazione aggiornata e immersiva che ne ripercorre la scoperta, la fortuna collezionistica fiorentina e la complessa storia conservativa.La scultura (h. 150,5 cm; spessore medio del bronzo 4,5 mm) raffigura una dea Atena/Minerva con chitone, himation, egida con testa di Medusa ed elmo corinzio. Gli studi più recenti la riconducono a un originale ellenistico, databile ai primi decenni del III secolo a.C. (300–270 a.C. circa), forse prodotto in ambito italico o magnogreco.IL RESTAURO DELLA MINERVAIl restauro condotto tra il 2000 e il 2008 ha restituito la flessuosità originaria della figura e ha messo in luce raffinate soluzioni tecniche, come l’uso del rame per le labbra e per i dettagli delle ciglia.Accanto alla statua antica, la mostra presenta una copia in bronzo realizzata dalla Fonderia Artistica Marinelli, che documenta l’aspetto dell’opera dopo i restauri settecenteschi di Francesco Carradori, insieme al braccio destro e al serpente dell’elmo realizzati dallo stesso Carradori e rimossi con l’ultimo intervento conservativo.IL PERCORSO ESPOSITIVOIl percorso espositivo consente di approfondire il contesto archeologico del ritrovamento, identificato nei resti della domus di San Lorenzo, una vasta e lussuosa residenza romana costruita tra la fine del I secolo a.C. e l’inizio del I secolo d.C., probabilmente appartenuta a un aristocratico aretino.Un nuovo allestimento valorizza i resti della domus – mosaici, pavimenti in opus sectile, decorazioni parietali, bronzetti, arredi e rilievi – permettendo di comprendere il significato della presenza della statua come elemento di prestigio e luxuria privata.La mostra amplia infine lo sguardo sulla Arezzo romana (Arretium), inserendo la domus in un contesto urbano caratterizzato da importanti infrastrutture ed edifici pubblici, come l’asse viario nord-sud, il complesso teatro-terme e un’area forense suggerita dal rinvenimento degli elogia Arretina.Museo Archeologico Nazionale “Gaio Cilnio Mecenate” di ArezzoORARI DI APERTURALunedì – Martedì – Mercoledì dalle 9.00 alle 14.00. Ultimo ingresso 13.00Giovedì – Venerdì – Sabato dalle 9.00 alle 19.30. Ultimo ingresso 18.30Domenica 15 febbraio il museo sarà straordinariamente aperto dalle 9.00 alle 19:30 (ultimo ingresso 18:30)Da marzo a maggio 2026 le prime domeniche del mese a ingresso gratuito ore&nbsp;9.00 – 19:30 (ultimo ingresso 18)Tutte le altre domeniche: 9.00 – 14.00. Ultimo ingresso 13.00",,,,,,,,,http://media.beniculturali.it/mibac/files/boards/1ede46002306283284d6cfccab580e47/Mostra%20Minerva%20Arezzo/Mostra%20Minerva%20Arezzo%202.jpg
http://dati.beniculturali.it/mibact/eventi/resource/CulturalEvent/44940,Domus Aurea Highlights 2026,Visita Guidata,"La Domus Aurea apre le sue porte ai visitatori il terzo giovedì di ogni mese per un ciclo di visite tematiche di approfondimento.I partecipanti saranno guidati alla scoperta di itinerari inediti che mostrano la reggia di Nerone sotto una luce diversa. APPUNTAMENTI IN PROGRAMMAIl ritratto di Nerone dalle fonti letterarie19 marzo, ore 16.00La figura di Nerone è stata ampiamente descritta dagli autori romani ponendo spesso l’accento sulle caratteristiche negative dell’ultimo imperatore della dinastia giulio-claudia. Il percorso didattico proposto sarà incentrato sull’intreccio tra la biografia di Nerone e la storia della sua Domus Aurea.Numero massimo di partecipanti: 23Durata: 1 ora e 30 minutiLe essenze arboree della Domus Aurea16 aprile, ore 16.00La Domus Aurea venne concepita non come semplice palazzo, ma come un’immensa regia in cui spazi verdi ed edifici erano strettamente connessi. Questa relazione tra giardino e padiglioni è stata interrotta da Traiano, ma è ricominciata, in maniera diversa, a seguito dellosmantellamento delle Terme traianee. Le piante saranno al centro di questo percorso didattico, scopriremo quali erano presenti in età neroniana e quali, invece, si possono trovare oggi.Numero massimo di partecipanti: 23Durata: 1 ora e 30 minutiLa Domus Aurea tra archeologia e restauro21 maggio, ore 16.00Questo percorso didattico, condotto a due voci, sarà incentrato sullo stato di conservazione del monumento con particolare attenzione agli interventi di messa in sicurezza, consolidamento e restauro. Verranno, inoltre, date tutte le informazioni archeologiche utili alla comprensione del sito mostrando come il lavoro di tutela e quello di valorizzazione procedono di pari passo.Numero massimo di partecipanti: 23Durata: 1 ora e 30 minutiLa luce in Domus Aurea19 novembre, ore 16.00La Domus Aurea è nota per le preziose decorazioni che venivano sottolineate dalla luce del Sole. Gli architetti Severo e Celere, definiti dalle fonti magistri et machinatores, hanno sapientemente studiato il ruolo della luce per poterla usare come ulteriore elemento decorativo. Il percorso proposto ha come scopo quello di mostrare come la luce ha impreziosito un monumento che da secoli è immerso nel buio.Numero massimo di partecipanti: 23Durata: 1 ora e 30 minutiGiochi antichi in Domus Aurea17 dicembre, ore 16.00L’incontro prevede una visita al monumento, incentrata soprattutto sui temi dello svago e dell’intrattenimento, a cui seguirà una breve introduzione ai giochi antichi. I partecipanti potranno, inoltre, provare alcuni giochi e calarsi nello spirito ludico dell’antica Roma.Numero massimo di partecipanti: 23Durata: 1 ora e 30 minuti",,,,,,,,,http://media.beniculturali.it/mibac/files/boards/fbf9facf549199d548ef6fc38c4d0191/DA-highlights.png
http://dati.beniculturali.it/mibact/eventi/resource/CulturalEvent/44951,Crypta Balbi Il Chiostro Rinascimentale,Convegno/conferenza,"﻿Inaugura il 18 febbraio il ciclo di conferenze “Il Museo si trasforma“, a cura di Federica Rinaldi e Saveria Petillo, e dedicato alla presentazione dei cantieri del grande progetto ""URBS, dalla città alla campagna romana"". La prima delle conferenze del ciclo sarà ospitato nella chiesa di Santa Caterina de’ Funari, in collaborazione con la Rettoria di S. Caterina de’ Funari e l’Istituto Romano di S. Michele. Alla conferenza Crypta Balbi – Il chiostro rinascimentale intervengono: l'Arch. Saveria Petillo, l'Arch. Mauro Marzullo e lo Studio Jurina e Radaelli. Tutte le conferenze inizieranno alle ore 17.00 con prenotazione su Eventbrite.  Il ciclo di conferenze prosegue con il seguente calendario: nella sede di Santa Caterina dei Funari, il 18 marzo Crypta Balbi • Nuovi dati dallo scavo archeologico e prospettive di valorizzazione; il 15 aprile Crypta Balbi • Il nuovo Museo. Una sfida tra tutela, conservazione e valorizzazione; il 20 maggio Crypta Balbi • Gli spazi di condivisione. Archivi e biblioteche (Parte I); il 17 giugno Crypta Balbi • Gli spazi di condivisione. Laboratori e centro studi (Parte II). Nella Sede di Terme di Diocleziano, in Viale Enrico de Nicola, 78, il 16 settembre Terme di Diocleziano • Roma prima di Roma: il nuovo Museo; il 21 ottobre Terme di Diocleziano • Le aule: restauri e allestimenti in corso; il 18 novembre Terme di Diocleziano • Il nuovo ingresso e i nuovi percorsi di fruizione; nella sede di Palazzo Altemps, in Via di Sant’Apollinare, il 16 dicembre Palazzo Altemps • La Sala del Gioiello e la riqualificazione degli ambienti di accesso al Museo. In allegato e a questo link il programma completo",,,,,,,,,http://media.beniculturali.it/mibac/files/boards/0a5e431c2a2415fde7651ad452bb985c/Pubblico%20a%20Santa%20Caterina%20de'%20Funari%20per%20la%20prima%20delle%20conferenze%20Il%20Museo%20si%20trasforma.jpg
http://dati.beniculturali.it/mibact/eventi/resource/CulturalEvent/44962,Domenica 5 gennaio 2025_Copia_Copia_Copia_Copia_Copia_Copia_Copia_Copia_Copia_Copia_Copia_Copia_Copia_Copia,Mostra,"Roma, Casale di Santa Maria Nova, Parco Archeologico dell’Appia Antica27 febbraio 2026 – 31 maggio 2026Dal 27 febbraio al 31 maggio 2026 (prorogata al 6 settembre 2026), il Casale di Santa Maria Nova ospita la mostra fotografica I paesaggi dell’Appia tra Melfi e Venosa, promossa dai Musei e parchi archeologici di Melfi e Venosa e dal Parco Archeologico dell’Appia Antica e curata da Tommaso Serafini, Simone Quilici, Erminia Lapadula e Daniele Biffino.L’esposizione, realizzata in collaborazione con il Circolo fotografico “Controluce” di Statte (affiliato FIAF-ETS) e l’Archeoclub di Melfi e con il patrocinio dei Comuni di Melfi e di Statte, propone un racconto per immagini del tratto dell’antica via che attraversa il nord della Basilicata, tra Melfi e Venosa, passando per Rapolla.Obiettivo della collaborazione è portare all’attenzione del grande pubblico un patrimonio meno noto del segmento meridionale dell’Appia: luoghi al di fuori dei circuiti più frequentati ma ricchi di testimonianze storiche, emergenze archeologiche e paesaggi di straordinaria suggestione, ciascuno custode di una propria e significativa identità.Attraverso 38 scatti in bianco e nero il percorso espositivo si articola in quattro nuclei tematici, con un racconto visivo che si snoda tra antichi basoli, colline e campi, masserie ed edifici ottocenteschi fino alle torri eoliche contemporanee, restituendo un territorio insieme antico e attuale, da sempre crocevia di genti e culture.INFORMAZIONI PER LA VISITAINDIRIZZOIngresso da via Appia Antica 251 oppure da via Appia Nuova 1092 attraversando l’area archeologica.ORARInovembre / febbraio: 9:00 – 16:30 (ultimo ingresso alle 15:30)marzo: 9:00 – 18:30 (ultimo ingresso alle 17:30)aprile / settembre: 9:00 – 19:15 (ultimo ingresso alle 18:15)chiuso il lunedìBIGLIETTILa mostra è inclusa nel biglietto ordinario 4 siti (8€), nel biglietto cumulativo settimanale (12€) e con la Mia Appia Card (25€). Per le scuole e i minori di 18 anni: ingresso gratuito.*Il biglietto può essere acquistato:online sul sito Musei Italianida telefono con la app Musei Italiani disponibile su Google Play e su App Storeil giorno stesso dai totem posizionati all’ingresso del sito, esclusivamente con carta di pagamento elettronico*Riduzione e gratuità secondo normativa.",,,,,,,,,http://media.beniculturali.it/mibac/files/boards/a710d26a015e72af830ddcc7bae5d306/2026/I%20paesaggi%20dell’Appia.jpeg
http://dati.beniculturali.it/mibact/eventi/resource/CulturalEvent/45061,"Visite guidate gratuite, laboratori per le scuole e attività per tutti alla mostra “La Minerva di Arezzo. Semi di una comunità ritrovata”",Altro,"Dal 19 febbraio fino al 5 settembre un articolato programma di attività&nbsp; gratuite comprese nel biglietto d’ingresso rivolte a cittadini, scuole e visitatori accompagna la mostra “La Minerva di Arezzo. Semi di una comunità ritrovata “, &nbsp;visite guidate,&nbsp; passeggiate emotive, visite inclusive con interprete LIS,&nbsp; un laboratorio di podcast e iniziative dedicate alla scuola primaria.Dopo secoli di avvenimenti, spostamenti e restauri, la Minerva di Arezzo ritorna nella città che l’ha accolta in una delle sue più prestigiose domus. Non è solo un ritorno fisico, ma simbolico: la dea di bronzo si rivolge alla sua comunità, per renderla partecipe della sua storia e darle continuità nel tempo, con la sua meravigliosa bellezza densa di messaggi.la mostra è l’occasione straordinaria per incontrare un capolavoro che ha attraversato millenni, testimone della grandezza di&nbsp;Arretium&nbsp;e del gusto raffinato dei suoi cittadini. Osservare la Minerva oggi significa non solo ammirare la perfezione tecnica e la bellezza eterna della scultura, ma anche allacciare un legame profondo con la città e con la sua memoria.La Minerva di Arezzo non è&nbsp; solo una statua: è un ponte tra passato e presente, un’opera che racconta le trasformazioni di una città, le passioni collezionistiche di epoche diverse e il valore eterno dell’arte.Questa mostra celebra la grande vicenda di un capolavoro antico e invita il pubblico a scoprirne i tanti passaggi, dal tempo della sua fusione al complesso viaggio che l’ha portata fino a noi.Calendario attivitàVisite guidate per tutti e tutte, ore 15.00–18.00fino esaurimento posti | prenotazione consigliata a drm-tos.archeoar@cultura.gov.itFEBBRAIOGiovedì 19 e 26MARZOVenerdì 13 e 27APRILEGiovedì 16 e 23MAGGIODomenica 3Venerdì 22GIUGNOVenerdì 12 e 19LUGLIOVenerdì 3Giovedì 16AGOSTOVenerdì 28 e Sabato 29SETTEMBREVenerdì 4 e Sabato 5Laboratorio podcast, ore 16.00MARZOGiovedì 12APRILEGiovedì 9MAGGIOGiovedì 7GIUGNOGiovedì 11LUGLIOGiovedì 2Passeggiata emotiva, ore 10.00–13.00(10 maggio ore 9.00–13.00)MARZOSabato 21APRILESabato 11MAGGIODomenica 10GIUGNOSabato 6LUGLIOSabato 25AGOSTODomenica 9Visite con la Direttrice e interprete LISMARZO – ore 10.00–13.00Sabato 14APRILE – ore 16.00–19.00Venerdì 17MAGGIO – ore 10.00–13.00Sabato 16Laboratorio di autocostruzione, ore 10.00–16.00GIUGNOGiovedì 18 e 25__________________________________________________________________________________Laboratorio per le scuole primarie, ore 10.00–13.00FEBBRAIOGiovedì 19 e 26MARZOGiovedì 5, 12, 19 e 26Lunedì 9, 16 e 30APRILEGiovedì 9, 16, 23 e 30Martedì 14Mercoledì 22Lunedì 27MAGGIOGiovedì 7, 14, 21 e 28Lunedì 11 e 18Venerdì 29GIUGNOGiovedì 4",,,,,,,,,http://media.beniculturali.it/mibac/files/boards/1ede46002306283284d6cfccab580e47/Mostra%20Minerva%20Arezzo/Mostra%20Minerva%20Arezzo%202.jpg
http://dati.beniculturali.it/mibact/eventi/resource/CulturalEvent/45510,"TiPortoalPArCo! Con Tetrabondi, Sod Italia e Radici 7 domeniche di visite guidate inclusive gratuite in joëlette",Visita Guidata,"Il Parco archeologico del Colosseo, in collaborazione con Tetrabondi ETS, Fondazione Carol (già Sod Italia APS) e Radici APS, torna con l’edizione 2026 di un progetto unico e invita a partecipare a una delle 7 visite guidate inclusive gratuite dell’area archeologica del Foro Romano e del Palatino per le persone a mobilità ridotta, grazie all’utilizzo di apposite carrozzine fuoristrada, le joëlette.“Ti Porto al PArCo” è una delle delle numerose iniziative del PArCo volte a rendere l’area archeologica inclusiva al grado massimo consentito dalla natura stessa dei luoghi, caratterizzati da strutture antiche e dislivelli non sempre superabili nonostante la presenza di numerose rampe, ascensori ed elevatori, ma che saranno accessibili grazie ad alfieri esperti e alle joëlette. Attraverseremo insieme secoli di storia, ma soprattutto vivremo un’esperienza di condivisione e inclusione!Le joëlette, disponibili per adulti e per bambini, accompagnate dagli alfieri di Sod Italia APS e Tetrabondi ETS, con le guide specializzate in accessibilità di Radici APS, saranno prenotabili gratuitamente per sette domeniche, a partire dal 29 marzo 2026. PROGRAMMADOMENICA 29 MARZO 2026DOMENICA 19 APRILE 2026DOMENICA 10 MAGGIO 2026DOMENICA 14 GIUGNO 2026DOMENICA 27 SETTEMBRE 2026DOMENICA 25 OTTOBRE 2026DOMENICA 22 NOVEMBRE 2026La visita gratuita è prenotabile quiPrenota – Fondazione Tetrabondi",,,,,,,,,
http://dati.beniculturali.it/mibact/eventi/resource/CulturalEvent/45653,I lunedì al Boncompagni,Apertura Straordinaria,Dal 30 marzo al 12 ottobre 2026 la Casa Museo Boncompagni Ludovisi sarà aperta straordinariamente al pubblico il lunedì pomeriggio dalle ore 14.00 alle ore 19.30 (ultimo ingresso e biglietto ore 18.30) secondo il seguente calendario:Lunedì 30 marzoLunedì 20 aprileLunedì 04 maggioLunedì 8 giugnoLunedì 15 giugnoLunedì 22 giugnoLunedì 6 luglioLunedì 3 agostoLunedì 31 agosto Lunedì 12 ottobreI biglietti saranno acquistabili on line su www.museiitaliani.it o tramite l'app Musei Italiani oppure presso il totem automatico in sede.,,,,,,,,,
http://dati.beniculturali.it/mibact/eventi/resource/CulturalEvent/45654,I lunedì all'Andersen,Apertura Straordinaria,Dal 13 aprile al 7 dicembre 2026 la Casa Museo Hendrik Christian Andersen sarà aperta straordinariamente al pubblico il lunedì pomeriggio dalle ore 14.00 alle ore 19.30 (ultimo ingresso e biglietto ore 18.45) secondo il seguente calendario:Lunedì 13 aprileLunedì 18 maggioLunedì 25 maggioLunedì 13 luglioLunedì 7 settembreLunedì 21 settembreLunedì 19 ottobre&nbsp;Lunedì 16 novembreLunedì 23 novembreLunedì 7 dicembreI biglietti saranno acquistabili on line su www.museiitaliani.it o tramite l'app Musei Italiani oppure presso il totem automatico in sede.,,,,,,,,,
http://dati.beniculturali.it/mibact/eventi/resource/CulturalEvent/45720,Una Sfinge l’attrae. Massimiliano d’Asburgo e le collezioni egizie tra Trieste e Vienna,Mostra,"﻿Una sfinge l’attrae.&nbsp;Massimiliano d’Asburgo e le
collezioni egizie tra Trieste e Vienna.

Dal 2 aprile al
1° novembre 2026 le Scuderie del Castello di Miramare ospitano una grande
mostra dedicata alla passione per l’Antico Egitto dell’arciduca Massimiliano
d’Asburgo.

In esposizione
oltre cento reperti che raccontano la nascita e la storia della sua collezione
di antichità egizie, tra sogno personale e visione moderna del museo come
patrimonio a beneficio della collettività.

&nbsp;

Grazie alla
prestigiosa collaborazione con il Kunsthistorisches Museum di Vienna, una parte
significativa della raccolta, trasferita a Vienna nel XIX secolo, torna
eccezionalmente a Trieste, con un allestimento altamente scenografico ed
evocativo. 

Il percorso
espositivo include anche importanti prestiti del Civico Museo d’Antichità J. J.
Winckelmann e approfondisce il contesto culturale dell’Ottocento triestino,
quando il fascino per l’Antico Egitto animava viaggi, commerci e collezionismo.

&nbsp;

La mostra ricostruisce le tappe
della collezione di Massimiliano: dagli acquisti iniziali alle missioni
diplomatiche, dal progetto (mai realizzato) di un museo a Miramare al viaggio
avventuroso dei reperti tra Trieste, Messico e Vienna.

Un percorso narrativo che
ripercorre anche la storia del collezionismo e dell’approccio allo studio delle
antichità: da oggetti di prestigio destinati all’uso e al godimento personale,
a beni culturali riconosciuti come patrimonio condiviso, finalizzati alla
conoscenza, alla tutela e alla fruizione collettiva.

Curatori

Massimo Osanna, Christian Greco,
Cäcilia Bischoff, Michaela Hüttner

&nbsp;

Mostra di

Museo storico e Parco del Castello
di Miramare

&nbsp;

Co-organizzata con

Kunsthistorisches Museum di Vienna

&nbsp;

Con il contributo scientifico
di

Museo Egizio di Torino

&nbsp;

In collaborazione con

Comune di Trieste

PromoTurismoFVG

&nbsp;

Realizzata con

CoopCulture

MondoMostre

&nbsp;

Un viaggio tra archeologia e
storia del collezionismo che restituisce al pubblico la visione cosmopolita di
Massimiliano e il legame profondo tra Trieste e l’Europa asburgica.

Il progetto scientifico della
mostra ricostruisce la storia della collezione egizia di Massimiliano
d’Asburgo in relazione al suo contesto, alle scelte e agli interessi del
collezionista, offrendo lo spunto per raccontare il profondo cambiamento
intervenuto nell’approccio al bene culturale: da oggetto di godimento estetico
e di collezionismo riservato a una ristretta élite a testimonianza storica di
interesse pubblico, destinata allo studio, alla conservazione e alla fruizione
collettiva.

Grazie alla collaborazione con il
Kunsthistorisches Museum di Vienna e al contributo scientifico del Museo Egizio
di Torino, il percorso propone inoltre una rilettura critica della collezione
come prodotto storico, mettendo in dialogo storia del collezionismo, ricerca
archeologica ed evoluzione delle pratiche museali.

Scopri le ATTIVITÀ&nbsp;EDUCATIVE alla Mostra sul sito di&nbsp;CoopCulture.Scopri gli eventiqui",,,,,,,,,http://media.beniculturali.it/mibac/files/boards/4255e04bb605090477057838f0c92771/Foto%20Panoramica%20Miramare.jpg
http://dati.beniculturali.it/mibact/eventi/resource/CulturalEvent/45726,"Nuovi orari di apertura Museo nazionale "" Memoriale Giuseppe Garibaldi""",Altro,Si comunica che fino a tutto il 24 ottobre 2026 il Memoriale Garibaldi sarà aperto solo nel turno pomeridiano dalle ore 13.45 alle 19.15.,,,,,,,,,http://media.beniculturali.it/mibac/files/boards/c552bec33a06a9a6865c0806c8363236/Memoriale%20Giuseppe%20Garibaldi%20-%20esterno.JPG
http://dati.beniculturali.it/mibact/eventi/resource/CulturalEvent/46118,"TiPortoalPArCo! Con Tetrabondi, Sod Italia e Radici 7 domeniche di visite guidate inclusive gratuite in joëlette.",Altro,"Il Parco archeologico del Colosseo, in collaborazione con&nbsp;Tetrabondi ETS, Fondazione Carol (già&nbsp;Sod Italia APS) e&nbsp;Radici APS, torna con l’edizione 2026 di un progetto unico e invita a partecipare a una delle&nbsp;7 visite guidate inclusive gratuite dell’area archeologica del Foro Romano e del Palatino&nbsp;per le persone a mobilità ridotta, grazie all’utilizzo di apposite carrozzine fuoristrada, le&nbsp;joëlette.“Ti Porto al PArCo” è una delle delle numerose iniziative del PArCo volte a rendere l’area archeologica inclusiva al grado massimo consentito dalla natura stessa dei luoghi, caratterizzati da strutture antiche e dislivelli non sempre superabili nonostante la presenza di numerose rampe, ascensori ed elevatori, ma che saranno accessibili grazie ad alfieri esperti e alle joëlette. Attraverseremo insieme secoli di storia, ma soprattutto vivremo un’esperienza di condivisione e inclusione!Le joëlette, disponibili per adulti e per bambini, accompagnate dagli alfieri di Sod Italia APS e Tetrabondi ETS, con le guide specializzate in accessibilità di Radici APS,&nbsp;saranno prenotabili gratuitamente per sette domeniche, a partire dal 29 marzo 2026.&nbsp;PROGRAMMADOMENICA 29 MARZO 2026DOMENICA 19 APRILE 2026DOMENICA 10 MAGGIO 2026DOMENICA 14 GIUGNO 2026DOMENICA 27 SETTEMBRE 2026DOMENICA 25 OTTOBRE 2026DOMENICA 22 NOVEMBRE 2026La visita gratuita è prenotabile qui",,,,,,,,,
http://dati.beniculturali.it/mibact/eventi/resource/CulturalEvent/46213,LA BANDA AL... MUSEO 2026,Concerto,"Tornano anche quest’anno, ogni prima domenica del mese, gli appuntamenti musicali con la Banda Musicale della Marina Militare presso il Museo Nazionale Etrusco di Villa Giulia. Cinque concerti tematici ideati
 con l’obiettivo di valorizzare l’eccellenza italiana nelle sue varie 
espressioni e, in particolar modo, una delle più importanti realtà 
museali italiane, il Museo Nazionale Etrusco di Villa Giulia, in una 
sinergia pluriennale sviluppatasi tra il Ministero della Cultura e 
la Marina Militare Italiana.

PROGRAMMA 2026

Domenica 3 maggio, ore 11.30La Banda al Cinema - Colonne sonore da film

Domenica 5 luglio, ore 17.30La Banda all'opera - Arie e sinfonie

Domenica 6 settembre, ore 11.30La Banda in musical - Suoni e Colori di Broadway

Domenica 4 ottobre, ore 11.30La Band in Original - Musica originale per banda

Domenica 1 novembre, ore 11.30La Banda in ""Tricolore"" - Amarcord italiano",,,,,,,,,http://media.beniculturali.it/mibac/files/boards/60ebf64f6a916e10f02923fcf8499dab/2026/Banda%20Marina.jpg
http://dati.beniculturali.it/mibact/eventi/resource/CulturalEvent/46313,Pasqua 2024_Copia_Copia_Copia_Copia_Copia_Copia_Copia_Copia_Copia_Copia_Copia_Copia_Copia_Copia_Copia_Copia,Convegno/conferenza,"﻿﻿﻿Ritornano gli incontri di archeologia e storia - attività 2026 NEL SEGNO DI CLIO, a cura della Direzione regionale Musei nazionali Veneto, in collaborazione con il Gr.A.V.O. e l’Associazione “Fondazione Antonio Colluto”:Sabato 9 Maggio | ore 17:00 Museo Nazionale ConcordieseRACCONTARE L’ARCHEOLOGIA NELLA DESTRA TAGLIAMENTO. ESPERIENZE MUSEALI A CONFRONTO, con Federico Bonfanti, direttore MNC; Andrea Giunto, conservatore Museo Archeologico del Friuli Occidentale di Pordenone; Giovanni Tasca, conservatore Museo Civico di San Vito al TagliamentoIngresso liberoSabato 16 Maggio | ore 17:00 Museo Nazionale ConcordiesePIAZZA SAN MARCO PRIMA DI VENEZIA: ARCHEOLOGIA E TRASFORMAZIONI DI UN LUOGO SIMBOLO, con Sara Bini, funzionaria archeologa SABAP per la Città Metropolitana di VeneziaIngresso liberoSabato 23 Maggio | ore 20:00 Museo Nazionale ConcordieseIn occasione della Notte Europea dei Musei, TECHNE. LAVORO ARTE CIVILTÀ TRA GUERRA E PACE. Classici Contro 2026, in collaborazione con l’Università Ca’ Foscari di Venezia e il Liceo XXV Aprile di PortogruaroApertura straordinaria serale al costo simbolico di 1 euroSabato 30 Maggio | ore 17:00 Museo Nazionale ConcordieseSTORIA E ARCHEOLOGIA DEL GUSTO, con Martina Tapinassi, storica e divulgatriceIngresso liberoCon il contributo dell’Associazione Il Palo ETS ODV di Concordia Sagittaria:Domenica 27 Settembre | ore 16:30 Area archeologica di Piazza Costantini, 6 Concordia SagittariaVivere e morire nell’antica Concordia. Nuovi rinvenimenti dal complesso paleocristiano, con Federico Bonfanti, direttore MNC; Maria Letizia Pulcini, direttrice MAN di Fratta Polesine La partecipazione e l’accesso saranno consentiti fino al raggiungimento della capienza massima consentita.Per info:Museo nazionale concordiese di Portogruaro: tel. 0421 72674 – e-mail: drm-ven.museoportogruaro@cultura.gov.itGr.A.V.O. e Associazione Fondazione CollutoCell. 346 5200641 – info@gravocolluto.it – www.gravocolluto.it",,,,,,,,,http://media.beniculturali.it/mibac/files/boards/3866906f1017fc6aa15df7f749c01fec/2026_PORTOGRUARO/Portogruaro_Nel%20Segno%20di%20Clio%202026.jpg
http://dati.beniculturali.it/mibact/eventi/resource/CulturalEvent/46314,"We LOVE Lis, al Museo Archeologico Nazionale di Caorle_Copia_Copia_Copia_Copia_Copia_Copia_Copia_Copia_Copia_Copia_Copia_Copia_Copia_Copia_Copia_Copia_Copia_Copia_Copia_Copia_Copia_Copia_Copia_Copia_Copia_Copia",Mostra,"Com’è profondo il marEsposizione d’arte contemporanea a
cura di Boris BrolloOpere di Luca Buvoli, Simonetta Moro,
Simon Ostan Simone e Aga Ousseinov16 maggio 2025 – 27 settembre 2026Frattanto i pesci
Dai quali discendiamo tutti
Assistettero curiosi
Al dramma collettivo di questo mondo
Che a loro indubbiamente doveva sembrar cattivo
E cominciarono a pensare
Nel loro grande mare
Com'è profondo il mare(Lucio Dalla, Com’è
profondo il mare, 1977)&nbsp;&nbsp;Gli scienziati a volte scherzano sul fatto che le profondità
degli oceani sono meno studiate del lato nascosto della luna. Si tratta di
un’affermazione del tutto corretta: ad oggi, secondo varie fonti, anche se gli
oceani costituiscono il 71% della superficie terrestre, solo il 5% circa
dell’oceano è stato esplorato (fonte: UNESCO Ocean Literacy)&nbsp;Nelle parole del poeta e dello
scienziato il mare evoca spazi inesplorati e misteriosi: il non-conosciuto, il
sommerso, l’emergente sono alcuni degli spunti che costituiscono il tema
centrale di questa mostra, organizzata dalla Direzione regionale Musei
nazionali Veneto e ospitata al Museo nazionale di archeologia del mare di
Caorle (VE), con la curatela di Boris Brollo. Quattro artisti contemporanei – Luca Buvoli, Simonetta Moro, Simon Ostan
Simone e Aga Ousseinov –
stabiliscono un dialogo tra le loro opere e i reperti presenti nella collezione
del museo. Questi vengono utilizzati come punti di partenza per nuove
narrazioni che coinvolgono la vita e la storia degli oggetti ritrovati nel
mare, e del mare stesso come veicolo di vita e di morte, crescita e
decadimento, luogo di memoria psichica e crocevia di eventi storici.&nbsp;L’allestimento, distribuito nelle
varie sale del museo, consiste di una serie di “interventi”, ovvero opere
concepite appositamente per alcune aree del museo e in risposta a particolari manufatti
e documenti. Ogni artista si avvale di varie tecniche – dalla pittura, al
disegno, alla scultura e al video – nel creare un suo proprio immaginario
legato al mare e al metodo archeologico, da intendersi come strumento di
ricerca e di introspezione, di pensiero critico e di avvertenza.&nbsp;Il concetto di archeologia applicato
agli oceani, per gli artisti contemporanei, assume un significato che va oltre
lo studio del passato; non è tanto il recupero di ciò che del passato (sia
recente che remoto) si trova nei fondali ad essere l’oggetto della loro
attenzione, quanto il rischio di estinzione che corre l’ecosistema marino oggi,
destinato a diventare archeologia del futuro. Dunque l’archeologia, si potrebbe
dire con le parole del filosofo Giorgio Agamben, intesa come possibilità di ciò
che è già reale, e come monito per il presente che indica il futuro.&nbsp;Inaugurazione sabato 16 maggio ore
18:00 – ingresso gratuito su invitoLa mostra rimarrà aperta al pubblico fino al 27 settembre 2026 e
sarà compresa nel biglietto d’ingresso al museo.&nbsp;Informazioni e prenotazioni:Museo nazionale di archeologia del mare
– Via Strada Nuova 80 – 30021 Caorle (VE)&nbsp;Tel. 0421.83149 - 3791805649mail: drm-ven.museocaorle@cultura.gov.itweb: museiveneto.cultura.gov.it –
museocaorle.cultura.gov.itAperto lunedì e martedì dalle 9:00
alle 13:00 - venerdì e domenica dalle 10:00 alle 18:00Per verificare altre aperture festive
infrasettimanali consultare le pagine social:https://www.facebook.com/museomarecaorlehttps://www.instagram.com/museoarcheologicodelmare

























&nbsp;",,,,,,,,,http://media.beniculturali.it/mibac/files/boards/3866906f1017fc6aa15df7f749c01fec/2026_Caorle/Caorle_Mostra_Com'è_profondo_il_mar.jpg
http://dati.beniculturali.it/mibact/eventi/resource/CulturalEvent/46380,Giovanni Agostino da Lodi. Un pittore itinerante tra Leonardo e Giorgione,Mostra,"Giovanni Agostino da Lodi. Un pittore itinerante tra Leonardo e GiorgioneDal 26 maggio al 13 settembre 2026 Pinacoteca di BreraPer la prima volta, una mostra ripercorre la carriera di uno degli artisti più originali attivi in Italia nei decenni a cavallo del 1500.L’esposizione restituisce la complessità di questo autore attraverso 46 opere autografe e di autori quali Bramantino, Alvise Vivarini, Giovanni Bellini, Giorgione, Dürer, conservate a Brera e provenienti da musei tra cui il Musée du Louvre a Parigi, le Gallerie dell’Accademia a Venezia, il Kunsthistorisches Museum a Vienna, la Galleria Borghese a Roma, il Museo del Prado a Madrid, la National Gallery a Londra.A cura di Maria Cristina Passoni&nbsp;e Cristina QuattriniComitato scientifico: Alessandro Ballarin, Francesco Frangi, Mauro Natale, Maria Cristina Pa&nbsp;ssoni, Cristina Quattrini, Edoardo Rossetti R.S.V.P. CLICCA QUI +&nbsp;",,,,,,,,,http://media.beniculturali.it/mibac/files/boards/3cfa6f12c9080229429e334d85240788/Pinacoteca_di_Brera_Napoleone_come_Marte_Pacificatore_di_Anotnio_Canova.jpg
http://dati.beniculturali.it/mibact/eventi/resource/CulturalEvent/46382,Fondazione Bvlgari promuove la Mostra di Lara Favaretto e Monia Ben Hamouda alla Biblioteca Nazionale Marciana per Biennale Arte 2026,Mostra,"Dal 9 maggio al 22 novembre 2026 la Biblioteca Nazionale Marciana ospita nella storica e prestigiosa sede delle Sale Monumentali la Mostra di Lara Favaretto e Monia Ben Hamouda, promossa da Fondazione Bvlgari quale Evento Collaterale della 61ª Esposizione Internazionale d’Arte – La Biennale di Venezia. Il progetto espositivo riunisce due interventi site-specific: Momentary Monument – The Library di Lara Favaretto e Fragments of Fire Worship di Monia Ben Hamouda.Ad aprire il percorso espositivo è Fragments of Fire Worship di Monia Ben Hamouda, un’installazione composta da due sculture al neon collocate nel Vestibolo. Figlia di un calligrafo islamico, l’artista trasforma la propria eredità culturale in un alfabeto impossibile, in cui la luce non chiarisce ma trattiene. Il neon evoca il fuoco come forza ambivalente di rivelazione e distruzione, introducendo una visione della conoscenza come materia instabile, sottoposta a continue metamorfosi. Attraverso un esercizio di disobbedienza formale, l’opera mette in crisi l’idea di linguaggio come strumento di trasmissione univoca del sapere.Nel Salone Sansoviniano, Lara Favaretto presenta la settima e ultima edizione di Momentary Monument – The Library. Il progetto prende forma attraverso un dialogo con biblioteche di atenei e istituti nazionali, accademie e collezioni private, che hanno contribuito con donazioni di volumi successivamente sottoposti a un lavoro di ricognizione e selezione: un approfondimento volto a restituire la pluralità delle pratiche della conoscenza e la loro consistenza documentale. Questa selezione viene mostrata in una scaffalatura monolitica, concepita come dispositivo espositivo invitando il pubblico alla consultazione. Il progetto confluirà in una pubblicazione d’artista.È un vero onore per Bvlgari iniziare questo per corso curatoriale con la prima mostra ufficialmente promossa da Fondazione Bvlgari, in un luogo che si erge a simbolo universale della memoria e della trasmissione del sapere. La Biblioteca Nazionale Marciana rappresenta la cornice ideale per accogliere due artiste rappresentative dell’arte contemporanea italiana, Lara Favaretto e Monia Ben Hamouda, che interrogano il linguaggio, la conoscenza e la loro continua trasformazione. Attraverso questo progetto espositivo, e nel contesto prestigioso della 61ª Esposizione Internazionale d’Arte della Biennale di Venezia, la Fondazione Bvlgari riafferma il proprio impegno nel promuovere la ricerca contemporanea e il dialogo tra culture, costruendo un valore duraturo orientato al futuro attraverso il sostegno alle nuove generazioni artistiche: così dichiara Jean-Christophe Babin, Presidente di Fondazione Bvlgari.Nata all’inizio del 2024, Fondazione Bvlgari rafforza un impegno culturale e filantropico profondamente radicato nell’identità della Maison e sviluppato attraverso un’importante serie di iniziative che si rivolgono alla preservazione del patrimonio storico-artistico così come al sostegno dell’arte contemporanea. In questo ambito si inseriscono la partnership in corso con la Biennale del Whitney e la collaborazione con il Museo MAXXI di Roma per il MAXXI Bvlgari Prize, premio biennale dedicato ai giovani artisti attivi in Italia. Lara Favaretto è stata insignita del Premio per la Giovane Arte Italiana 2004-2005: un’opera per il MAXXI come partecipante del Padiglione Venezia alla 51ª Esposizione Internazionale d’Arte della Biennale di Venezia nel 2005, a cui è seguita la partecipazione anche alla Biennale Arte 2009 e 2019. Monia Ben Hamouda è stata invece vincitrice della IV edizione del MAXXI Bvlgari Prize nel 2025.L’intervento di Fondazione Bvlgari alla Biblioteca Nazionale Marciana si colloca nel contesto più ampio della presenza della Maison Bvlgari come Partner Esclusivo dell’Esposizione Internazionale d’Arte della Biennale di Venezia per le prossime tre edizioni fino al 2030 e che, in occasione della 61ª edizione, vedrà nel suo padiglione nello Spazio Esedra dei Giardini, un intervento dell’artista canadese Lotus L. Kang.Fondazione BvlgariFondata nel 2024 per estendere e rafforzare l’impegno culturale, filantropico e sociale della Maison romana, la Fondazione Bvlgari si impegna a creare un valore duraturo nei settori dell’Arte e del Mecenatismo, dell’Educazione, della Filantropia e della Trasmissione del Savoir-Faire. Motivata da un forte senso di responsabilità verso la comunità e da un approccio basato sul “restituire”, la Fondazione collabora con le principali organizzazioni internazionali, sviluppando partnership a lungo termine per valorizzare le future generazioni, stimolare la creatività e le diverse forme d’arte, pro muovere la tutela del patrimonio culturale, sostenere le comunità più vulnerabili e favorire lo sviluppo sostenibile. INFORMAZIONI GENERALIContatti stampa della Biblioteca Nazionale Marciana Margherita Venturellib-marc.stampa@cultura.gov.it0412407211ACCESSI ALLA MOSTRAIngresso dal Museo ArcheologicoINFO e Biglietteria: Museo Archeologico Nazionale di Venezia, Piazzetta San Marco 17, Veneziaorario: 10.00 – 18.00 (ultimo ingresso ore 17.00)https://archeologicovenezia.cultura.gov.it/event/riapertura-cortile-storico/Ingresso dal Museo CorrerINFO e Biglietteria: Museo Correr, Piazza San Marco – Ala Napoleonica – Veneziaorario: 10.00 – 18.00 (ultimo ingresso ore 17.00)HomepageIngresso da piazzetta San Marco n. 13° (Sale Monumentali della Biblioteca nazionale Marciana)Da sabato 9 Maggio a domenica 7 GiugnoDa giovedì a martedì: accesso gratuito da piazzetta San Marco n. 13aMercoledì: accesso, a pagamento, esclusivamente da Museo Archeologico e Museo Correr Da lunedì 8 Giugno a domenica 18 OttobreLunedì e martedì: accesso gratuito da piazzetta San Marco n. 13aMercoledì: accesso a pagamento esclusivamente da Museo Archeologico e Museo CorrerGiovedì e venerdì: accesso gratuito da piazzetta San Marco n. 13aSabato e domenica: accesso a pagamento esclusivamente da Museo Archeologico e Museo Correr Da lunedì 19 Ottobre a domenica 22 NovembreDa giovedì a martedì: accesso gratuito da piazzetta San Marco n. 13aMercoledì: accesso a pagamento esclusivamente da Museo Archeologico e Museo CorrerSi prega di controllare i siti web prima della visita per eventuali variazioni di orarioOrario apertura Sale Monumentali:fino al 31 ottobre ore 10 – 18 (ultimo ingresso ore 17)dal 1° novembre ore 10 – 17 (ultimo ingresso ore 16)Per qualsiasi informazione si prega di scrivere a b-marc.stampa@cultura.gov.it",,,,,,,,,http://media.beniculturali.it/mibac/files/boards/f27adccd70a35836d0a94a3b3dc3eac6/fondazione%20Bulgari.png
http://dati.beniculturali.it/mibact/eventi/resource/CulturalEvent/46405,Volumina. Il gruppo di lettura del Parco archeologico del Colosseo,Altro,"Volumina&nbsp;è un gruppo di lettura gratuito pensato per chi ama esplorare mondi, epoche e idee attraverso i libri e il confronto con gli altri.A partire da maggio 2026, con incontri a cadenza mensile,&nbsp;Volumina&nbsp;propone un percorso vario e stimolante che attraversa generi e stili diversi, unendo narrativa, saggistica e grandi classici contemporanei.Il filo conduttore è la curiosità: ogni mese un libro diverso diventa occasione di dialogo, riflessione e scoperta condivisa. Tra i titoli in programma sono opere intense e senza tempo come&nbsp;Memorie di Adriano&nbsp;di&nbsp;Marguerite Yourcenar, racconti ironici e profondi come&nbsp;Il più grande uomo scimmia del Pleistocene&nbsp;di&nbsp;Roy Lewis, affascinanti ricostruzioni storiche come&nbsp;Cesare&nbsp;di&nbsp;Alberto Angela, fino a narrazioni contemporanee come&nbsp;Spostare la luna dall’orbita. Una notte al Museo dell’Acropoli&nbsp;di&nbsp;Andrea Marcolongo.Sotto gli auspici del&nbsp;Centro per il Libro e la Lettura del Ministero della Cultura, Volumina&nbsp;è aperto a tutti, senza obblighi né formalità: si legge, si partecipa quando si può e si contribuisce liberamente alla conversazione.È uno spazio accogliente dove le storie diventano un punto di incontro e le idee prendono forma attraverso le voci dei partecipanti. Un appuntamento mensile per rallentare, leggere e condividere.&nbsp;Destinatari: possessori di Membership Card del Parco archeologico del Colosseo, visitatori del Parco archeologico del Colosseo, appassionati e appassionate alla letturaIngresso gratuito all’iniziativaPrimo appuntamento: mercoledì 27 maggio 2026, ore 17.00Sede: Tempio di Venere e Roma, Cella di RomaGli interessati e le interessate potranno inviare un’email all’indirizzo&nbsp;pa-colosseo.eventi@cultura.gov.itI possessori di Membership Card potranno prenotarsi al consueto indirizzo&nbsp;pa-colosseo.membership@cultura.gov.it&nbsp;A cura diAstrid D’Eredità&nbsp;e&nbsp;Lucia Marsicano, funzionarie archeologhe Parco archeologico del Colosseo",,,,,,,,,
http://dati.beniculturali.it/mibact/eventi/resource/CulturalEvent/46411,Mostra dossier “La Biblioteca svelata: il bestiario fantastico”,Mostra,"Il Museo di San Marco ha inaugurato e aperto al pubblico sabato 11 aprile 2026&nbsp;“La Biblioteca svelata: il bestiario fantastico”, prima mostra-dossier dedicata ai codici miniati conservati nella storica biblioteca del complesso, progettata nel Quattrocento da Michelozzo e considerata uno dei primi esempi di biblioteca pubblica in Europa.Realizzata e promossa dalla&nbsp;Direzione regionale Musei nazionali della Toscana&nbsp;del&nbsp;Ministero della Cultura,&nbsp;con il coordinamento scientifico di&nbsp;Marco Mozzo, direttore del Museo di San Marco, e curata da&nbsp;Sara Fabbri, Sara Ragazzini e Anna Soffici, questa esposizione inaugura una nuova idea di valorizzazione del patrimonio librario del museo, articolata in mostre tematiche dedicate a nuclei specifici della raccolta. Il progetto si inserisce in un più ampio programma di rinnovamento museale volto a rafforzare la conoscenza e la fruizione del patrimonio attraverso riallestimenti, interventi mirati e una rinnovata strategia culturale.La mostra si colloca in una fase di particolare dinamismo per il museo, segnata dalla recente riapertura della&nbsp;Sala di Beato Angelico&nbsp;e dall’allestimento della&nbsp;sezione speciale della mostra&nbsp;Rothko a Firenze, che vede cinque opere dell’artista in dialogo con gli affreschi di Angelico in cinque tra le celle più significative del percorso museale. In questo quadro, il nuovo progetto espositivo amplia lo sguardo anche sulla Biblioteca e sulla raccolta libraria miniata quale componente essenziale del patrimonio di San Marco.La Biblioteca di MichelozzoEdificata intorno al 1440 per volontà di&nbsp;Cosimo de’ Medici, più che un semplice ambiente destinato alla conservazione dei libri, la biblioteca rappresenta uno dei primi manifesti architettonici del Rinascimento applicato allo spazio del sapere.L’impianto basilicale tripartito, scandito da colonne ioniche, organizza lo spazio secondo un rigoroso principio di proporzione e leggibilità. La luce naturale, diffusa attraverso finestre laterali, eliminava la necessità di ricorrere all’uso di luci artificiali, rispondendo al contempo a esigenze conservative e a una visione simbolica: la luce come metafora della conoscenza e della&nbsp;lux rationis. Anche la cromia originaria delle pareti – un verde oggi perduto – rispondeva a una precisa attenzione per il comfort visivo e la concentrazione, intuizione che trova riscontro nelle moderne ricerche sulla percezione e sull’affaticamento oculare.Fin dalla sua fondazione, la biblioteca si configurò come un centro vitale del pensiero umanistico, grazie all’acquisizione della raccolta di&nbsp;Niccolò Niccoli&nbsp;(1365–1437), ricca di classici greci e latini. Molti di questi volumi ebbero un ruolo centrale nei dibattiti culturali e religiosi del tempo: è il caso dei testi greci utilizzati durante il&nbsp;Concilio di Ferrara-Firenze&nbsp;per sostenere l’unione delle Chiese, o della&nbsp;Legenda aurea, che ispirò direttamente diversi episodi dipinti dall’Angelico nel convento.Il patrimonio della biblioteca comprendeva inoltre i libri liturgici miniati da&nbsp;Zanobi Strozzi, stretto collaboratore dell’Angelico, definendo un apparato decorativo di altissimo pregio. L’intera raccolta venne poi ordinata dal celebre libraio&nbsp;Vespasiano da Bisticci&nbsp;secondo i rigorosi dettami di&nbsp;Tommaso da Sarzana, il futuro papa Niccolò V. Negli anni Cinquanta del Quattrocento, dopo un terremoto che rese necessari interventi strutturali, fu realizzata la&nbsp;Sala Greca, allestita nel XVII secolo con le eleganti armadiature lignee che oggi ancora si possono ammirare.A seguito della soppressione ottocentesca del convento, la fisionomia della raccolta è mutata profondamente: mentre la maggior parte dei volumi originali è confluita alla Biblioteca Nazionale Centrale, alla Laurenziana e alla Marucelliana, nella Sala Greca sono stati depositati&nbsp;130 Corali&nbsp;medievali e rinascimentali: 25 del nucleo originario di Cosimo il Vecchio e di epoca medicea e i restanti provenienti da altre chiese e conventi. Tra questi tesori spiccano opere come il&nbsp;Messale 558&nbsp;attribuito al Beato Angelico&nbsp;o l’Antifonario 584&nbsp;miniato da Battista di Niccolò da Padova, esposti a rotazione per periodi limitati. Gli armadi seicenteschi originali sono attualmente custoditi all’Accademia della Crusca nella Villa medicea di Castello.Il percorso della mostraOggi, questo luogo ricco di storia ospita la mostra&nbsp;“La Biblioteca svelata: il bestiario fantastico”&nbsp;che, attraverso una selezione di codici miniati dal XIII al XVI secolo, esplora l’universo della decorazione zoomorfa tra creature reali e immaginarie, messaggere di complessi significati simbolici, restituendo al visitatore non solo la visione ravvicinata dei manoscritti, ma anche la percezione dell’ambiente per cui furono concepiti.Lungo le navate della biblioteca si svolge la narrazione per immagini di un universo fantastico che vede nel&nbsp;drago&nbsp;il suo protagonista più multiforme. Creatura ibrida e ancestrale, il drago incarna sin dalle origini le forze del caos e della distruzione: lo ritroviamo in Mesopotamia nelle sembianze della dea&nbsp;Tiamat, regina del Caos, sconfitta dall’eroe Marduk. Nell’antico Egitto, ogni mattina il dio del Sole&nbsp;Ra&nbsp;deve sconfiggere&nbsp;Apophis, il drago delle tenebre, affinché la luce possa trionfare.Nel&nbsp;mito classico, il mostro transita attraverso&nbsp;le fatiche di Eracle contro l’Idra&nbsp;e le visioni ovidiane, per poi traslare, col tramonto del mondo antico, nell’epica nordica. Qui diviene il guardiano di tesori nel&nbsp;Beowulf&nbsp;— il più antico poema epico in volgare europeo — o assume le sembianze di&nbsp;Fafnir, il cui sangue rese invulnerabile Sigfrido, fino a comparire come simbolo di potere sulla prua dei&nbsp;drakkar&nbsp;vichinghi o come attributo di Uther Pendragon.Tuttavia, nei manoscritti dell’Europa cattolica qui conservati, il drago perde ogni ambivalenza per farsi simbolo esclusivo del male assoluto e di Satana. In questo contesto religioso, la fiera viene ricondotta all’ordine attraverso la vittoria della fede, apparendo sottomessa ai Santi, come&nbsp;San Giorgio, o agli angeli, come l’Arcangelo Michele. Accanto a lui, il bestiario si arricchisce di altre figure simboliche: il velenoso&nbsp;basilisco, l’unicorno&nbsp;emblema di purezza, e le immonde&nbsp;arpie, che dalle tempeste classiche giungono fino alla selva dantesca.In opposizione a tali mostruosità, i codici miniati commissionati da Cosimo il Vecchio celebrano ad esempio l’eleganza del&nbsp;falcone, animale prediletto dall’aristocrazia e protagonista dell’educazione cortese.Il percorso spirituale si eleva infine attraverso le figure dell’araba fenice, della&nbsp;farfalla&nbsp;e del&nbsp;cervo, simboli di resurrezione e della perenne rinascita dello spirito contro le forze del male. Questo immaginario millenario continua a ispirare la fantasia moderna: le opere di Tolkien fino alle moderne saghe letterarie, cinematografiche e televisive come&nbsp;Harry Potter, Il Trono di Spade o Lo Hobbit, sono la testimonianza della vitalità di un sistema simbolico capace di attraversare i secoli, mantenendo intatta la propria forza evocativa.I codici esposti: sviluppo storico e apparato iconograficoNel&nbsp;percorso cronologico dei codici esposti, i più antichi sono tre manoscritti le cui miniature sono espressione di una cultura ancora legata all’arte bizantina che si fonde con l’eleganza gotica. Si tratta di due graduali del tardo Duecento provenienti dal convento di San Jacopo di Ripoli e poi a Santa Maria Novella, codici 561 (Natività con bue e asinello) e 562 (rettile fantastico, forse basilisco), attribuiti alla bottega bolognese del Maestro della Bibbia di Gerona e di un Salterio della fine del XIII , manoscritto 624, con Re David e uno strumento musicale a forma di drago.Nel Trecento, sotto l’influenza della rivoluzione di Giotto, troviamo alcuni codici provenienti dalla Chiesa di Santa Maria del Carmine le cui miniature rivelano una maggiore articolazione spaziale: tra questi i manoscritti con San Michele che sconfigge il drago, David con leone e unicorno, e scene con presenza ricorrente del drago come elemento simbolico.Il graduale Corsini, acquistato dallo Stato nel 2000, introduce il mondo tardogotico internazionale con ricche&nbsp;drôleries, popolato da animali reali e fantastici.Nel contesto camaldolese di Santa Maria degli Angeli operano miniatori come Bartolomeo di Fruosino, collaboratore e probabile allievo di Lorenzo Monaco, del quale possiamo ammirare le miniature con fregi popolati da animali e creature fantastiche dell’Antifonario di S. Egidio (Ms 557).Il pieno Rinascimento: i codici medicei e il dialogo con l’AngelicoIl culmine del percorso è rappresentato dai codici quattrocenteschi Ms 515 e 516, commissionati da Cosimo de’ Medici e miniati da Zanobi Strozzi con fregi di Filippo di Matteo Torelli.Nell’iniziale della Missione di San Domenico (Ms 516), la scena si espande oltre la lettera: il santo riceve la Bibbia da Pietro e Paolo, mentre il cane domenicano — elemento iconografico fondamentale — compare accanto alla scena, rafforzando il sistema simbolico.Per questa miniatura è stata ipotizzata la partecipazione diretta del Beato Angelico,&nbsp;verosimilmente attraverso un disegno preparatorio. Tale ipotesi trova riscontro nei rapporti documentati tra Angelico e Strozzi e nel ruolo di supervisione esercitato dal pittore, attestato nelle fonti conventuali.I&nbsp;codici instaurano un dialogo diretto con le celle affrescate dell’Angelico (in particolare quelle tra la 31 e la 34): analogie stilistiche, uso della luce e presenza calibrata degli elementi simbolici — inclusi gli animali — confermano una comune funzione meditativa.Dal Quattrocento al CinquecentoNel Cinquecento, il codice 529 di fra Eustachio presenta iniziali con figure e animali come lo sparviero, mentre il manoscritto 543 miniato da Monte di Giovanni include un ricco repertorio iconografico con angeli, cherubini e arpie, a testimonianza della continuità e trasformazione del linguaggio simbolico.",,,,,,,,,"http://media.beniculturali.it/mibac/files/boards/bec8803f226b6c1f1d4be3ed98d36b8e/DRM-TOSCANA/Firenze%20(FI)%20-%20Museo%20di%20San%20Marco,%20Biblioteca%20di%20Michelozzo,%20Graduale%20558%20con%20le%20miniature%20di%20Beato%20Angelico..jpg"
http://dati.beniculturali.it/mibact/eventi/resource/CulturalEvent/46443,"GEP 2023 | Museo nazionale Collezione Salce, GEP 2023 AL MUSEO NAZIONALE COLLEZIONE SALCE_Copia_Copia_Copia_Copia_Copia_Copia_Copia_Copia_Copia_Copia",Mostra,"MostraRENATO CASARO. HorrorTreviso, Museo nazionale Collezione SalceSede di San Gaetano | Via Carlo Alberto 31 - SALA CASARODal 16 maggio al&nbsp; 4 novembre 2026Inaugurazione: sabato 16 maggio 2026, ore 12:00 (fino alle 14:00 ingresso gratuito)Prenotazione (gradita, ma non obbligatoria): drm-ven.collezionesalce@cultura.gov.it

L’omaggio del Museo nazionale Collezione Salce di Treviso a Renato
Casaro (1935-2025) si arricchisce di un nuovo capitolo. Dopo aver esplorato
i mondi del Fantasy e della Science Fiction, l'allestimento nella sala dedicata
al Maestro presso la sede di San Gaetano si rinnova dal 16 maggio 2026,
svelando al pubblico la produzione legata al genere Horror.

La rassegna, curata in stretta collaborazione con la moglie Gabriella
Casaro, conferma il ruolo del Museo come custode dell'eredità di un autore
capace di tradurre in immagini la potenza del cinema internazionale.
L'appuntamento per l'inaugurazione è sabato 16 maggio alle ore 12:00
(via Carlo Alberto 31, Treviso). La mostra sarà visitabile fino al 4 novembre 2026.

Il percorso espositivo mette in luce le celebri collaborazioni con i
maestri della suspense, a partire dalle opere realizzate per Dario Argento:
in particolare il bozzetto originale e il manifesto finale di Opera
(1987), che sintetizza la tecnica pittorica di Casaro applicata al brivido,
insieme ai materiali per Tenebre (1982).

Al centro della sala, una teca raccoglie 20 schizzi preparatori: una
serie di varianti alternative che l'artista presentava ai registi e alle
produzioni per giungere alla scelta del soggetto definitivo. Un approfondimento
riguarda il bozzetto per il film L'assassinio allo specchio (Guy
Hamilton, 1980): l'opera è esposta con un foglio trasparente sovrapposto
all'originale su cui sono applicate le lettere ritagliate, testimonianza
diretta del metodo di studio del lettering e dell'impaginazione.

La selezione (complessivamente 56 opere tra bozzetti originali, schizzi e locandine) comprende lavori per altri titoli cult quali: Blow Out
(Brian De Palma 1981); A Nightmare - Dal profondo della notte (A Nightmare on Elm Street, Wes Craven 1984); Ragazzi perduti (The Lost Boys, Joel
Schumacher 1987); Maniac Cop (William Lustig 1988); Amityville 4: La
fuga del diavolo (Amityville 4:
The Evil Escapes Sandor Stern 1989), e altri ancora.

Attraverso schizzi preparatori, varianti e materiali d'archivio, il
pubblico potrà scoprire come Casaro riuscisse a sintetizzare in un'unica
immagine la suspense e il terrore, rendendo iconici i film che hanno segnato la
storia del genere.",,,,,,,,,http://media.beniculturali.it/mibac/files/boards/3866906f1017fc6aa15df7f749c01fec/2026_SALCE/CASARO%20HORROR/20260428_post_MIC_casaro.jpg
http://dati.beniculturali.it/mibact/eventi/resource/CulturalEvent/46448,Sulla Via della Seta al Museo d’Arte Orientale di Venezia_Copia_Copia_Copia_Copia_Copia_Copia_Copia_Copia_Copia_Copia_Copia_Copia_Copia_Copia_Copia_Copia_Copia_Copia_Copia_Copia_Copia_Copia_Copia_Copia_Copia_Copia_Copia_Copia_Copia_Copia_Copia_Copia_Copia,Mostra,"﻿Keita MiyazakiFrom Water To FormThe rituality of creation bridging ancient and contemporary JapanUn viaggio tra acqua e materia, tra dissoluzione e forma: Keita Miyazaki a Venezia attiva un dialogo fragile e ancestrale tra memoria, rito e contemporaneitàDal 9 maggio al 13 settembre 2026, il Museo d’Arte Orientale di Venezia accoglie Keita Miyazaki - From Water To Form, mostra personale dell’artista giapponese, a cura di Pier Paolo Scelsi, Ilaria Cera e Riccardo Freddo, e la direzione scientifica di Elisabetta Barisoni, Marta Boscolo Marchi, Daniele Ferrara, Stefania Portinari. La mostra è promossa dalla Direzione regionale Musei nazionali Veneto - Museo d'Arte Orientale, Galleria Rosenfeld e CREA, Cantieri del contemporaneo e ha il patrocinio del Consolato generale del Giappone a Milano e della Japan Foundation.La ricerca di Miyazaki approda - come naturale evoluzione di un’indagine centrata sull’acqua - a Venezia, città sospesa tra materia e trasformazione, tra l’elemento liquido e l’architettura, trasformandosi in un progetto espositivo che intreccia tempi, geografie e sensibilità. In From Water To Form, l’acqua, presenza originaria, principio generativo e forza trasformativa, diventa chiave di lettura e materia simbolica, capace di distruggere e rigenerare, di erodere e al tempo stesso rendere fertile, inscrivendo nella materia e nella memoria collettiva un ciclo continuo di dissoluzione e rinascita. Un elemento che attraversa tanto la cultura giapponese quanto l’identità stessa di Venezia, città costruita su un equilibrio instabile tra natura e intervento umano.Nel contesto del Museo d’Arte Orientale a Ca’ Pesaro, edificio simbolo della storia e dell’apertura culturale veneziana, che detiene una tra le più rilevanti collezioni in Europa di arte giapponese del periodo Edo, il progetto trova una risonanza ulteriore. Venezia stessa si configura come un dispositivo curatoriale naturale: città costruita sull’acqua, crocevia di scambi tra Europa e Asia, luogo in cui culture, materiali e tecniche si sono incontrati e trasformati nei secoli. Qui, l’acqua non è solo tema, ma presenza viva, capace di riflettere e amplificare il senso delle opere.L’esposizione site-specific diventa dunque restituzione del rapporto tra contemporaneità e stratificazione storica della città lagunare, sviluppandosi attorno al concetto di artigianalità intesa come pratica rituale, in cui gesto, tempo e tecnica diventano strumenti di conoscenza e trasformazione.Le opere di Miyazaki instaurano un confronto profondo con la storia e con lo spazio che le accoglie, entrando in relazione con i manufatti della collezione permanente del museo. Ne emerge un dialogo tra Giappone antico e contemporaneo, fondato sul valore del grande artigianato e sulla complessità della tradizione culturale nipponica. In questo scambio, la materia lavorata — modellata, attraversata, trasformata — diventa linguaggio condiviso tra epoche diverse, mettendo in luce continuità e slittamenti: tra saperi tradizionali e nuove possibilità espressive, tra memoria e presente, tra forma e processo. L’indagine restituisce così alla pratica artistica una dimensione meditativa, in cui il fare si fa esperienza e il tempo si sedimenta nella materia.La mostra si estende infine oltre gli spazi museali, attivando un intervento di arte pubblica presso Crea Cantieri del Contemporaneo, sull’isola della Giudecca anch’esso curato da Pier Paolo Scelsi, Ilaria Cera e Riccardo Freddo.Per l’occasione, Keita Miyazaki realizza una scultura modulare site-specific concepita appositamente per Venezia e per il contesto produttivo e simbolico dei cantieri. Il lavoro si inserisce all’interno di una ricerca che l’artista sviluppa da anni attorno alla modularità, alla trasformazione e alla relazione tra forma e spazio. La stessa struttura è stata infatti presentata in configurazioni differenti nei Giardini Imperiali dell’Imperatore del Giappone, così come al Ninfeo del Museo Nazionale Etrusco di Villa Giulia, dove Miyazaki è stato il primo artista invitato a realizzare un intervento scultoreo site-specific.",,,,,,,,,http://media.beniculturali.it/mibac/files/boards/3866906f1017fc6aa15df7f749c01fec/2026_MAOVE/2026.05/MAOVE_banner%20Keita%20con%20modifica.png
http://dati.beniculturali.it/mibact/eventi/resource/CulturalEvent/46466,"ECHI DI PALAZZO Cinque concerti alla Casa Museo Boncompagni Ludovisi tra storia, musica e memoria",Altro,"Rassegna di spettacoli dal vivoECHI DI PALAZZOCinque concerti alla Casa Museo Boncompagni Ludovisi tra storia, musica e memoria23 maggio – 26 settembre 2026a cura del Centro di Cultura Domus Danae APSDal 23 maggio al 26 settembre 2026 la Casa Museo Boncompagni Ludovisi, diretta da Maria Giuseppina Di Monte e afferente all’istituto Pantheon e Castel Sant’Angelo – Direzione Musei nazionali della città di Roma guidata da Luca Mercuri, ospita Echi di Palazzo, una rassegna musicale di straordinario prestigio che, attraverso cinque appuntamenti concertistici, accompagnerà il pubblico in un affascinante viaggio sonoro nella storia della famiglia Boncompagni – Ludovisi, dalla seconda metà del Cinquecento fino al Novecento.Il progetto nasce con l’obiettivo di valorizzare il patrimonio storico, artistico e culturale della Casa Museo, trasformandola in uno spazio vivo di incontro tra musica, arti decorative, costume e memoria. Le sale del museo diventeranno così un palcoscenico d’eccezione, capace di restituire al pubblico le atmosfere, i fasti e le suggestioni di una delle più importanti famiglie nobiliari italiane.La rassegna si distingue per l’originalità del suo impianto artistico: strumenti storici quali archi, clavicembalo, flauti, arpa e percussioni dialogheranno con sonorità contemporanee, in particolare quelle del sassofono, in un percorso musicale che attraversa oltre quattro secoli di storia. Un ponte ideale tra passato e presente, tra tradizione e innovazione.Particolare rilievo sarà dedicato alla figura di Wolfgang Amadeus Mozart, legata alla storia della famiglia Boncompagni – Ludovisi e al celebre concerto che il giovane compositore tenne a Roma nel 1770 presso Palazzo Altemps. La rassegna intende inoltre rendere omaggio al mecenatismo del Cardinale Ignazio Gaetano Boncompagni – Ludovisi, protagonista della vita culturale romana del Settecento.Ad arricchire ulteriormente il programma, la presenza di Sandro Cappelletto, autorevole storico della musica, che accompagnerà alcuni concerti con letture e approfondimenti, offrendo al pubblico preziose chiavi di ascolto. Echi di Palazzo rappresenta un progetto di alto valore culturale, capace di coniugare eccellenza artistica, divulgazione e valorizzazione del patrimonio.La Casa Museo Boncompagni Ludovisi non sarà semplice cornice degli eventi, ma protagonista essa stessa di una narrazione che intreccia musica, storia e identità. L’incontro tra i capolavori del repertorio europeo, gli ambienti museali e le arti performative trasformerà ogni concerto in un’esperienza immersiva, restituendo al pubblico il senso profondo della continuità culturale tra le epoche.Una rassegna che conferma la vocazione della Casa Museo quale luogo di interpretazione, reinvenzione e dialogo con il pubblico contemporaneo, nel segno della grande tradizione culturale della famiglia Boncompagni – Ludovisi.Il programmaAd inaugurare la rassegna, in occasione della Notte dei Musei del 23 maggio, sarà il prestigioso Quartetto Guadagnini, una delle formazioni cameristiche più apprezzate a livello internazionale, con un programma dedicato al repertorio del Settecento e dell’Ottocento, con particolare attenzione a Mozart.Il secondo appuntamento, previsto per il 20 giugno, vedrà protagonista il raffinato Duo Nova – Castini (flauto e arpa), con un concerto dedicato alle musiche da ballo del Cinquecento e del Seicento che animavano i ricevimenti nobiliari dell’epoca. L’esecuzione sarà impreziosita dalla partecipazione della Compagnia Italiana di Teatro e Danza, i cui artisti, in abiti storici, sfileranno e danzeranno sulle note delle melodie rinascimentali e barocche.Il 17 luglio il terzo concerto sarà affidato all’eclettico Apeiron Sax Quartet, che proporrà una suggestiva rilettura delle musiche del Settecento e di Mozart attraverso le sonorità moderne del sassofono, in un dialogo originale tra epoche e linguaggi musicali.Il quarto appuntamento (13 settembre) sarà dedicato alla musica contemporanea con il celebre ensemble di percussioni Ars Ludi, insignito del Leone d’Argento alla Biennale di Venezia 2022, che guiderà il pubblico nel cuore delle sperimentazioni sonore del Novecento.Il 26 settembre chiuderà la rassegna il coinvolgente Neos Saxophone Ensemble, doppio quartetto di sassofoni che offrirà un ideale compendio dell’intero percorso, dal repertorio settecentesco fino alle espressioni musicali contemporanee.Gli orari degli eventi saranno indicati e diffusi sul sito web dell’istituto Pantheon e Castel Sant’Angelo – Direzione Musei nazionali della città di Roma e sui canali social della Casa Museo Boncompagni Ludovisi.",,,,,,,,,
http://dati.beniculturali.it/mibact/eventi/resource/CulturalEvent/46535,CAMBELLOTTI. TUTTO DIVENTA FORMA,Mostra,"﻿Dal 20 maggio 2026 riaprono al pubblico a Castel Sant’Angelo le Sale Cambellotti – la Sala delle Colonne, la Sala dei Reparti d’Assalto e la Sala della Cavalleria – decorate da Duilio Cambellotti tra il 1925 e il 1926 per accogliere le bandiere dei reggimenti disciolti al termine della Prima Guerra Mondiale.La riapertura di questi ambienti, di straordinaria valenza storico-artistica, coincide con un doppio anniversario: il 150° dalla nascita dell’artista (1876–1960) e il centenario della decorazione.La mostra Cambellotti. Tutto diventa forma. Tessili e decorazione tra visione e materia, a cura di Luca Mercuri, direttore dell’Istituto Pantheon e Castel Sant’Angelo – Direzione Musei nazionali della città di Roma, con la collaborazione scientifica dell’Archivio dell’Opera di Duilio Cambellotti e sotto il coordinamento di Chiara Capulli, propone una nuova lettura del percorso formativo dell’artista. L’esposizione mette in dialogo le volte dipinte con una selezione di opere provenienti dall’Archivio – sculture, tempere, disegni, manifesti – affiancate dai tessili appartenuti all’artista, donati a Castel Sant’Angelo da Francesco Tetro ed esposti al pubblico dopo il loro restauro.«La riapertura delle Sale Cambellotti rappresenta una nuova tappa nel percorso di progressiva restituzione al pubblico di spazi storici di Castel Sant’Angelo, dopo l’apertura dell’Appartamento del Castellano e del Passetto di Borgo» – dichiara Luca Mercuri, direttore del Pantheon e Castel Sant’Angelo – Direzione Musei nazionali della città di Roma. «Questo progetto si inserisce inoltre nel lavoro avviato con la mostra Castel Sant’Angelo 1911–1925. L’Alba di un Museo, dedicata alla stagione delle grandi esposizioni retrospettive che contribuirono alla nascita del Museo nazionale di Castel Sant’Angelo, nell’ambito delle celebrazioni del cinquantenario dell’Unità d’Italia, il cui manifesto era proprio opera di Duilio Cambellotti. Oggi torniamo sull’artista con un progetto volutamente raccolto e costruito in dialogo diretto con le sale da lui decorate, più vicino a un racconto di formazione e di immagini che a una tradizionale mostra monografica. Le stoffe donate da Francesco Tetro, esposte al pubblico dopo un accurato intervento di restauro, permettono inoltre di entrare nel laboratorio visivo di Cambellotti e di leggere la sua formazione attraverso materiali, suggestioni e geografie che hanno alimentato il suo immaginario decorativo».«Questa mostra dimostra quanto il dialogo tra istituzioni culturali e la collaborazione tra pubblico e privato possano generare progetti capaci di ampliare concretamente la conoscenza e la fruizione del patrimonio» – dichiara Massimo Osanna, Direttore generale Musei. «La donazione dei tessili appartenuti a Cambellotti consente infatti di arricchire il racconto delle sale in modo coerente con il luogo che le ospita, restituendo al pubblico non soltanto ambienti straordinari, ma anche il processo creativo che li ha generati. Allo stesso tempo, il progetto conferma l’attenzione della Direzione generale Musei verso forme di accessibilità sempre più ampie e diversificate, con particolare attenzione all’accessibilità cognitiva e sensoriale, capaci di favorire la partecipazione e l’esperienza del patrimonio culturale anche all’interno di contesti monumentali storici particolarmente complessi».«La riapertura delle Sale Cambellotti a Castel Sant’Angelo consente di accedere nuovamente ai cicli decorativi realizzati dall’artista. Questa mostra permette di cogliere la continuità tra la dimensione monumentale delle sale e la ricerca più intima e quotidiana che emerge nei disegni, nei progetti e nelle sculture conservati dall’Archivio dell’Opera di Duilio Cambellotti. Accanto alle opere, trovano spazio anche gli elementi che hanno alimentato il suo immaginario, come stoffe e ceramiche da lui collezionate, attraverso cui Cambellotti ha costruito un linguaggio unico e riconoscibile, capace ancora oggi di parlare al presente», sottolinea il Comitato scientifico dell’Archivio dell’Opera di Duilio Cambellotti.UN AUTODIDATTA TRA EPOCHE E GEOGRAFIENel 1940 Duilio Cambellotti si definì con sobrietà “un autodidatta”. Figura centrale delle arti decorative in Italia, costruì il proprio linguaggio per assorbimento continuo: dalle ceramiche raccolte a Costantinopoli ai ricami di sete cinesi, fino ai motivi geometrici della moda parigina degli anni Venti. Senza aderire a scuole, attraversò epoche e geografie diverse, traducendo storia e natura in un repertorio di forme essenziali – l’albero, lo scudo, il cavallo – che ricorrono in tutta la sua produzione.Nelle sale di Castel Sant’Angelo questa visione trova la propria sintesi: fronde e cavalli, panoplie e vessilli, drappi e bandiere appartengono al medesimo ordine. Non c’è gerarchia tra natura e guerra: tutto diventa ornamento.I TESSILI, PER LA PRIMA VOLTA ESPOSTINella Sala delle Colonne, sotto la corona d’alloro dipinta a trompe-l’œil, i due piani della mostra si incontrano senza sovrapporsi: le opere dell’Archivio dell’Opera di Duilio Cambellotti dialogano con la decorazione della volta, mentre i tessili, tra cui le stoffe anatoliche acquistate a Costantinopoli nel 1898, testimoniano la ricerca silenziosa da cui quel linguaggio è nato. Sono le tracce di un apprendimento condotto fuori dalle accademie, di un autodidatta che guarda il mondo e lo restituisce trasformato.PAESAGGI SONORIIl percorso espositivo è accompagnato da due composizioni sonore concepite come paesaggi immersivi articolati su piani distinti. Il primo nasce dalla fusione di una texture elettroacustica – ottenuta dal suono del violoncello eseguito in sautillé, con arco leggero e balzato – e di elementi elettronici astratti e armonici. Il secondo è costruito a partire da suoni naturali: bandiere mosse dal vento, cavalli al galoppo, nitriti e sbuffi, trasformati attraverso un riverbero spaziale che restituisce una percezione lontana e immersiva, proveniente da un ambiente ampio e sospeso nel tempo.ACCESSIBILITÀTenendo conto delle caratteristiche architettoniche del monumento, che rendono alcuni ambienti di Castel Sant’Angelo non agevolmente accessibili alle persone con difficoltà motoria, l’esposizione sarà visitabile anche attraverso un virtual tour immersivo consultabile sui propri dispositivi.L’attenzione all’accessibilità costituisce inoltre un elemento centrale del progetto espositivo. In collaborazione con Handy Systems Onlus, al percorso visivo della mostra si affiancano i paesaggi sonori, la riproduzione tridimensionale di alcuni elementi decorativi delle sale e la traslitterazione in Braille dei contenuti, con l’obiettivo di restituire al visitatore anche un’esperienza tattile e sonora dell’esposizione.UNA FORMAZIONE, UN’IDENTITÀLa mostra propone Cambellotti come figura esemplare di un’Italia che costruisce la propria identità visiva attraverso l’incontro con l’altro, la pratica delle arti applicate e la tensione costante tra forma e significato. È inserita nel cartellone delle iniziative per la Giornata Nazionale del Made in Italy 2026, dedicata al tema della Formazione.LA MOSTRA E' STATA PROROGATA FINO AL 25 OTTOBRE 2026.",,,,,,,,,http://media.beniculturali.it/mibac/files/boards/128ae52db40cae8510626c2ef301bafd/Museo%20Nazionale%20di%20Castel%20Sant'Angelo/2026/Cambellotti16_9.jpg
http://dati.beniculturali.it/mibact/eventi/resource/CulturalEvent/46579,IN HOC SIGNO. Testimonianze cristiane tra Ostia e Porto,Mostra,"Dal 21 maggio al 21 novembre 2026 gli appartamenti papali del Castello di Giulio II ospitano la mostra “In Hoc Signo” dedicata alle prime fasi della presenza cristiana nel territorio di Ostia e di Portus in età tardoantica e altomedievale. I reperti in mostra raccontano la lunga e pacifica convivenza con i culti tradizionali, la progressiva affermazione del cristianesimo sugli oggetti della vita quotidiana, la costruzione e la decorazione di luoghi di culto sempre più imponenti, l’evoluzione del rito funerario e la continuità di riti e tradizioni, che continua ancora oggi nelle moderne Ostia Lido e Fiumicino. L’esposizione sarà arricchita dai frammenti di una straordinaria tavola marmorea con raffigurazioni cristiane, in prestito dalla Banca d’Italia, che tornano per la prima volta a Ostia dal 1862: non mancheranno approfondimenti sugli scavi della basilica costantiniana, tuttora in corso. La visita è inclusa nel prezzo del biglietto.Info: https://ostiaantica.cultura.gov.it/in-hoc-signo/",,,,,,,,,http://media.beniculturali.it/mibac/files/boards/aef37b09dc7891f9f2e2397c3115a7f9/Mostra%20IN%20HOC%20SIGNO.jpg
http://dati.beniculturali.it/mibact/eventi/resource/CulturalEvent/46580,ARTE IN MEMORIA 12,Mostra,"Inaugura domenica 24 maggio alle ore 11 la Biennale d'arte internazionale Arte in Memoria, presso la Sinagoga all'interno degli Scavi di Ostia antica. La mostra, alla sua dodicesima edizione, è a cura di Adachiara Zevi. Due le artiste invitate quest'anno: Ella Littwit e Natalia Romik; come per le edizioni passate, le opere sono realizzate appositamente per la Sinagoga, la più antica sinagoga d’Occidente risalente al II-III sec. d.C., situata all’interno dell’area degli Scavi di Ostia.Le opere resteranno esposte fino al 27 settembre 2026.Per saperne di più: https://ostiaantica.cultura.gov.it/arte-in-memoria-12/",,,,,,,,,http://media.beniculturali.it/mibac/files/boards/bec8803f226b6c1f1d4be3ed98d36b8e/Lazio/Parco%20archeologico%20di%20Ostia%20antica%20-%20Scavi%20di%20Ostia%20antica%20e%20Museo%20Ostiense.jpg
http://dati.beniculturali.it/mibact/eventi/resource/CulturalEvent/46769,I magazzini del grano,Mostra,"Con ""I magazzini del grano"" i Musei e parchi archeologici di Melfi e Venosa partecipano alla mostra diffusa ""Le dee del grano"", curata dai Musei Nazionali di Matera, con un percorso espositivo dedicato al tema della conservazione del grano, intrecciando archeologia, antropologia e arte contemporanea.L' esposizione del Museo ""Massimo Pallottino"" si propone come uno spazio di riflessione sul valore universale del grano e dei cereali nella storia dell' uomo, mettendo in dialogo reperti archeologici, oggetti etnografici, arte, musica e linguaggi contemporanei che trovano il culmine nell' installazione artistica di Vito Maiullari, scultore e artista ma anche visionario custode della memoria.L' inaugurazione della mostra si terrà il 22 maggio alle ore 17:30 presso il Museo Archeologico Nazionale ""Massimo Pallottino"" di Melfi e sarà visitabile fino al 27 settembre 2026.",,,,,,,,,http://media.beniculturali.it/mibac/files/boards/1d0eeee489e9af94c011bd497663c1df/2026/I%20magazzini%20del%20grano.png
http://dati.beniculturali.it/mibact/eventi/resource/CulturalEvent/46841,"mosta "" Per l' Europa dei popoli.L'armata dei Vosgi e l'ultima battaglia per la libertà",Mostra,"L’isola di Caprera è un luogo simbolo dei festeggiamenti legati al 2 giugno.Quest’anno, nella giornata, si celebrano l’80° anniversario della Repubblica Italiana, il 144° anniversario della morte di Garibaldi e i 50 anni dell’istituzione del museo.Diversi sono gli appuntamenti in programma.Alle 11.00, presso la tomba di Garibaldi, si terrà la cerimonia di commemorazione, alla presenza delle autorità civili e militari.Alle 11.30, presso il pino di Clelia verrà inaugurata la mostra “Per l’Europa dei Popoli. L’Armata dei Vosgi e l’ultima battaglia per la libertà”, realizzata in collaborazione con Annita Garibaldi Jallet e l’Associazione Nazionale Veterani e Reduci Garibaldini.La mostra rappresenta un’imperdibile occasione per scoprire l’ultima campagna militare del Generale che, ormai malato, nel 1870, scelse di partire da Caprera per difendere la neonata Repubblica francese contro l’espansionismo prussiano, guidando un corpo volontario chiamato Armata dei Vosgi. I volontari giunsero da tutta Europa, uniti dal comune ideale della libertà dei popoli. Attraverso cimeli originali, documenti d’archivio e fotografie storiche, si scoprirà un Garibaldi inedito, precursore dei moderni valori di solidarietà e integrazione europea. La mostra si svilupperà all’interno degli ambienti storici della Casa Bianca di Garibaldi e sarà visitabile fino al 12 settembre 2026.Alle 17.30, presso il pino di Clelia si terrà la Conferenza “Dal Risorgimento all’integrazione europea”, un incontro di approfondimento culturale guidato dal prof. Maurizio Ridolfi, ordinario di Storia contemporanea all’Università della Tuscia e presidente del Centro di Studi Europei e Internazionali, nonché curatore, per la casa editrice il Mulino, del volume “Lessico per la Repubblica”, che verrà presentato nel corso dell’incontro. La conferenza ripercorrerà l’evoluzione dell’idea di res publica: attraverso l’analisi delle idee e delle parole, si ragionerà di democrazia, dagli ideali mazziniani alla nascita della Repubblica nel 1946 e alla successiva adesione al processo di integrazione europea.Intervengono: Giuseppe Zichi, Università degli Studi di Sassari; Cinzia dal Maso, Istituto Internazionale di Studi G. Garibaldi; Giuseppe Garibaldi, direttore Istituto Internazionale di Studi G. Garibaldi; Annita Garibaldi Jallet, presidente onorario A. N. V. R. G.",,,,,,,,,
http://dati.beniculturali.it/mibact/eventi/resource/CulturalEvent/46902,UN MAGICO INVERNO. Bianche emozioni dalla Collezione Salce_Copia,Mostra,"L’Ultima RinascitaDei ed eroi agli albori dell’età della tecnica 1890/1935a cura di Francesco Trentini ed Elisabetta PasqualinMuseo nazionale Collezione SalceSede di Santa MargheritaVia Reggimento Italia Libera, 31100 Treviso29 maggio – 4 novembre 2026Visite guidate a cura di Coopculture. CalendarioIl Museo nazionale Collezione Salce è lieto di presentare l’esposizione L’Ultima Rinascita. Dei ed eroi agli albori dell’età della tecnica 1890/1935, nata da una collaborazione tra Villa Pisani di Stra e il Museo di Treviso, per la cura di Francesco Trentini (Responsabile tutela e valorizzazione di Villa Pisani) ed Elisabetta Pasqualin (Direttrice del Museo nazionale Collezione Salce). Dopo il successo registrato in Villa Pisani, dove è stata aperta al pubblico dal 31 gennaio al 24 maggio 2026, ora la mostra viene riproposta in una versione specificamente aggiornata per rispondere alle caratteristiche museali della Sede di Santa Margherita.In occasione delle celebrazioni per gli ottant’anni dal referendum che sancì la nascita dell’Italia repubblicana, il nuovo allestimento a Treviso si arricchisce di una speciale selezione di manifesti nei quali la rinascita dell’Antico si misura con il Tricolore italiano e più in generale con l’identità nazionale. Evocazioni di Demetra e della dea Fortuna, portabandiera d’ispirazione romana, e sarcastiche apparizioni di Hermes si integrano nel percorso espositivo con la necessità di dare forma a un saldo immaginario nazionale.L’esposizione porta in scena la straordinaria rinascita degli dei antichi sulle affiches pubblicitarie dell’Italia della Belle Époque attraverso 74 opere, alcune delle quali raramente esposte al pubblico –sottolinea Elisabetta Pasqualin – I lavori, eccezionali per qualità estetica e valore storico-culturale, vanno dai grandi cartelloni pubblicitari di Adolf Hohenstein, Leopoldo Metlicovitz, Giovanni M. Mataloni, Marcello Dudovich, Duilio Cambellotti, Plinio Codognato, alle straordinarie copertine d’autore della Piccola Biblioteca di Scienze Moderne dell’editrice torinese Bocca, fino alle due rare latte realizzate da Hohenstein per la ditta Cinzano.La rinascita del Mito nella pubblicità dell’epoca, declinata all'interno di una mostra tematica, ha molto da dire sul nostro tempo e sull’età tecnologica che stiamo tuttora vivendo. Il percorso espositivo mostra come alla fine del XIX secolo, quando la ricerca scientifica e tecnologica entrò a modificare profondamente la vita collettiva e individuale con una rapidità e pervasività mai sperimentate prima, l’Antico e il Mito fossero riemersi nell’estremo sforzo di governare umanisticamente un processo dai contorni tutt’altro che dominabili.Seguendo questa idea di fondo, l’esposizione “L’Ultima Rinascita” – continua Francesco Trentini – vuole portare il pubblico a ripensare per immagini l’impatto delle grandi imprese ingegneristiche, le scoperte fisiche, chimiche e tecnologiche, il progresso applicato ai beni di consumo, le nuove forme di autorappresentazione di una società italiana dai tratti per molti aspetti inediti. A farsi interpreti della novità fu il gruppo di straordinari autori qui presentati, a vario titolo coinvolti con il mondo delle Officine Grafiche Ricordi di Milano, che operarono in perfetta sincronìa con le coeve ricerche di pittori simbolisti quali Max Klinger e Arnold Böcklin. Per il visitatore, si tratta di scoprire l’insospettabile ricerca – tipica della nuova età della tecnica – di un difficile equilibrio tra la trasformazione del mondo e l’irriducibile mistero della realtà.Articolata in tre sezioni, la mostra guida il visitatore in un affascinante percorso tra capolavori assoluti della cartellonistica pubblicitaria Liberty italiana.- Mito e tecnica: la visita si apre con questa sezione, dove il tema di fondo dell’esposizione viene illustrato esibendo le molteplici forme del rapporto tra divinità e moderna tecnologia. Fondamentali: il gruppo di ninfa e satiro realizzato da Adolf Hohenstein per la pubblicità dei fiammiferi senza fosforo del dott. Craveri; l’Hermes del cartellone di Leopoldo Metlicovitz per l’inaugurazione del traforo del Sempione (1906); la sorridente figura di Astrea immaginata da Giovanni M. Mataloni per il manifesto dell’illuminazione a gas Auer (1895), qui presentata nella prima versione in verde e nella tiratura in rosso, a illustrare peculiarità tecniche della cromolitografia dell’epoca.- Mito, desiderio e beni di consumo: l’ironia e la suadente pubblicità di consumo caratterizzano la seconda sezione dove ritorna Hermes, questa volta voluto da Hohenstein (1898) come testimonial per ""Il Corriere della Sera"", e poi l’Ercole di Metlicovitz (ca. 1910), a pubblicizzare la produzione di carne in scatola, e persino Leda, che nel divertito cartellone di Marcello Dudovich per la Rinascente (ca. 1922) si innamora del cigno in occasione della “vendita del bianco”.- Antichità e vita contemporanea: a completamento dei temi trattati nelle due prime sezioni, la terza esibisce la generale volontà di immedesimazione dell’uomo agli albori dell’età della tecnica con l’Antico. La conformazione dell’immagine di sé con l’antichità classica è qui perfettamente testimoniata da documenti eccezionali quali il manifesto di Metlicovitz per la rivista “Musica e musicisti” (1904), la pubblicità di Plinio Codognato per&nbsp; ""L'Avanti” (ca. 1910) e la straordinaria serie di affiches realizzate da Duilio Cambellotti per il Teatro greco di Siracusa.L’Ultima Rinascita è l’occasione per un esercizio di memoria culturale profonda, che il Museo nazionale Collezione Salce propone a cento anni dall’avvio dell’inesauribile esperienza dell’Atlante di Mnemosyne curato da Aby Warburg e dal suo circolo a partire dal 1926, forse la testimonianza più eloquente di quest’ultima rinascita che ancora ci interpella.",,,,,,,,,http://media.beniculturali.it/mibac/files/boards/3866906f1017fc6aa15df7f749c01fec/2026_SALCE/ULTIMA%20RINASCITA/06_MATALONI_Auer_web.jpg
http://dati.beniculturali.it/mibact/eventi/resource/CulturalEvent/46907,VANESSA NOEL – DREAM SHOES,Mostra,"Dal 5 giugno al 6 settembre 2026 la Casa Museo Boncompagni Ludovisi, diretta da Maria Giuseppina Di Monte (Commissario della mostra) e afferente all’istituto Pantheon e Castel Sant’Angelo – Direzione Musei nazionali della città di Roma guidata da Luca Mercuri, ospita la mostra Vanessa Noel – Dream Shoes. La mostra, a cura di Vanessa Noel, Luca Lo Sicco e Giulia Innocentini, è realizzata in collaborazione con il Noel Shoe Museum di New York e The American University of Rome ed è patrocinata dall’Università degli Studi di Palermo, dal Dipartimento di Fisica e Chimica, dalla Camera Nazionale della Moda Italiana e dal Consorzio Interuniversitario per lo sviluppo dei Sistemi a Grande Interfase.L’esposizione propone una riflessione ampia e suggestiva sulla scarpa intesa non solo come accessorio di moda, ma come autentico oggetto culturale, capace di attraversare epoche, geografie e linguaggi, incarnando identità e visioni creative. La mostra si configura come un racconto stratificato in cui arte, artigianato e memoria prendono corpo negli spazi della Casa Museo Boncompagni Ludovisi intrecciando un dialogo muto e intimo con gli oggetti della collezione valorizzandone aspetti e dettagli.Il percorso espositivo mette in relazione una selezione delle creazioni più emblematiche della designer americana, espressione di oltre quarant’anni di carriera, con una serie di calzature storiche provenienti dalla collezione del Noel Shoe Museum, istituzione fondata dalla stessa Noel con l’intento di preservare, studiare e diffondere la cultura della calzatura nei suoi molteplici aspetti storici, artistici e socio-culturali. Ne emerge una narrazione in cui la scarpa si rivela, di volta in volta, simbolo di autorità e rappresentazione del potere, strumento di emancipazione e libertà, testimonianza di innovazioni tecniche e al contempo oggetto carico di valori estetici, artistici e simbolici.In questo dialogo tra passato e contemporaneità, tra documento storico e creazione artistica, la mostra invita il visitatore a interrogarsi sul significato profondo di un elemento apparentemente quotidiano, che nel corso dei secoli ha contribuito a definire ruoli sociali, appartenenze e immaginari collettivi. “Dimmi quali scarpe indossi e ti dirò chi sei” diventa così non solo una suggestione evocativa, ma una chiave di lettura attraverso cui comprendere la relazione tra individuo e rappresentazione di sé.Dream Shoes vuole valorizzare il design della calzatura focalizzando l’attenzione sul Made in Italy e riconoscendo alla calzatura non solo i suoi aspetti storici e socio-culturali ma un vero statuto di forma d’arte.La mostra si rivolge a un pubblico ampio e trasversale, con particolare attenzione alle nuove generazioni, proponendo un’esperienza capace di coniugare conoscenza e coinvolgimento, tradizione e contemporaneità.Con questa iniziativa, la Casa Museo Boncompagni Ludovisi rinnova la propria vocazione a essere luogo di ricerca e valorizzazione dei linguaggi della moda e delle arti applicate, offrendo uno spazio di confronto in cui la dimensione estetica si intreccia con quella storica e culturale.Inaugurazione: 5 giugno ore 11.00 - 19.30",,,,,,,,,http://media.beniculturali.it/mibac/files/boards/128ae52db40cae8510626c2ef301bafd/Museo%20Boncompagni%20Ludovisi/2026/dream%20shoes%20immagine.jpg
http://dati.beniculturali.it/mibact/eventi/resource/CulturalEvent/47049,LA LUCE DEL VERO PRIMA DI CARAVAGGIO: LOTTO E SAVOLDO – MOSTRA DOSSIER,Mostra,"Mostra dossier nello Spazio Scoperte della Galleria SabaudaAttraverso il dialogo tra la Sacra Famiglia con santa Caterina d’Alessandria di Lorenzo Lotto, in prestito dall’Accademia Carrara di Bergamo, l’Adorazione dei pastori (1522-1523) e l’Adorazione del Bambino tra san Girolamo e san Francesco d’Assisi
 (1525-1530) di Savoldo, appartenenti alle collezioni della Galleria 
Sabauda, l’esposizione indaga le radici di quella “luce del vero” che 
anticipa la rivoluzione caravaggesca.Uniti da una comune sensibilità verso la cultura figurativa nordica, 
evidente nell’attenzione alla luce, al dato naturale e alla resa 
psicologica dei personaggi, Lotto e Savoldo sviluppano una pittura 
capace di coniugare intensa partecipazione emotiva e rigorosa 
osservazione del reale. Nei loro dipinti, il chiaroscuro assume una 
forte valenza espressiva, mentre la natura si anima di vibrazioni 
atmosferiche e interiori.Questa linea interpretativa venne evidenziata da Roberto Longhi, tra i
 maggiori studiosi di Caravaggio, che nella celebre monografia del 1952 
individuò in Lotto e Savoldo alcuni dei più significativi precursori del
 maestro lombardo, riconoscendo nelle loro opere “una umanità più 
accostante” e un “colorito più vero ed attento”, capaci di rivelare una 
nuova comprensione della natura umana e della realtà.Realizzata nelle Marche e firmata e datata 1533, la Sacra Famiglia con santa Caterina d’Alessandria
 di Lorenzo Lotto entrò nel 1866 nelle collezioni dell’Accademia 
Carrara, museo che raccoglie uno dei corpus più importanti al mondo di 
opere di Lorenzo Lotto. L’opera si costruisce attorno al gesto di san 
Giuseppe che, sollevando il velo, mostra il Bambino addormentato a santa
 Caterina. La pietra su cui Cristo riposa richiama simbolicamente il 
sarcofago e prefigura la Passione, mentre Maria, immersa nella lettura, 
appare turbata dalle profezie sul destino del figlio. Colori intensi, 
raffinati contrasti chiaroscurali e una straordinaria tensione narrativa
 contribuiscono a creare una scena sospesa tra quotidianità e dimensione
 simbolica, anticipando soluzioni che troveranno pieno sviluppo nella 
pittura giovanile di Caravaggio.Savoldo, attivo tra Lombardia e Veneto, elabora invece una pittura 
più raccolta e meditativa, nella quale la luce diventa strumento 
privilegiato per rivelare superfici, materiali e presenze umane. Nell’Adorazione dei pastori,
 entrata nelle collezioni sabaude nel 1824 con l’acquisizione di Palazzo
 Durazzo di Genova (ora Palazzo Reale) e delle sue raccolte, emergono la
 ricchezza cromatica e i bagliori dorati della tradizione veneziana, 
accanto a una costruzione luministica più concreta e analitica, legata 
alla cultura lombarda.L’Adorazione del Bambino tra san Girolamo e san Francesco d’Assisi
 si distingue invece per il forte naturalismo delle figure e per il 
coinvolgimento diretto dello spettatore: il gesto di san Girolamo che 
alza il velo e mostra il Bambino invita a una partecipazione consapevole
 al mistero della Rivelazione, prefigurando al tempo stesso il destino 
della Passione di Cristo. Attraverso un linguaggio costruito su sottili 
passaggi di luce e ombra, Savoldo interpreta le esigenze di una 
spiritualità sempre più intima, concreta e partecipata.La riscoperta di questi due artisti è avvenuta grazie al lavoro 
decennale di Giovan Battista Cavalcaselle (Legnago (VR), 1819 – Roma, 
1897), pioniere della disciplina della storia dell’arte, al quale è 
dedicata la seconda sala della mostra. Qui sono riprodotti – per gentile
 concessione della Biblioteca Marciana di Venezia, dove sono confluite 
tutte le sue carte – i disegni di studio relativi alle tre opere 
esposte. Cavalcaselle, in un momento in cui la fotografia non è ancora 
diventata uno strumento chiave per lo sviluppo della storia dell’arte, 
usa la propria abilità di disegnatore per fissare, ora con tratto 
sommario, ora con dovizia di dettagli, la memoria delle opere d’arte 
viste in collezioni pubbliche e private.La mostra dossier si completa con un filmato, una breve “lezione 
immaginata” di Roberto Longhi, che del Cavalcaselle fu in qualche modo 
continuatore, nella quale si leggono le tre opere esposte alla luce dei 
suoi fondamentali studi sui precedenti caravaggeschi. Si ringrazia la Fondazione Roberto Longhi per la condivisione del progetto della “lezione immaginata”.La mostra dossier è a cura di Annamaria Bava e Alessandro Uccelli
Progetto allestitivo Stefania Dassi e Barbara Vinardi
Progetto grafico Paolo Mamino
Filmato prodotto da Stefano P. Testa per Lab80 Film su un testo di Alessandro Uccelli



















I Musei Reali di Torino ringraziano
L’Accademia Carrara di Bergamo
La Biblioteca Marciana di Venezia
La Fondazione Roberto Longhi di Firenze",,,,,,,,,http://media.beniculturali.it/mibac/files/boards/cc31af94b04ef05de1675951275c273e/Lotto_AccademiaCarrara_Bergamo.jpg
http://dati.beniculturali.it/mibact/eventi/resource/CulturalEvent/47051,DUE MOSTRE DOSSIER A CENTO ANNI DALLA SCOMPARSADI MARGHERITA DI SAVOIA,Mostra,"I Musei Reali di Torino raccontano Margherita di Savoia 
(1851-1926), prima regina d’Italia, a cento anni dalla scomparsa, con 
due appuntamenti espositivi dal 21 maggio 2026.Il primo, dal titolo Margherita, prima Regina d’Italia. Storia, cultura e stile tra Palazzo e Biblioteca Reale, è una mostra dossier, allestita fino al 6 gennaio 2027 alla Biblioteca Reale, che custodisce la collezione libraria di Margherita. Curata da Lorenza Santa, Fabio Uliana e Maria Luisa Ricci, la
 rassegna presenta una selezione di libri a stampa, documenti 
d’archivio, incisioni e fotografie, per la maggior parte inediti,
 a testimoniare la vita e gli interessi della sovrana, lettrice curiosa e
 grande appassionata di musica; sono esposti anche doni preziosi e 
singolari, provenienti da tutta Italia, a conferma della popolarità 
della regina e, al contempo, dell’affermarsi nelle arti di un gusto fin de siècle.La mostra si apre con una breve panoramica storica di contesto su Torino, capitale del regno sabaudo, con una pianta topografica della città risalente al 1830, una selezione dei piccoli e raffinati Calendari Reali, e una veduta di Piazza Castello e della Piazzetta Reale durante i festeggiamenti di carnevale del 1857.  A illustrare la vita di Margherita concorre una raccolta di carte d’archivio, volumi e fotografie storiche che documenta la nascita della principessa al Palazzo Chiablese di Torino – menzionata nella Gazzetta Piemontese e
 nella biografia redatta da Onorato Roux nel 1901 con rilegatura in 
stile Art Nouveau -, le sontuose feste organizzate nel 1868 a Torino, 
Firenze e Genova in occasione del matrimonio con il cugino e principe 
ereditario Umberto di Savoia, divenuto re nel 1878 con il nome di 
Umberto I, e l’assassinio dello stesso avvenuto a Monza il 29 luglio 
1900.L’approfondimento dedicato alla cultura negli anni di Margherita si apre con il manoscritto autografo di Alessandro Manzoni, Dell’unità della lingua e dei mezzi per diffonderla, che dà conto dell’attività dell’autore dei Promessi Sposi
 nell’ambito dei lavori della Commissione per l’unificazione linguistica
 nazionale, di cui divenne presidente il 14 gennaio 1868. Una sezione della rassegna è interamente dedicata a Giosuè Carducci: sono presentati un manoscritto miniato che raccoglie numerosi componimenti del poeta e alcuni volumi
 a stampa con dedica autografa a Margherita, per la quale compose l’ode Alla regina d’Italia.Anche il contesto musicale di quegli anni è illustrato attraverso l’esposizione dello spartito della Sinfonia in re per grande orchestra di
 Giovanni Sgambati, che testimonia il rilievo assunto dal compositore 
nella rinascita della musica sinfonica e da camera in Italia tra la 
seconda metà dell’Ottocento e i primi del Novecento, e da quello dell’Inno a Grande Orchestra di Eugenio Pirani. La mostra prosegue con una panoramica sulle rapide modifiche del gusto e della vita quotidiana, con il passaggio dall’eclettismo all’Art Deco, attraverso la stagione del Liberty.Sulla scorta degli ideali del movimento inglese Arts and Crafts,
 anche in Italia alla fine dell’Ottocento e nei primi anni del Novecento
 le arti applicate e l’artigianato ebbero una grande fioritura: 
manufatti d’uso quotidiano, realizzati in modo seriale, traggono spunto 
da raffinati motivi ornamentali. La crescente attenzione all’artigianato
 è testimoniata in mostra da alcuni omaggi provenienti da scuole del regno, come gli eleganti ricami su carta eseguiti da giovanissimi allievi, e da un rarissimo erbario di fine Ottocento che raccoglie varie specie di fiori delle Alpi.In occasione della mostra, le splendide sale settecentesche al primo piano di Palazzo Reale che accolgono l’Appartamento abitato da Margherita tornano
 ad aprirsi eccezionalmente al pubblico, per documentare il cambio di 
destinazione di ambienti e le modifiche fatte secondo il gusto della 
regina e le necessità del cerimoniale di corte con l’Unità di d’Italia. 
Il Palazzo Reale di Torino conserva ambienti unici per ripercorrere la 
vita privata e quella pubblica della prima regina d’Italia. Si avrà 
quindi la possibilità di ammirare il grande ritratto dipinto da Michele 
Gordigiani, immagine iconica di Margherita, le porcellane acquistate 
negli anni del regno presso le più prestigiose manifatture europee e le 
eleganti committenze assegnate agli ebanisti.Nella Sala dei Medaglioni dell’Appartamento di Rappresentanza sarà 
proposto un dialogo inedito tra gli arredi realizzati da Michele Dellera
 e la sontuosa culla di Vittorio Emanuele III, eseguita su disegno del 
napoletano Domenico Morelli da artisti ed esperti artigiani campani, 
donata ai Savoia dalla città di Napoli, concessa in prestito dalla 
Reggia di Caserta fino al 29 settembre.La seconda esposizione che si tiene in contemporanea, dal 21 maggio al 6 gennaio 2027 nel Medagliere Reale, riaperto a dicembre scorso dopo i lavori di riqualificazione, è dedicata a Il Volto delle Donne. L’altra faccia della Storia. Curata da Elisa Panero in collaborazione con Patrizia Petitti e Daniela Speranza,
 la rassegna riprende l’appuntamento avviato con il sostegno di 
Soroptimist Torino nel 2019 e racconta emblematici personaggi femminili 
attraverso la lente delle collezioni numismatiche dei Musei Reali, che 
constano di circa 60.000 tra monete, medaglie e sigilli, un terzo delle 
quali recano volti di donna.Un viaggio ideale tra grandi figure femminili dell’antichità e 
dell’età moderna – tra cui Cleopatra VII, Messalina, Giulia Domna, Galla
 Placidia, Beatrice di Portogallo, Caterina di Russia -, fino a 
Margherita di Savoia che, sulla base di una tradizione secolare, ha 
costruito consapevolmente la propria immagine pubblica. Nella sala del Medagliere Reale è allestito un nucleo di medaglie e 
monete, mentre sul sito web dei Musei Reali di Torino è accessibile un 
percorso virtuale con numerosi approfondimenti, rimandi anche ad altre 
opere delle collezioni museali e contenuti realizzati dal Museo del 
Risparmio.All’interno di Reale Femminile, public program in collaborazione con tutte le Residenze Reali Sabaude del Piemonte, i Musei Reali di Torino hanno calendarizzato una serie di visite
 curatoriali alle mostre dossier e visite di approfondimento agli 
Appartamenti dove risiedettero duchesse, principesse e regine tra il 
Seicento e il Novecento.Le curatrici della mostra Il Volto delle Donne propongono inoltre incontri, a cadenza mensile, dal titolo Tre monete, tre storie in collaborazione con il Museo del Risparmio di Torino, laboratori per famiglie e scuole e il ciclo Se il potere avesse un volto, conversazioni tra storia e contemporaneità sull’immagine femminile nei secoli e il ruolo della donna nella vita pubblica.



















Dal 12 al 14 novembre 2026, inoltre, a Palazzo Reale è in 
programma un convegno di studi dedicato a Margherita di Savoia, prima 
regina d’Italia, organizzato dal Centro Studi delle Residenze 
Reali Sabaude, dal Dipartimento di Storia dell’Università di Torino e 
dal Dipartimento di storia moderna e contemporanea dell’Università 
Cattolica del Sacro Cuore di Milano, in collaborazione con i Musei Reali
 di Torino, il Palazzo Reale di Milano e la Villa Reale di Monza.",,,,,,,,,http://media.beniculturali.it/mibac/files/boards/cc31af94b04ef05de1675951275c273e/2026/MUSEI%20REALI_MOSTRA%20REGINA%20MARGHERITA%202026.jpg
http://dati.beniculturali.it/mibact/eventi/resource/CulturalEvent/47060,Irregolari - Voci di donne dal manicomio di Maggiano,evento solo on-line,"Dal 4 al 7 giugno 2026 torna Archivissima, il festival e la Notte degli Archivi, con un ricco programma di eventi in presenza e online: https://archivissima.it/it/programma""Edizione dopo edizione, il festival si impegna a valorizzare 
presso il grande pubblico i documenti, gli oggetti e le storie 
d’archivio attraverso una commistione di linguaggi innovativi e media 
differenti.""
&nbsp;
L'Archivio di Stato di Lucca partecipa alla manifestazione con il podcast Irregolari. Voci di donne dal manicomio di Maggiano, che darà voce alle storie di tre donne, ricoverate nell'ex 
ospedale psichiatrico di Maggiano negli anni '30-'40 del secolo scorso.
Il podcast sarà pubblicato sul sito del Festival e sul nostro sito a partire dal 5 giugno.",,,,,,,,,http://media.beniculturali.it/mibac/files/boards/f1f30560b0bd9a4a6c8fd402ccd9cf4a/2026/Irregolari%20-%20Home.png
http://dati.beniculturali.it/mibact/eventi/resource/CulturalEvent/47083,Crypta Balbi Il Chiostro Rinascimentale_Copia,Convegno/conferenza,"﻿Inaugura il 18 febbraio il ciclo di conferenze “Il Museo si trasforma“, a cura di Federica Rinaldi e Saveria Petillo, e dedicato alla presentazione dei cantieri del grande progetto ""URBS, dalla città alla campagna romana"". La prima delle conferenze del ciclo sarà ospitato nella chiesa di Santa Caterina de’ Funari, in collaborazione con la Rettoria di S. Caterina de’ Funari e l’Istituto Romano di S. Michele. Alla conferenza Crypta Balbi – Il chiostro rinascimentale intervengono: l'Arch. Saveria Petillo, l'Arch. Mauro Marzullo e lo Studio Jurina e Radaelli. Tutte le conferenze inizieranno alle ore 17.00 con prenotazione su Eventbrite.  Il ciclo di conferenze prosegue con il seguente calendario: nella sede di Santa Caterina dei Funari, il 18 marzo Crypta Balbi • Nuovi dati dallo scavo archeologico e prospettive di valorizzazione; il 15 aprile Crypta Balbi • Il nuovo Museo. Una sfida tra tutela, conservazione e valorizzazione; il 20 maggio Crypta Balbi • Gli spazi di condivisione. Archivi e biblioteche (Parte I); il 17 giugno Crypta Balbi • Gli spazi di condivisione. Laboratori e centro studi (Parte II). Nella Sede di Terme di Diocleziano, in Viale Enrico de Nicola, 78, il 16 settembre Terme di Diocleziano • Roma prima di Roma: il nuovo Museo; il 21 ottobre Terme di Diocleziano • Le aule: restauri e allestimenti in corso; il 18 novembre Terme di Diocleziano • Il nuovo ingresso e i nuovi percorsi di fruizione; nella sede di Palazzo Altemps, in Via di Sant’Apollinare, il 16 dicembre Palazzo Altemps • La Sala del Gioiello e la riqualificazione degli ambienti di accesso al Museo. In allegato e a questo link il programma completo",,,,,,,,,
http://dati.beniculturali.it/mibact/eventi/resource/CulturalEvent/47085,LA NOTTE DEGLI ARCHIVI 2026 - M.I.A. - Missing in Archives - il podcast dell'Archivio di Stato di Siena,Mostra,"In occasione della Notte degli Archivi 2026 sul tema “Quello che non c'è”, organizzata da Archivissima con il patrocinio del Ministero della Cultura, l'Archivio di Stato di Siena ha realizzato un podcast in quattro brevi episodi dal titolo M.I.A. - Missing in Archives. A volte studiando le carte di un archivio ci si accorge di qualche nota stonata, di un ritmo sincopato, che è il primo allarme della mancanza di documenti. Quando poi è stata riconosciuta un’assenza di carte, non si può che cominciare a ricercare i motivi di questa perdita. E grazie al legame che si crea tra le carte di un archivio, è possibile individuare il momento e le cause precise che hanno segnato la vita dei documenti.Potrebbe esserci dietro la volontà precisa di far dimenticare un evento, una damnatio memoriae che ha investito gli archivi in tempi antichissimi; o la mano di un archivista del passato particolarmente zelante in materia di scarti. Oppure un incidente di percorso, una dimenticanza o una fatalità che è stata ingigantita e non si sa più bene quanto materiale è davvero andato perso, o ancora il passaggio di una guerra, che investendo tutto nella sua distruzione non risparmia il patrimonio culturale.Non restano i documenti, ma l’eco dei loro vuoti risuona nel pieno delle altre carte e si fa narrazione.È possibile ascoltare le puntate dalla pagina del nostro istituto sul portale di Archivissima.CREDITIRicerca, registrazione e produzione a cura del personale dell’Archivio di Stato di SienaLe musiche e gli effetti sonori sono risorse di pubblico dominio.",,,,,,,,,http://media.beniculturali.it/mibac/files/boards/beecc471c5aa444b7ec4f2e6749cc900/2026/2026.06.05%20Laravel%201.jpg
http://dati.beniculturali.it/mibact/eventi/resource/CulturalEvent/47141,MOSTRA Passi di memoria. Tra scena e istituzione: la Danza a Firenze tra Ottocento e Novecento,Mostra,"ESPOSIZIONE

11 giugno – 11 settembre 2026 – Sala Marucelli, Sala mostre, Sala cataloghi
Lun., mer., ven.:  8.30 – 14.00
Mar., giov.:  8.30 – 17.00
INGRESSO LIBERO

INAUGURAZIONE
giovedì 11 giugno, ore 17.00

La Biblioteca Marucelliana presenta la mostra Passi di memoria. Tra scena e istituzione: la Danza a Firenze tra Ottocento e Novecento,
 in programma dall’11 giugno all’11 settembre 2026. L’esposizione, 
curata da Maria Alberti, Silvia Castelli, Laura Manzoni e Caterina 
Pagnini, con la collaborazione di Maria Beatrice Sanfilippo, sarà 
inaugurata l’11 giugno 2026. In occasione dell’apertura verrà inoltre 
presentato il catalogo scientifico della mostra, pubblicato da 
Pontecorboli Editore. Il programma prevede anche la presentazione di 
cinque quadri di danza, accompagnati da testi di Nicoletta Manetti, che 
verranno messi in scena da diverse scuole e realtà formative del 
territorio: Accademia Internazionale Coreutica – Scuola di formazione 
professionale (Firenze), A.S.D. Campomarte – Ginnastica ritmica 
(Firenze), Associazione Danzare Cecchetti Ancec Italia (Firenze), Scuola
 di danza Hamlyn (Firenze), New Studio Accademico (Lucca), Scuola di 
danza Salvetti (Firenze), Scuola di danza Smile (Montemurlo, PO). Le 
esecuzioni saranno arricchite dalla musica eseguita dal vivo da Alberto 
Bologni al violino e Alessandro Magini al pianoforte.
La mostra Passi di memoria nasce con l’intento di restituire
 centralità alla danza come pratica artistica, culturale e sociale e, al
 tempo stesso, di valorizzare il ruolo che Firenze ebbe tra Ottocento e 
Novecento quale luogo di incontro di esperienze coreutiche, pedagogiche e
 performative. In un periodo segnato da profonde trasformazioni storiche
 e culturali, la danza si afferma infatti come linguaggio capace di 
interpretare i cambiamenti della società, mentre Firenze si configura 
come un laboratorio dinamico in cui tradizione accademica e 
sperimentazione si intrecciano. Alla scuola di ballo del Teatro della 
Pergola si affiancano nel tempo esperienze d’avanguardia che inseriscono
 il contesto cittadino in un panorama europeo e internazionale, fino 
alla fondazione, nel 1940, della Scuola di ballo del Maggio Musicale 
Fiorentino.
Organizzata in quattro sezioni cronologiche, la mostra ricostruisce 
il ruolo centrale svolto da Firenze nella storia della danza tra la fine
 del XIX e l’inizio del XX secolo. La prima sezione è dedicata 
all’Ottocento, periodo in cui Firenze assume una posizione di primo 
piano nel panorama coreutico italiano ed europeo. Attraverso figure come
 Gaetano Gioia, Salvatore Viganò, Carlo Blasis, Amalia Brugnoli, Enrico 
Cecchetti e Giovanni Lepri, la città contribuisce in modo significativo 
allo sviluppo tecnico e drammaturgico della danza. Un ruolo fondamentale
 è svolto dalla nascita, nel 1864, della Scuola di Ballo del Teatro 
della Pergola. Parallelamente, i teatri fiorentini ospitano una 
pluralità di forme coreutiche, dal balletto romantico alle pratiche 
ginniche, rendendo Firenze un vero crocevia internazionale della cultura
 del corpo.
La seconda sezione approfondisce la prima metà del Novecento, momento
 di straordinaria vitalità per la danza fiorentina. In questi anni la 
città diventa luogo d’incontro tra il balletto classico accademico e le 
nuove avanguardie europee. Centrale è il passaggio di Isadora Duncan, la
 cui danza libera e ispirata all’arte antica trova a Firenze un ambiente
 particolarmente fertile, intrecciandosi con le esperienze teatrali di 
Eleonora Duse e con le riflessioni di Edward Gordon Craig. Accanto a 
esse si sviluppano nuovi approcci pedagogici e performativi influenzati 
dalla ritmica di Émile Jaques-Dalcroze, dalle teorie di Rudolf Laban e 
dalla danza espressionista tedesca. Firenze accoglie così artisti e 
maestri internazionali, configurandosi come un laboratorio culturale 
aperto alla sperimentazione e culminando, nel 1940, nella fondazione 
della Scuola di Ballo del Maggio Musicale Fiorentino.
La terza sezione è dedicata proprio alla nascita della Scuola di 
Ballo del Teatro Comunale e al ruolo svolto dal Maggio Musicale 
Fiorentino nello sviluppo delle arti sceniche italiane. In questo 
contesto emerge la figura di Angiola Sartorio, protagonista della 
diffusione della danza moderna in Italia grazie alla formazione maturata
 nella compagnia di Kurt Jooss e all’influenza del metodo di Rudolf 
Laban. Parallelamente, la direzione della nuova Scuola di Ballo viene 
affidata ad Avia De Luca, allieva di Jia Ruskaja, segnando un momento 
decisivo nella strutturazione dell’insegnamento coreutico a Firenze e 
nella formazione di nuove generazioni di danzatori.
L’ultima sezione, infine, segue le vicende di alcune protagoniste 
della danza fiorentina del secondo dopoguerra, in particolare Laura 
Salvetti e Antonietta Daviso.  Laura Salvetti studia con Angiola 
Sartorio e Kyra Nijinskij e intraprende una brillante carriera come 
danzatrice e coreografa, collaborando con importanti produzioni teatrali
 e contribuendo successivamente alla formazione di nuove generazioni 
attraverso la fondazione della scuola di danza Salvetti nel 1957. 
Accanto a lei emerge anche la figura di Antonietta Daviso, che prosegue 
l’attività didattica avviata da Daria Collin, consolidando il ruolo di 
Firenze come centro vitale della formazione coreutica italiana del 
Novecento.",,,,,,,,,http://media.beniculturali.it/mibac/files/boards/6df587868bf826528a0fff87cebdc7eb/2026/PASSI%20DI%20MEMORIA_banner_Laravel.jpg
http://dati.beniculturali.it/mibact/eventi/resource/CulturalEvent/47162,"Visite guidate alla mostra ""L'ULTIMA RINASCITA. Dei ed eroi agli albori dell'età della tecnica 1890/1935""",Visita Guidata,"Visite guidate alla mostra ""L'ULTIMA RINASCITA. Dei ed eroi agli albori dell'età della tecnica 1890/1935""Il
 Museo nazionale Collezione Salce propone un ciclo di visite guidate 
alla mostra L'ULTIMA RINASCITA. Un percorso guidato alla ricerca del 
mito e degli eroi nella pubblicità moderna. Le attività sono curate da 
CoopCulture.Calendario degli appuntamentiSabato 13 giugno, ore 10:30Venerdì 26 giugno, ore 16:30Sabato 19 settembre, ore 10:30Domenica 11 ottobre, ore 10:30Sabato 17 ottobre, ore 15:30Venerdì 30 ottobre, ore 16:30Informazioni utiliSede: Museo nazionale Collezione Salce, Santa Margherita — Via Reggimento Italia Libera, Treviso.Meeting point: Biglietteria della sede di Santa Margherita.Condizioni e tariffeCosto della visita guidata: € 8,00.Escluso: Il biglietto di ingresso al Museo, da acquistare separatamente presso la biglietteria.Prenotazioni e contattiLa prenotazione è obbligatoria e può essere effettuata tramite i seguenti canali:E-mail: musei.treviso@coopculture.itPiattaforma web: Sito CoopCulture",,,,,,,,,http://media.beniculturali.it/mibac/files/boards/3866906f1017fc6aa15df7f749c01fec/2026_SALCE/ULTIMA%20RINASCITA/Ultima%20Rinascita%20Visite.jpg
http://dati.beniculturali.it/mibact/eventi/resource/CulturalEvent/47198,OMAN and ITALY: Two Millennia of Cross-Civilisational Dialogue,Mostra,"MILANO | PINACOTECA DI BRERABIBLIOTECA NAZIONALE BRAIDENSE | SALA MARIA TERESA18 GIUGNO – 13 SETTEMBRE 2026OMAN AND ITALY: TWO MILLENNIA OF CROSS-CIVILISATIONAL DIALOGUEL’esposizione racconta, attraverso una selezione di 59 opere, manufatti, manoscritti, mappe e testimonianze storiche che spaziano dall’Età del Ferro alla contemporaneità, la storia di scambi e relazioni che per oltre due millenni ha collegato il Sultanato dell’Oman al Mediterraneo, all’Italia e alle grandi reti culturali e commerciali del mondo antico e moderno.La rassegna pone particolare attenzione alle connessioni che nel corso dei secoli hanno legato l’Oman all’Italia e al più ampio contesto mediterraneo. Il percorso allestito nella Sala Maria Teresa della Biblioteca Nazionale Braidense mette in luce come il Sultanato interagisse profondamente con le principali realtà culturali e commerciali europee. Le testimonianze di mercanti, viaggiatori e cartografi veneziani contribuirono a diffondere in Europa la conoscenza dei porti omaniti e delle rotte dell’Oceano Indiano; mentre i racconti provenienti dagli ambienti degli Stati Pontifici offrirono al pubblico europeo alcune delle prime descrizioni di Muscat e della Penisola Arabica.A cura di S. E. Jamal Hassan Al-Moosawi, Segretario Generale del National Museum of OmanOrari: da lunedì a venerdì 9.30 – 17.30; sabato 9.30 – 13.00Ingresso libero",,,,,,,,,http://media.beniculturali.it/mibac/files/boards/bec8803f226b6c1f1d4be3ed98d36b8e/Sala_Maria_Teresa_d'Austria_nella_Biblioteca_Nazionale_Braidense_di_Milano_©_James_O'Mara.jpg
http://dati.beniculturali.it/mibact/eventi/resource/CulturalEvent/47244,"Troia e Roma. Miti, leggende, storie del Mediterraneo antico",Mostra,"Il Ministero della Cultura annuncia l’apertura della mostra “Troia e Roma. Miti, leggende, storie del Mediterraneo antico”, in programma dal 12 giugno al 18 ottobre 2026 presso il Parco archeologico del Colosseo.L’iniziativa si inserisce nel quadro dell’accordo bilaterale siglato nell’aprile 2025 a Roma tra il Ministro della Cultura, Alessandro Giuli, e il Ministro della Cultura e del Turismo della Repubblica di Turchia, Mehmet Nuri Ersoy, volto a rafforzare la cooperazione culturale tra i due Paesi.A tale intesa ha fatto seguito, nel dicembre 2025, la sottoscrizione di uno specifico accordo tecnico sulla mostra, presso la Direzione generale dei Beni culturali e dei Musei del Ministero turco, diretto da Birol İnceciköz, da parte di Alfonsina Russo, Capo Dipartimento per la valorizzazione del patrimonio culturale, e Simone Quilici, Direttore del Parco archeologico del Colosseo.Promossa nell’ambito delle linee di azione del Piano Mattei per l’Africa e il Mediterraneo, la mostra rappresenta un’importante iniziativa di diplomazia culturale finalizzata a consolidare i rapporti tra Italia e Turchia, valorizzando il patrimonio storico e archeologico quale strumento di dialogo, sviluppo sostenibile e crescita socio-economica. L’iniziativa, inoltre, costituisce uno dei più ampi eventi espositivi mai dedicati a Troia, capace di riportare al centro del dibattito scientifico e culturale la complessità storica di un sito a lungo identificato quasi esclusivamente con il mito e di rappresentare il suo legame con Roma.La mostra è curata da Alfonsina Russo, Roberta Alteri, Alessio De Cristofaro, Bülent Gönültaş, Mehtap Ateş, Deniz Doğu Yöndem, Rüstem Aslan. LA MOSTRALa mostra presenta più di 300 reperti, provenienti da alcuni dei principali musei italiani e da Troia, molti dei quali esposti per la prima volta in Italia. Grazie al ruolo centrale del Ministero della Cultura e del Turismo turco, sono infatti oltre 220 le opere in prestito da 19 musei turchi, di cui ben 50 mai viste prima dal pubblico italiano. Il percorso espositivo, introdotto da una replica monumentale del Cavallo di Troia, consente di mettere in dialogo testimonianze archeologiche fondamentali per la conoscenza del patrimonio storico e mitico di Ilio con materiali che documentano la diffusione e la rielaborazione del mito di Enea fino alla fondazione di Roma.Il progetto, elaborato dal Dipartimento per la valorizzazione del patrimonio culturale, prevede inoltre attività di ricerca, disseminazione e valorizzazione, con l’obiettivo di rafforzare la collaborazione scientifica tra Italia e Turchia, promuovere a livello internazionale la conoscenza dei rispettivi patrimoni culturali e favorire modelli di sviluppo basati su un turismo sostenibile e di qualità. L’esposizione intende offrire al grande pubblico un racconto organico e scientificamente aggiornato delle vicende culturali e storiche di Troia e Roma, riannodando idealmente i fili del mito, della leggenda e della realtà storica in una narrazione unitaria che abbraccia circa tre millenni di civiltà anatolica e italica. il percorso si sviluppa lungo un doppio binario, letterario e archeologico, restituendo una lettura critica e comparata delle fonti oggi disponibili.“Con questa iniziativa di diplomazia culturale – dichiara il Ministro della Cultura, Alessandro Giuli – proiettiamo sulla scena internazionale la forza narrativa di un mito fondativo, restituendo la concretezza delle evidenze archeologiche di una civiltà originaria e generatrice. Un’esposizione che conferisce all’epica una dimensione tangibile, capace di intrecciare la costruzione mitologica con il luogo che ne è stato matrice e ispirazione”.“Portiamo la storia epica di Troia al Colosseo, uno dei più importanti punti d’incontro del turismo mondiale, con una mostra che unisce rigore scientifico, tutela e capacità narrative” – dichiara il Ministro della Cultura e del Turismo della Turchia, Mehmet Nuri Ersoy – Questo progetto rende accessibile a un pubblico globale un patrimonio di valore universale e rappresenta un passo significativo nella cooperazione culturale internazionale”. LE SEZIONI DELLA MOSTRALa mostra si apre con un’ampia sezione dedicata alla ricostruzione storica, archeologica e topografica del sito di Troia, attraverso un significativo nucleo di reperti provenienti dai musei turchi. Tale sezione offre, inoltre, una panoramica inedita sul mondo ittita e sulle diverse realtà culturali dell’Anatolia del III e II millennio a.C.La seconda sezione è dedicata alla Guerra di Troia, raccontata a partire dal punto di vista dei Troiani, con particolare attenzione ai protagonisti e agli eventi principali del conflitto. Ampio spazio è riservato alla figura di Omero e al tema della tradizione epica, analizzata nei suoi risvolti filologici, storici e antropologici. La sezione si conclude con la caduta della città (Ilioupersis) e l’avvio della diaspora che vede protagonista Enea.La terza sezione approfondisce il viaggio di Enea, ricostruito sulla base delle tradizioni letterarie – da Stesicoro a Virgilio – e della documentazione archeologica. Particolare rilievo è attribuito ai contesti italiani, con la valorizzazione di siti dell’Italia meridionale, della Sicilia e del Lazio legati al passaggio dell’eroe troiano. La sezione propone anche un quadro ricostruttivo del Lazio tra il XII e il IX secolo a.C., offrendo strumenti interpretativi per una contestualizzazione storica del mito.La quarta sezione è dedicata al mito di Romolo e alla fondazione di Roma, attraverso l’analisi delle principali tradizioni e la presentazione di reperti e testimonianze figurative di grande rilevanza. Viene ricostruito il quadro della Roma arcaica e approfondito il processo attraverso il quale i Romani elaborarono la propria origine troiana, elemento centrale nella costruzione dell’identità politica e ideologica della città. La sezione si conclude con un focus sull’età augustea, su Virgilio e sulla canonizzazione della saga eneadica.Attraverso il racconto di figure emblematiche quali Paride, Elena, Priamo, Ecuba, Cassandra, Ettore, Agamennone, Menelao, Achille, Patroclo, Enea, Lavinia, Ascanio e Romolo, la mostra propone un viaggio critico e accessibile nella memoria condivisa del Mediterraneo, evidenziando la perdurante attualità di miti e storie che continuano a costituire un ponte tra passato e presente.",,,,,,,,,http://media.beniculturali.it/mibac/files/boards/fbf9facf549199d548ef6fc38c4d0191/2026/Colosseo_Troia_Social_1500x709-1920x907.jpg
http://dati.beniculturali.it/mibact/eventi/resource/CulturalEvent/47282,La Biblioteca di Disegni,Mostra,"Viene presentata nella sala esposizioni della biblioteca Riccardiana una selezione scelta della Biblioteca di Disegni stampata a Firenze da Fratelli Alinari tra il 1976 e il 1981, opera monumentale donata al nostro istituto da Claudio de Polo Saibanti.Si tratta di un' opera di grande importanza che raccoglie in 28 volumi ben 1120 riproduzioni, con metodo collotipia, dei disegni delle scuole italianedal XIV secolo al XVII secolo.Le 1120 riproduzioni sono state realizzate dalla Fratelli Alinari di Firenze con le ultime macchine operanti al mondo che utilizzavano il metodo dellacollotipia, raffinata tecnica artigianale inventata a metà dell'800.Alle riproduzioni dei disegni si uniscono 28 volumi con importanti contributi scientifici. Con una tiratura di 325 esemplari numerati, si tratta della piùgrande impresa realizzata in assoluto con questo tipo di stampa.La mostra rimarrà aperta dal 22 giugno fino all'11 settembre 2026 e sarà visitabile liberamente durante gli orari di apertura della biblioteca.",,,,,,,,,http://media.beniculturali.it/mibac/files/boards/49f5dab572b1d01da6be34a161036030/Mostra%20la%20푩풊풃풍풊풐풕풆풄풂%20풅풊%20푫풊풔풆품풏풊.jpg
http://dati.beniculturali.it/mibact/eventi/resource/CulturalEvent/47284,L’Annunciazione di Jacopo della Quercia torna al Santuccio,Altro,"Da mercoledì 10 giugno sarà possibile ammirare nella Chiesa di Santa Maria degli Angeli, detta del Santuccio, il gruppo scultoreo policromo dell’Annunciazione di Jacopo della Quercia, uno dei massimi capolavori della scultura senese del primo Quattrocento.L’esposizione rappresenta un’occasione speciale per riscoprire il profondo legame che unisce queste straordinarie opere alla storia del Santuccio. Sebbene le statue dell’Angelo annunciante e della Vergine non siano state realizzate per questa chiesa, nel Seicento furono dorate e collocate nelle sue nicchie, diventando parte integrante della sua identità artistica e della memoria devozionale della città.Orari di aperturaLa Chiesa di Santa Maria degli Angeli sarà visitabile per tutta l’estate ogni mercoledì, dalle ore 9.00 alle ore 19.00.Nel mese di giugno sono previste inoltre aperture straordinarie nelle giornate di martedì 16, 23 e 30 giugno.Per informazioni: mn-si.comunicazione@cultura.gov.it",,,,,,,,,http://media.beniculturali.it/mibac/files/boards/9c13ab39dbc3c39b5f8a8776e3fe6d18/2026/SANTUCCIO%20ANNUNCIAZIONE.jpg
http://dati.beniculturali.it/mibact/eventi/resource/CulturalEvent/47323,L’ANGELO E LA LUNA – edizione 2026,Festival,"Torna anche quest’anno L’Angelo e la luna, il Festival di circo contemporaneo, danza, musica e teatro promosso dall’Istituto Pantheon e Castel Sant’Angelo – Direzione Musei nazionali della città di Roma, diretto da Luca Mercuri: un ciclo di eventi serali che intrecciano linguaggi contemporanei e patrimonio culturale, offrendo nuove modalità di fruizione degli spazi monumentali di Castel Sant’Angelo.Dal 2 luglio al 4 ottobre 2026, il Festival, curato da Anna Selvi, propone quindici spettacoli (quarantuno repliche) di artisti nazionali e internazionali che animeranno i molteplici ambienti del Castello: dalla Corte di Alessandro VI alla Sala Paolina, dal Bastione San Matteo alla Sala Apollo, dal Cortile dell’Angelo alla Terrazza panoramica.Attraverso spettacoli, concerti, performance itineranti, danza e circo contemporaneo, la rassegna coinvolgerà progressivamente l’intero percorso di visita, valorizzando gli spazi di Castel Sant’Angelo attraverso forme espressive capaci di mettere in relazione patrimonio, contemporaneità e nuovi pubblici.Castel Sant’Angelo è oggi sempre più un luogo di produzione culturale e di partecipazione – commenta il Direttore dell’Istituto Pantheon e Castel Sant’Angelo – Direzione Musei nazionali della città di Roma, Luca Mercuri – capace di affiancare alla visita nuove occasioni di esperienza e conoscenza. Con L’Angelo e la luna il Castello prosegue il proprio dialogo con i linguaggi della contemporaneità, offrendo nuove modalità per conoscere e vivere uno dei monumenti più significativi del patrimonio culturale italiano. La musica, il teatro, la danza e il circo contemporaneo ampliano le forme di fruizione del monumento, rafforzandone il rapporto con la città e contribuendo a coinvolgere pubblici sempre più ampi e diversificati.Il primo appuntamento (giovedì 2 luglio ore 21.00) sarà con il concerto della band Baba Yaga, fra le realtà emergenti più interessanti della scena internazionale, che con la loro musica autentica e il sound energico e virtuosistico portano a Roma il loro ultimo album dal titolo Grenzenlos, tra brani balcanici, melodie klezmer, swing vivace e jazz gitano.Segue lo spettacolo teatrale di Lorenzo Gioielli, con Marco Cavalcoli e Lorenzo Tomio dal titolo L’anima del mondo. Per Adriano imperatore, nostro contemporaneo (venerdì 10 luglio ore 21.00): un racconto reale, ma anche un omaggio poetico e musicale all’imperatore Adriano, ideatore del mausoleo da cui ebbe origine Castel Sant’Angelo. Uno spettacolo che intreccia racconto, musica e riflessione, il cui titolo evoca un principio antico, ovvero l’idea che esista una forza creatrice che non domina il mondo, ma lo plasma, lo ordina, lo rende degno di essere abitato.Non manca il consueto appuntamento per i più piccoli, a cui è dedicato lo spettacolo di danza Cuor di Coniglio (per bambini dai 6 anni in su, giovedì 16 luglio ore 21.00), una favola moderna realizzata dalla Compagnia Dimitri / Canessa che, attraverso il linguaggio del teatro fisico e della clownerie, invita a riflettere sull’accettazione di sé e delle proprie fragilità.Segnando un nuovo passaggio della consolidata collaborazione artistica di Michelangelo Lupone e Ricky Bonavita, Segni – Excursus (giovedì 23 luglio 2026 ore 21.00) porterà a Castel Sant’Angelo una serata di musica e danza contemporanea, con un’articolata regia musicale e coreografica, diverse azioni sulla scena e altrettanti personaggi che la popolano.Per cinque giorni, dal 28 al 30 luglio e ancora il 1° e 2 agosto, Il castello degli angeli ostinati, spettacolo di circo, musica e storie di ostinata meraviglia ideato dal drammaturgo circense Giacomo Costantini, tra i protagonisti del circo contemporaneo italiano, darà vita a un racconto itinerante che integra le molteplici forme espressive del circo con la musica dal vivo, il teatro e la letteratura.Il progetto è vincitore per la seconda volta del bando della Direzione Generale Spettacolo per la valorizzazione degli spettacoli dal vivo nei musei.A seguire (mercoledì 5, giovedì 6 agosto ore 19.00 e 21.45) Promenade, creazione itinerante site-specific di e con Ambra Senatore, coreografa e direttrice del Centro Coreografico Nazionale di Nantes dal 2016 al 2025, in complicità con gli interpreti. Anche questo lavoro è particolarmente adatto ai bambini dagli 8 anni in su. Nelle stesse date ma sul palcoscenico (mercoledì 5, giovedì 6 agosto ore 20.30) Ambra propone Partita, relazione giocosa fra la coreografia e la musica del compositore Jonathan Kingsley Seilman, che si dispiega sulla variazione e sull’interpretazione, tra musica, danza e parola, partendo dal pretesto della memoria.In scena anche 100 Miles – The Journey Continues (mercoledì 12 agosto 2026 ore 21.00), concerto in cui il sestetto formato da Nico Gori, Dario Cecchini, Fabrizio Savino, Cettina Donato, Dario Rosciglione e Mimmo Campanale cerca di dare risposta alla domanda: “Che musica avrebbe immaginato oggi Miles Davis, immerso nei linguaggi sonori e nelle influenze del nostro tempo?”.Da Parigi il danzatore e coreografo Gennaro Lauro, vincitore del bando Residenze 2025 e del bando CollaborAction#3 di Anticorpi XL, porta in scena, nella Sala Paolina, Mondo (mercoledì 26 agosto 2026 ore 19.00 e 21.30): epilogo del suo attuale lavoro di ricerca su ciò che egli stesso definisce la “supremazia del risultato”, la smania di compimento, il desiderio di una narrazione accurata che possa valere per sempre.Mentre dalla Svizzera arrivano i coreografi e danzatori Sasha Riva e Simone Repele, attivi da anni in un comune percorso artistico, con una coinvolgente Soirée accompagnati dal violinista Leonardo Mazzarotto (mercoledì 2 settembre 2026 ore 19.00 e 21.30).Il Festival prosegue (mercoledì 9 settembre 2026 ore 21.00) con Filippo Nigro, protagonista e regista assieme a Fabrizio Arcuri, che portano in scena un racconto di autofiction scandito da “liste di cose per cui vale la pena vivere”: questo è Every Brilliant Thing.A seguire (mercoledì 16 settembre 2026 ore 19.00 e ore 21.30) AeReA del duo Ginevra Panzetti ed Enrico Ticconi, progetto vincitore del Premio Hermès Danza Triennale Milano, si realizza attorno a un oggetto simbolo di appartenenza e nel contempo di separazione: la bandiera.Attraverso un approfondito studio cinetico dell’antica tradizione dello sbandieramento – pratica nata sui campi di battaglia e poi evoluta in pratica coreografica – la performance ne rielabora il codice, facendo luce sul valore simbolico della bandiera all’interno della contemporaneità.Il 23 e 24 settembre (ore 21.00) ancora due serate dedicate al grande teatro con il duo di artisti e performer Flavia Mastrella e Antonio Rezza, presenti a Castel Sant’Angelo con lo storico spettacolo teatrale d’avanguardia IO e con i “tanti” personaggi dello spettacolo PITECUS, che si muovono in un microcosmo disordinato, assumendo forme comiche e caricaturali: un attraversamento grottesco e surreale della psiche umana.Infine, il 4 ottobre alle ore 21.00 Massimo Verdastro racconta la figura del santo di Assisi attraverso la narrazione che ne è stata fatta nei secoli: le voci di chi lo ha incontrato e di chi lo ha ricordato si intrecciano per rievocare la figura di un uomo che ha saputo unire spiritualità e arte, semplicità e profondità, trasformando la propria esperienza di vita in una forma di espressione universale. Francesco, l’Angelo degli ultimi è accompagnato dall’arpa di Dario Guidi.INFO E BIGLIETTIL’ingresso agli spettacoli è consentito fino ad esaurimento dei posti disponibili ed è incluso nel costo del biglietto del Museo richiedendo, al momento dell’acquisto, la formula “museo + spettacolo”.I biglietti sono acquistabili tramite l’App Musei Italiani oppure online al seguente indirizzo:https://ticketing.coopculture.it/catalog/BE90C17E-A60E-F8ED-3736-0198628DEE88Oppure direttamente presso il botteghino del Museo. COOPCULTURE+39 06 39967100info@coopculture.itINFORMAZIONICastel Sant’AngeloLungotevere Castello 50, 00193 Roma+39 06 6819111Nelle serate di apertura straordinaria il Museo sarà aperto in orario continuato dalle ore 19.30 alle ore 23.30 (ultimo ingresso alle ore 22.30).Facebook: http://www.facebook.com/MuseoCastelSantAngeloInstagram: http://www.instagram.com/castelsantangeloYouTube: http://www.youtube.com/c/DirezioneMuseiStatalidellaCittàdiRomaSito web: https://direzionemuseiroma.cultura.gov.it/museo-nazionale-di-castel-santangelo/",,,,,,,,,http://media.beniculturali.it/mibac/files/boards/128ae52db40cae8510626c2ef301bafd/Museo%20Nazionale%20di%20Castel%20Sant'Angelo/2026/L'Angelo%20e%20la%20Luna%202026.jpg
http://dati.beniculturali.it/mibact/eventi/resource/CulturalEvent/47389,ORARIO PROLUNGATO FINO A SETTEMBRE 2026 PER L'AREA ARECHEOLOGICA DI POGGIO MOSCINI,Apertura Straordinaria,"Si comunica il calendario dei sabati con apertura al
pubblico con orario prolungato dalle ore 08.00-alle ore 20.00 che, fino al mese
di settembre 2026, verrà osservato nell’area archeologica di Poggio Moscini a
Bolsena. Nel mese di Giugno i sabati 13 e 27; Nel mese di Luglio         
 ""       11 e 25; Nel mese di Agosto       
 ""        08, 22 e 29; Nel mese di Settembre  ""     
 12 e 26.",,,,,,,,,
http://dati.beniculturali.it/mibact/eventi/resource/CulturalEvent/47395,LE VOCI DI SOPRA | Certosa di San Martino | Notturni,Concerto,"Notturni
– Cinque voci del pianoforte internazionale alla Certosa di San
Martino La Certosa di San Martino si prepara ad accogliere cinque tra le voci più autorevoli del concertismo pianistico internazionale all'interno di un progetto culturale inedito e di ampio respiro: ""Le voci di sopra: suoni e visioni dei Musei nazionali del Vomero"". Dal 19 giugno al 4 ottobre, questa grande rassegna estiva unirà per la prima volta sotto un unico programma i tre Musei nazionali del Vomero, tre luoghi simbolo della collina napoletana: Castel Sant'Elmo, la Certosa di San Martino e Villa Floridiana.Promossa dal nuovo istituto autonomo, ""Le voci di sopra"" – titolo che omaggia la celebre commedia di Eduardo De Filippo – nasce con una missione chiara: aprire i musei alla città, accogliere nuove voci e trasformare i luoghi della cultura in spazi vivi di creatività, partecipazione e confronto. Mettendo in dialogo il patrimonio storico con la contemporaneità, il progetto mira a creare un'identità comune tra i tre siti, offrendo un programma trasversale capace di coinvolgere cittadini e turisti di tutte le età.È proprio in questa cornice di rinnovata apertura che si inserisce ""Notturni”, la rassegna di recital pianistici alla Certosa di San Martino&nbsp;- organizzata dai Musei Nazionali del Vomero in collaborazione con Napoli Opera House e&nbsp;curata da Luca De Lorenzo - che animerà gli spazi del complesso trecentesco del Vomero. Due serate a luglio e tre a settembre, il pianoforte risuonerà nel Cortile Monumentale — con la straordinaria quinta della Chiesa barocca a fare da sfondo.Luoghi che conservano ancora la memoria di una vita centrata sul silenzio e sulla contemplazione, e che per questo si rivelano la cornice ideale per una musica capace di fermare il tempo.Il cartellone unisce maestri affermati sui palcoscenici di tutto il mondo e giovani talenti già premiati a livello internazionale.La rassegna pianistica Notturni, organizzata dai Musei Nazionali del Vomero in collaborazione con Napoli Opera House e curata da Luca De LorenzoIl calendario dei concertidal 9 luglio al 25 settembre dalle 20.30 alle 22.00&nbsp;&nbsp; &nbsp; • 9 LUGLIO&nbsp; &nbsp; &nbsp; &nbsp; &nbsp; &nbsp; &nbsp; &nbsp; &nbsp; &nbsp;Roberto Cominati&nbsp; &nbsp; • 17 LUGLIO&nbsp; &nbsp; &nbsp; &nbsp; &nbsp; &nbsp; &nbsp; &nbsp; &nbsp;Elia Cecino&nbsp; &nbsp; • 17 SETTEMBRE&nbsp; &nbsp; &nbsp; &nbsp; &nbsp;Giuseppe Andaloro&nbsp;&nbsp; &nbsp; • 20 SETTEMBRE&nbsp; &nbsp; &nbsp; &nbsp; &nbsp;Sara Amoresano&nbsp; &nbsp; • 25 SETTEMBRE&nbsp; &nbsp; &nbsp; &nbsp; &nbsp;Gile BaeL’ingresso è consentito dalle ore 19.30. Il biglietto d'ingresso ha un costo di 15 euro. I ticket sono acquistabili online sul sito www.museiitaliani.it oppure in loco presso la biglietteria, previa disponibilità residua.
﻿",,,,,,,,,http://media.beniculturali.it/mibac/files/boards/e180104b5167b3328bb3975350efbb08/MNV/MNV_LE_VOCI_DI_SOPRA_2026.jpg
http://dati.beniculturali.it/mibact/eventi/resource/CulturalEvent/47396,LE VOCI DI SOPRA | Certosa di San Martino | Phoné,Festival,"Phoné. Incontri sulla poesia contemporanea"": parole sospese tra la collina e il mare sul Terrazzo della Magnolia della Certosa di San MartinoLa Certosa di San Martino si prepara ad accogliere la parola poetica nei suoi spazi più contemplativi, all'interno di un progetto culturale inedito e di ampio respiro: ""Le voci di sopra: suoni e visioni dei Musei nazionali del Vomero"". Dal 19 giugno al 4 ottobre, questa grande rassegna estiva unirà per la prima volta sotto un unico programma i tre Musei nazionali del Vomero, tre luoghi simbolo della collina napoletana: Castel Sant'Elmo, la Certosa di San Martino e Villa Floridiana.I musei non sono scrigni chiusi. Sono organismi vivi, capaci di respirare, trasformarsi e parlare al tempo presente. È da questa convinzione che nasce ""Le voci di sopra: suoni e visioni dei Musei nazionali del Vomero"": non una semplice rassegna estiva, ma un atto di apertura. Un gesto con cui tre luoghi straordinari della collina napoletana — Castel Sant'Elmo, la Certosa di San Martino e Villa Floridiana — scelgono di varcare i propri confini storici per farsi piazze, palcoscenici, spazi di incontro e di comunità.È proprio in questa cornice di rinnovata apertura che si inserisce ""Phoné. Incontri sulla poesia contemporanea"", il ciclo di tre appuntamenti curato da Carmen Gallo e Bernardo De Luca, in programma dal 18 al 20 settembre sul Terrazzo della Magnolia della Certosa di San Martino — quello stesso terrazzo sospeso tra la collina e il mare, sull'antica Passeggiata dei Monaci, che per secoli ha ospitato il silenzio e la meditazione certosina.Non è un caso che la poesia abbia scelto questo luogo. La Certosa di San Martino custodisce ancora intatta la sua vocazione alla contemplazione, al raccoglimento, all'ascolto profondo: le stesse qualità che la grande poesia richiede e genera. In questo spazio dove l'architettura dialoga con la natura e il tempo sembra rallentare, la parola poetica ritrova la sua dimensione più autentica — quella di una voce che si rivolge all'interiorità, che dà forma al tempo individuale e collettivo.Il calendario degli appuntamenti- 18 - 19 settembre ore 19.30    ingresso consentito dalle ore 18.30 alle ore 19.45- 20 settembre 18.00ingresso consentito dalle ore 17 alle ore 18.15POESIE di:  Amelia Rosselli | Mario Benedetti | Andrea ZanottoIl biglietto d'ingresso ha un costo di 10 euro. I ticket sono acquistabili online sul sito www.museiitaliani.it oppure in loco presso la biglietteria, previa disponibilità residua.",,,,,,,,,http://media.beniculturali.it/mibac/files/boards/e180104b5167b3328bb3975350efbb08/MNV/MNV_LE_VOCI_DI_SOPRA_2026.jpg
http://dati.beniculturali.it/mibact/eventi/resource/CulturalEvent/47405,LE VOCI DI SOPRA | Castel Sant'Elmo | Pessoa Luna Park,Altro,"﻿﻿Pessoa
Luna Park al Fossato di Castel Sant'ElmoAll'interno
della rassegna estiva ""Le voci di sopra: suoni e visioni dei Musei
nazionali del Vomero"", apre il Pessoa Luna Park (16 luglio - 4 ottobre
2026).L'iniziativa
porta in città un format di innovazione culturale volto alla riattivazione
temporanea di aree urbane sottoutilizzate. In questa edizione, l'intervento
coinvolge il complesso monumentale di Castel Sant’Elmo, restituendo finalmente
alla comunità il suo Fossato, un luogo finora inaccessibile al pubblico.L'obiettivo
è trasformare questi luoghi storici in parchi culturali partecipati all'aperto,
pensati soprattutto per gli under 35 e le giovani famiglie, offrendo un ricco
programma di attività:·      
Installazioni
artistiche e workshop di autocostruzione.·      
Concerti
dal vivo, cinema e teatro.·      
Format
culturali e innovativi, tra cui podcast e sessioni ""Live & Talk"".·      
Aree
dedicate, come l'Area Kids, spazi per i ""Serious Games"" ed eventi di
comunità.Date
e OrariL'evento
si terrà dal 16 luglio fino al 4 ottobre, osservando una pausa estiva dal 10
agosto al 2 settembre.·      
Dal 16
luglio al 9 agosto:
aperto dal giovedì alla domenica, dalle ore 17.30 alle 01.00.·      
Dal 3
settembre al 4 ottobre:
aperto il giovedì e il venerdì dalle ore 17.30 alle 01.00; il sabato e la
domenica dalle ore 11.00 alle 01.00.Biglietti
e TariffeI
biglietti sono acquistabili online sul portale www.museiitaliani.it o in loco
presso la biglietteria (in caso di disponibilità residua).·      
Under 18: Gratuito.·      
Giovani
(da 18 a 25 anni):
2,00 euro.·      
Intero: 2,50 euro.·      
Abbonamento: 15,00 euro (valido per 15
ingressi).",,,,,,,,,http://media.beniculturali.it/mibac/files/boards/e180104b5167b3328bb3975350efbb08/Castel_Sant_Elmo/MNV_CASTEL_SANTELMO_PESSOA.jpg
http://dati.beniculturali.it/mibact/eventi/resource/CulturalEvent/47424,Mostra Veder greco in Etruria: le idrìe di Cerveteri,Mostra,"Al
Museo Archeologico Nazionale Cerite una grande mostra organizzata dal PACT per
esaltare il ruolo di Cerveteri quale capitale culturale nel Mediterraneo
antico. La
Direzione del Parco Archeologico di Cerveteri e Tarquinia (PACT),
al termine di una intensa stagione di lavori di manutenzione straordinaria
finanziati dalla Comunità Europea che hanno interessato i siti di propria
competenza, offrirà al pubblico due importanti mostre di approfondimento sul
mondo degli Etruschi e sul ricco patrimonio storico e archeologico che li
contraddistingue.La
prima rassegna vedrà protagonista Cerveteri.Nel
mese di giugno, presso il Museo Archeologico Nazionale Cerite di
Cerveteri verrà inaugurata la mostra “Veder greco in Etruria”: le
idrìe di Cerveteri. Curata dal Direttore Dott. Vincenzo
Bellelli e dal Dott. Patrizio Fileri, l’iniziativa
coinvolgerà prestigiosi partner nazionali e internazionali, quali il Louvre, il
British Museum, i Musei Vaticani, il Museo Nazionale Etrusco di Villa Giulia e
i Musei Capitolini, cui si aggiungono numerosi altri prestatori italiani.La
mostra esalterà il ruolo internazionale di Cerveteri – vera e propria metropoli
mediterranea – in età arcaica e il suo rapporto speciale con il mondo
greco-orientale, attraverso l’esposizione di una ampia varietà di ceramiche di
importazione ionica e di opere che ne dimostrano l’influsso sulla produzione
locale. Esempi significativi di questi contatti si ritrovano tanto nella
pittura vascolare che nelle terrecotte decorative impiegate nell’architettura,
produzioni di cui Cerveteri, nella seconda metà del VI secolo a.C. risulta
protagonista assoluta, sia in quanto centro di importazione privilegiato, che
come centro di incubazione e sviluppo di nuove tendenze artistiche.Focus
della mostra saranno le hydriai (contenitori di
acqua) ceretane: una classe di ceramiche dipinte eccezionali per
qualità, rarità e raffinatezza, di stile greco-orientale, ma rinvenute
esclusivamente a Cerveteri. Per la prima volta saranno esposti insieme il più
ricco nucleo di hydriai ceretane del mondo, ovvero quello del Museo del Louvre proveniente
dalla collezione del marchese Campana, e quello altrettanto cospicuo del Museo Etrusco
di Villa Giulia.  Si potranno inoltre ammirare da vicino, per la prima
volta insieme, la celeberrima hydria della Polledrara conservata
al British Museum e la “regina” dei vasi ionici rinvenuti in Etruria, ovvero l’hydria
Ricci, due capolavori assoluti della ceramografia antica. In mostra sarà
altresì esposta la più antica hydria ceretana di provenienza nota, l’esemplare
conservato a Londra con scontro di guerrieri. Insieme alle hydriai saranno
esposti per l’occasione numerosi materiali poco noti o inediti che
illustreranno le connessioni dell’ambiente artistico locale con questi
straordinari vasi istoriati. Significative testimonianze di pittura su
terracotta di uso architettonico favoriranno il confronto immediato tra i
diversi media artistici in modo da comunicare efficacemente l’impronta
stilistica e l’immaginario visivo della Cerveteri arcaica. L'iniziativa
del PACT gode del patrocinio della Regione Lazio, del Comune di Cerveteri e
dell'istituto nazionale di Studi Etruschi ed Italici  “Veder
greco in Etruria”: le
idrìe di CerveteriA cura di
Vincenzo Bellelli e Patrizio FileriDal 4 giugno
al 31 ottobre 2026 Cerveteri,
Museo Archeologico Nazionale CeritePiazza Santa Maria – 00052 Cerveteri
(RM) +39 06 9941354 pa-certa.info@cultura.gov.it
https://pact.cultura.gov.it/  OrarioDal martedì
alla domenica (lunedì chiuso)9:00 – 19:30
(Ultimo ingresso ore 18:30) BigliettiIntero 15 €Ridotto 2 €





























































Gratuito ex
lege",,,,,,,,,
http://dati.beniculturali.it/mibact/eventi/resource/CulturalEvent/47425,Apertura serale del Museo dell'Opificio delle Pietre Dure per la Notte dei Musei 2025_Copia_Copia,Apertura Straordinaria,"Da giugno a settembre il Museo dell’Opificio delle Pietre Dure, in via degli Alfani 78 a Firenze, amplia la sua offerta culturale con una programmazione di aperture straordinarie serali del Museo di venerdì dalle ore 19:00 alle 23:00, per tutta l’estate.Il Museo annesso all’Opificio delle Pietre Dure, oggi moderno centro di ricerca e formazione specializzato nel restauro e nella conservazione, è diretta filiazione della Manifattura artistica per la lavorazione delle pietre dure fondata dai Medici e custodisce opere di grande suggestione e raffinatezza, testimoniando la storia della Manifattura attraverso tre secoli.Per l’accesso al Museo è richiesto il pagamento del biglietto di ingresso (intero 6 €, ridotto 2 €, gratuito per gli aventi diritto). La biglietteria chiude 30 minuti prima dell’orario di chiusura del Museo.Date e orari:Aperture straordinarie serali del Museo dell’OPD con orario 19:00 – 23:00 (la biglietteria chiude alle 22:30):venerdì 19, 26 giugno, 3 luglio, 28 agosto, 4 e 11 settembreIl costo del biglietto di ingresso al Museo osserverà le tariffe ordinarie (intero 6 €, ridotto 2 €, gratuito per gli aventi diritto. Info: https://www.beniculturali.it/agevolazioni).",,,,,,,,,http://media.beniculturali.it/mibac/files/boards/18a4270b078a0216bd60c27314d7d501/sala%205_rit.jpg
http://dati.beniculturali.it/mibact/eventi/resource/CulturalEvent/47458,"IN UN’ARIA DIVERSA, TEODORICO. Mariella Busi De Logu | Mostra presso lo Spazio Teodorico",Mostra,"IN UN’ARIA DIVERSA,
TEODORICO. Mariella Busi De Logu

Spazio Teodorico –
Mausoleo di Teodorico

Inaugurazione mercoledì 24 giugno 2026 - ore 18.30

 

Lo Spazio Teodorico
si apre per la prima volta come luogo espositivo con la personale di Mariella
Busi De Logu “In un’aria diversa, Teodorico” e celebra il Mausoleo, uno dei
monumenti simbolo di Ravenna, custode silenzioso di secoli di storia. L’esposizione,
a cura di Fabiola Cogliandro e Patrizia Poggi, promossa dai Musei nazionali di
Ravenna, in sinergia con il Comune di Ravenna e Ravenna Festival, si inserisce
nelle celebrazioni dei 1500 anni dalla morte di Teodorico (526-2026), re dei
Goti e protagonista dell’identità culturale della città. 

Il progetto
espositivo è dedicato all’immaginario di Mariella Busi De Logu, un’artista che
da oltre quarant’anni intreccia la propria ricerca visiva con le forme
essenziali di questo monumento. Nel suo accostarsi al Mausoleo, prendono vita
visioni oniriche, plasmate con maestria tra china, acquerello e scrittura,
opere che trasformano la pietra millenaria in un palcoscenico per riflettere
sul tempo, la natura e la bellezza, offrendo una prospettiva attuale su
espressioni e memorie custodite da secoli.

“La vocazione del
nuovo Spazio era già stata annunciata al momento dell’inaugurazione nella
scorsa primavera” dice il direttore dei Musei nazionali di Ravenna Andrea
Sardo. “Un luogo aperto alla città come ai visitatori, un’area di riflessione,
di riappropriazione, di sosta e di apprendimento. Quale occasione migliore di
una esposizione che ha al centro la ricerca artistica di Mariella, che con
delicatezza intransigente ha messo la sua arte al servizio del Mausoleo”.

Nel corso dell’inaugurazione
letture a cura di Gianluigi Tartaull, cantante e attore, il quale darà voce ad alcuni
testi presenti nelle opere dell'artista.

Mariella Busi De Logu
(Cesena, 1941), vive e lavora a Ravenna. Ha insegnato Storia dell’Arte al Liceo
Classico “Dante Alighieri” e Discipline pittoriche al Liceo Artistico “Piero
Luigi Nervi”. Nella sua produzione artistica ha attraversato le diverse discipline
dell’arte visiva, realizzando performance, opere grafiche, pittoriche,
scultoree e manoscritti con una coscienza rivolta all’ecologia dell’arte. Nel
suo immaginario rientrano diverse tematiche, con una attenzione particolare
agli erbari, al bestiario e al Mausoleo.

IN UN’ARIA DIVERSA,
TEODORICO. Mariella Busi De Logu

Spazio Teodorico

24 giugno – 6
settembre 2026

Mausoleo
di Teodorico via delle
Industrie, 14 – 48123 Ravenna 

0544-456701| mn-ra.comunicazione@cultura.gov.it

 

L’ingresso alla mostra è libero",,,,,,,,,http://media.beniculturali.it/mibac/files/boards/0cdb6bb111e95298dcca90809b275370/teodorico%20mau%202.jpg
http://dati.beniculturali.it/mibact/eventi/resource/CulturalEvent/47462,“Gli Ozi di Ercole” al Parco Archeologico di Ercolano 2026,Apertura Straordinaria,"Gli Ozi di Ercole – SESTA edizione

Torna al Parco Archeologico di Ercolano “Gli Ozi di Ercole”, la rassegna estiva di lezioni-spettacolo, reading teatrali e concerti che per tre serate trasforma l’Antica Spiaggia in un palcoscenico a cielo aperto, tra le rovine restituite dall’eruzione del 79 d.C.L’edizione 2026 — in programma il 10, l’11 e il 12 settembre — ha per titolo e filo conduttore il binomio amore e guerra: un legame che attraversa tutta la cultura classica, da Platone a Tucidide, da Lucrezio a Freud, e che richiama nel titolo anche il celebre film di Woody Allen. Un viaggio tra poesia e filosofia, in un continuo dialogo fra antico e moderno, in cui ogni conversazione trova il proprio contrappunto in una lettura scenica e ogni serata si chiude in musica, tra sonorità popolari, colte, rock e jazz, senza gerarchie.IL PROGRAMMA10 SETTEMBRENella mischia. Tra amore e guerraLucia Mascino / Laura PepeCanti d’amore e di guerraAmbrogio Sparagna / Raffaello Simeoni in concerto11 SETTEMBREFuriose. Sulla follia d’amoreCarmen Gallo / Isabella Ragonese / Silvia RomaniIl panettiere e l’astronomo. Le due vite di Johann Sebastian BachConversazione con Carlo Boccadoro12 SETTEMBREBaci e morsi. Se l’amore ti fa a pezziGennaro Carillo / Federica FracassiAcqua santaFrancesco Di Bella in concerto",,,,,,,,,http://media.beniculturali.it/mibac/files/boards/8cbfc6a62c859a74b107e969134356a9/pa-erco%202026/GliOzi_1920x1080_BANNER.png
http://dati.beniculturali.it/mibact/eventi/resource/CulturalEvent/47469,VEDERE LA DEMOCRAZIA,Mostra,"VEDERE LA DEMOCRAZIAL’eredità dell'antico tra testimonianze classiche e creazioni contemporaneeUn'esposizione temporanea sul concetto di libertà e democrazia.Al Museo Archeologico Lametino e nel Chiostro del Complesso di San Domenico, un reperto millenario e i linguaggi dell'arte contemporanea si incontrano per celebrare il valore universale della partecipazione civile. In occasione dell’80° anniversario della Costituente (1946-2026) e nell'ambito di Trame.15 Festival dei libri sulle mafie, l’esposizione propone una riflessione profonda sul concetto di libertà e democrazia.Il fulcro dell'esposizione è la tessera elettorale di Anthropiskos, cittadino dell’antica polis magnogreca di Terina. Rinvenuta nel 2016 in località Iardini di Renda di Sant’Eufemia Vetere (Lamezia Terme), questa piccola sfera in bronzo era uno strumento utilizzato per il sorteggio delle cariche pubbliche. Nella sua vivida concretezza, il minuscolo reperto diventa una chiave esplicativa di straordinaria attualità: il segno tangibile di un diritto esercitato millenni fa, che oggi si offre come simbolo del potere dei cittadini e della necessità di partecipare attivamente alla vita pubblica per contrastare ogni sistema di oppressione.Dalle sale del museo, il percorso si espande negli spazi aperti del Chiostro di San Domenico con l'installazione site-specific ""Alfabeto Civico”, a cura di Massimo Sirelli. L'intervento artistico traduce la memoria storica del territorio e i concetti di democrazia in un un codice grafico pop e immediato. Il Chiostro si trasforma così in un diorama multicolore, ritmato da stendardi monumentali alle finestre: un alfabeto visivo capace di connettere antico e contemporaneo.Nell’anno in cui ricorrono 80 anni dal referendum che sancì la scelta democratica e portò alla nascita della Repubblica Italiana, l’esposizione traccia un ideale fil rouge lungo il cammino della partecipazione nel territorio lametino. Si delinea così una trama di rimandi tra i processi elettivi della Magna Grecia, le storiche scelte del giugno 1946 e la cittadinanza attiva di oggi, fondata sui valori di legalità, uguaglianza e libertà come forma di resistenza civile contro le mafie.Realizzato e promosso dal Museo Archeologico Lametino della Direzione regionale Musei nazionali della Calabria del Ministero della Cultura, in sinergia con la Fondazione Trame ETS, il progetto espositivo si inserisce organicamente all'interno della 15° edizione di Trame Festival di libri sulle mafie (16-21 Giugno 2026) intitolata ""Terra è Libertà"". La “terra” pertanto, luogo di appartenenza e di diritti, diventa in questa esposizione il nesso tra archeologia e contemporaneità, configurandosi come metafora di riflessione sul nostro tempo in un invito alla tutela della libertà di partecipazione, alla difesa dei diritti umani e al contrasto a ogni oppressione.Sotto la direzione di Simona Bruni, con il contributo scientifico di Stefania Mancuso e il coordinamento di Cristina Porcelli e con la collaborazione della Fondazione Trame, questa esposizione sancisce un'idea di valorizzazione del patrimonio archeologico quale strumento di promozione della cittadinanza attiva. Il progetto sigla il consolidamento della collaborazione tra la Fondazione Trame e il Museo Archeologico Lametino, che avvia quest'anno la sezione permanente ""Trame per il Patrimonio"". Una sinergia volta a valorizzare i beni culturali quali dispositivo di legalità e coesione sociale, capace di riattivare la funzione civica dei musei statali attraverso un modello di rigenerazione a base culturale dove l’istituto museale si fa agorà civile.",,,,,,,,,http://media.beniculturali.it/mibac/files/boards/b7441733246c07a608745e720b31d97c/CALABRIA%202026/20260616_Laravel_vedere%20la%20democrazia_.jpeg
http://dati.beniculturali.it/mibact/eventi/resource/CulturalEvent/47473,"La luce di Bisanzio: arte, fede e potere nelle Terre Romene dall’XI al XVIII secolo",Mostra,"ITLa mostra “La luce di Bisanzio: arte, fede e potere nelle
Terre Romene dall’XI al XVIII secolo” ospitata all’interno delle sale del Museo
nazionale d’arte medievale e moderna di Palazzo Lanfranchi,  è organizzata nell’ambito del calendario dell’Anno
Culturale Romania–Italia 2026, elaborato e promosso dall’Ambasciata di Romania
in Italia e realizzato con il sostegno del Ministero della Cultura della
Romania, del Ministero degli Affari Esteri, del Ministero della Difesa e del
Consolato Generale di Romania a Bari, sotto l’Alto Patronato dei Presidenti
della Romania e dell’Italia. La mostra invita il
visitatore a intraprendere un viaggio al termine del quale Bisanzio non
rappresenterà più soltanto un impero scomparso, bensì un’eredità viva
tramandata attraverso la fede, l’arte e le forme del potere. Nei territori romeni
medievali questa eredità si manifestò in regioni che registrarono rapporti diversificati
con il mondo bizantino: la Dobrugia, la Valacchia e la
Moldavia. L’eredità bizantina si è così perpetuata attraverso la tradizione
ortodossa, il modello statale e l’influenza diretta esercitata dai rifugiati
greci a seguito della caduta di Costantinopoli.EN                         The
exhibition The Light of Byzantium: Art, Faith and Power in the Romanian Lands,
11th-18th Centuries, housed in the halls of the National
Museum of Medieval and Modern Art in Palazzo Lanfranchi, is
organized as part of the Romania–Italy Cultural Year 2026 programme, developed
and promoted by the Embassy of Romania in Italy and carried out with the
support of the Romanian Ministry of Culture, the Ministry of Foreign Affairs,
the Ministry of National Defence and the Consulate General of Romania in Bari,
under the High Patronage of the Presidents of Romania and Italy.                The exhibition invites visitors
on a journey at the end of which Byzantium no longer appears merely as a
vanished empire, but as a living heritage transmitted through faith, art and
political culture. In the medieval Romanian lands, this legacy manifested
itself in regions that maintained different relationships with the Byzantine
world: Dobruja, Wallachia, and Moldavia. The Byzantine inheritance was
preserved through the Orthodox tradition, models of governance and the direct
influences brought by Greek refugees following the fall of Constantinople.ROExpoziția “Lumina Bizanțului: artă, credință
și putere în Țările Române din secolele XI-XVIII”, găzduit în sălile Muzeului
Național de Artă Medievală și Modernă din Palazzo Lanfranchi, este
organizată în cadrul calendarului Anului Cultural România–Italia 2026, elaborat
și promovat de Ambasada României în Italia și realizat cu sprijinul
Ministerului Culturii din România, al Ministerului Afacerilor Externe, al
Ministerului Apărării și al Consulatului General al României la Bari, sub
Înaltul Patronaj al Președinților României și Italiei.  Expoziția își propune să
invite vizitatorul într-o călătorie la capătul căreia Bizanțul nu mai apare
doar ca un imperiu apus, ci ca o moștenire vie, transmisă prin credință, artă
și forme de putere. În spațiul românesc medieval, această moștenire s-a
manifestat în teritorii aflate în raporturi diferite cu lumea bizantină:
Dobrogea, Țara Românească (Valahia) și Moldova. Moștenirea bizantină în Țările
Române s-a transmis prin intermediul tradiției ortodoxe, modelului statal și
influențelor directe aduse de refugiații greci după căderea Constantinopolului.",,,,,,,,,http://media.beniculturali.it/mibac/files/boards/bfd59297b145c4718548dd0a41f06a9b/MNM_2026/mostra%20romani%20bisanzio.jpeg
http://dati.beniculturali.it/mibact/eventi/resource/CulturalEvent/47475,Estate Reale 2026. Una sera al museo,evento solo on site,"Ai Musei Reali di Torino torna ESTATE REALE 2026. Una sera al museo, il palinsesto culturale che offre un ricco programma di aperture serali straordinarie con cui quest’anno i Musei Reali celebrano il decennale della loro istituzione. Concerti dal vivo, spettacoli di danza, teatro, letteratura, poesia e arti performative accompagneranno i partecipanti lungo un percorso che attraversa architetture storiche, giardini, sale monumentali e spazi archeologici. Per tutta l’estate, i luoghi più suggestivi dei Musei Reali, dal Teatro Romano ai Giardini, dal Palazzo Reale alla Galleria Sabauda, si trasformano in spazi d’incontro, capaci di accogliere pubblici differenti attraverso esperienze culturali immersive, accessibili e trasversali.Tutti gli appuntamenti prevedono l’apertura straordinaria dalle ore 19.45 alle 23.30, con ultimo ingresso alle ore 22.45. Il biglietto speciale comprende l’accesso con visita libera a una sezione museale sempre diversa e la partecipazione agli spettacoli in programma.Estate Reale 2026, che si avvale del patrocinio della Città di Torino e del sostegno della Fondazione CRT, dedica a questa commemorazione eventi che valorizzano l’identità indivisibile dei Musei Reali di Torino e prende avvio venerdì 12 giugno con Storie vere al 97% – La X non è mai il punto dove scavare, di e con Alessandro Barbaglia e musiche di Stefano Cavanna; una serata in collaborazione con l’Associazione Revejo e APIC dedicata al racconto della disciplina archeologica attraverso il teatro e la divulgazione contemporanea, che si inserisce nell’iniziativa istituzionale GEA – Giornate Europee dell’Archeologia. Lo spettacolo, accessibile anche con traduzione LIS e sistemi FM con cuffie dedicate, conduce il pubblico all’interno del Museo di Antichità, creando un dialogo tra ricerca archeologica, narrazione e inclusione culturale.Domenica 21 giugno, in occasione della Festa della Musica, il Salone delle Guardie Svizzere dei Musei Reali ospita Note di Luce, un concerto dedicato alle musiche di Ludovico Einaudi. Il dialogo tra pianoforte e archi è accompagnato da un allestimento luminoso con candele LED che trasforma lo spazio storico in un ambiente intimo e sospeso. La serata vede l’apertura straordinaria di alcuni tra gli ambienti più suggestivi del percorso di Palazzo Reale, come l’Appartamento dei Principi Forestieri, la Cappella della Sindone, la Cappella Regia e le Sacrestie.Estate Reale torna a ospitare Torino crocevia di sonorità, la rassegna musicale giunta alla sesta edizione, realizzata in collaborazione con il Conservatorio “Giuseppe Verdi” di Torino, che quest’anno ruota attorno al sottotitolo Note ritrovate - Un manoscritto, una regina: i mille volti della musica. Tutti i venerdì, dal 26 giugno al 28 agosto, il Teatro Romano ospiterà una serie di concerti serali con repertori che spaziano dalla musica contemporanea al jazz, alle proposte cameristiche.Giovedì 16 luglio, la splendida cornice dei Giardini Reali accoglie il Gran Ballo d’Estate, una serata di musiche, danze e costumi d’epoca, ispirata alle grandi feste di corte ottocentesche, realizzata con la Società di Danza Torinese.In attesa delle stelle cadenti, sabato 8 agosto, nei Giardini Reali e nel Teatro Romano va in scena la Notte di San Lorenzo, in partnership con la Fondazione Club Silencio, che propone una serie di attività, installazioni artistiche, concerti a lume di candela e molto altro ancora.Sabato 5 settembre, i Musei Reali e la Fondazione Club Silencio presentano Vendemmia Reale, una visita serale ai Giardini Reali con musica e degustazioni di vino condotte da esperti sommelier.Domenica 6 settembre, in occasione del Read a Book Day, i Giardini Reali ospitano Il giardino dei poeti, un evento prodotto con l’Associazione Liberi Pensatori Paul Valery per valorizzare il rapporto tra parola, paesaggio e patrimonio culturale attraverso letture di poesie, interventi artistici e momenti musicali pensati per coinvolgere il pubblico di tutte le età.Il programma di Estate Reale 2026 prosegue con due appuntamenti autunnali.Mercoledì 14 ottobre, in occasione della Giornata Nazionale del Barocco Italiano, i Musei Reali di Torino accolgono un concerto dedicato alla musica barocca, in collaborazione con l’Accademia del Santo Spirito, accompagnato dall’apertura straordinaria della Cappella della Sindone, della Cappella Regia e delle Sacrestie.Chiude la rassegna, sabato 31 ottobre, Samonios – La vera storia di Halloween: una serata tra archeologia, rievocazioni e ritualità antiche per far scoprire o riscoprire al pubblico le origini storiche e culturali della tradizione di Halloween, con performances e narrazioni lungo un percorso che dal Museo di Antichità, nelle sezioni Archeologia a Torino e Galleria Archeologica, si conclude nei Giardini Reali con danze e il suggestivo rito del fuoco per celebrare la fine dell’estate e l’inizio del nuovo anno.",,,,,,,,,http://media.beniculturali.it/mibac/files/boards/cc31af94b04ef05de1675951275c273e/mrt_notturno.jpg
http://dati.beniculturali.it/mibact/eventi/resource/CulturalEvent/47487,VISITE ALLE TERME SUBURBANE,Visita Guidata,"Da giugno a dicembre 2026,
visite accompagnate a uno dei complessi termali più conservati del mondo romanoRiprendono al Parco Archeologico
di Ercolano le visite accompagnate alle Terme Suburbane, tra gli edifici più
affascinanti e meglio conservati dell’antica città. Dopo il positivo riscontro
delle precedenti edizioni, il progetto torna nel 2026 offrendo un’opportunità
esclusiva per conoscere da vicino uno dei luoghi più significativi della vita
quotidiana in età romana.Le visite si svolgeranno ogni
sabato nei mesi di apertura, attraverso un sistema di accessi contingentati che
garantisce una fruizione approfondita e in totale sicurezza. I gruppi, composti
da un massimo di 15 partecipanti, saranno accompagnati dal personale del Parco
con supporto di materiali accessibili tramite QR Code. I visitatori
indosseranno casco protettivo per tutta la durata del percorso (circa 1 ora).«La riapertura delle Terme
Suburbane rappresenta un’importante occasione per restituire al pubblico uno
spazio straordinario, ricco di testimonianze sulla vita privata e sociale
dell’antica Ercolano. Accompagnare i visitatori alla scoperta di questi ambienti
significa offrire un’esperienza di conoscenza autentica e partecipata, fondata
sul rispetto e sulla tutela di un patrimonio unico al mondo.» Federica
Colaiacomo, Direttrice del Parco Archeologico di ErcolanoCalendario 2026Giugno&nbsp; sabato 20 e sabato 27 giugnoOttobre&nbsp; sabato 17, 24 e 31 ottobreNovembre&nbsp; sabato 7, 14, 21 e 28 novembreDicembre&nbsp; sabato 5 e 12 dicembreTurni di visitaGruppi da max 15 partecipanti per
turno. 6 turni nei mesi estivi, 5 a partire dal 17 ottobre (orario invernale).Mattinaore 9.30 – 10.30&nbsp; visita in italianoore 10.30 – 11.30&nbsp; visita in ingleseore 11.30 – 12.30&nbsp; visita in italianoPomeriggioore 14.30 – 15.30&nbsp; visita in italianoore 15.30 – 16.30&nbsp; visita in ingleseore 16.30 – 17.30&nbsp; visita in italiano&nbsp; (sospeso dal 17 ottobre per orario invernale)Il punto di raccolta è la
Terrazza di Marco Nonio Balbo, indicata sulla mappa del Parco consegnata
all’ingresso.&nbsp;Biglietti e prenotazioni– Prezzo di accesso al sito
archeologico e alla visita delle Terme Suburbane: biglietto integrato di 21,00
euro.– Per i cittadini dell’Unione
europea e no (in condizione di reciprocità, secondo la normativa vigente) di
età compresa tra i 18 ed i 25 anni, per l’evento intitolato “Visita alle Terme
Suburbane di Ercolano” sarà possibile usufruire di un biglietto integrato
(Parco archeologico 2 € e Visita alle Terme 5 €) al costo promozionale di 7,00
euro.– E’ prevista la gratuità per i
minori di 18 anni (i minori di 12 anni devono essere accompagnati da un adulto)
e per tutti i soggetti che sono esenti a norma di legge.Prenotazioni (online e in sede):&nbsp;Le Terme Suburbane di Ercolano | CoopCultureLe Terme Suburbane — situate in
prossimità dell’antica linea di costa — conservano preziose decorazioni e
ambienti di grande interesse storico e archeologico, offrendo uno spaccato
privilegiato delle pratiche sociali e del benessere nell’antichità. Con questa
iniziativa il Parco conferma il proprio impegno nel rendere il patrimonio
sempre più accessibile, coniugando tutela, sicurezza e qualità dell’esperienza
culturale.





















































2_terme suburbane_descrizione&nbsp;",,,,,,,,,http://media.beniculturali.it/mibac/files/boards/8cbfc6a62c859a74b107e969134356a9/termesuburbaneercolano.jpg
http://dati.beniculturali.it/mibact/eventi/resource/CulturalEvent/47491,"Panopliӕ. Armi, ingegno e potere a Castel Sant’Angelo",Mostra,"Castel
Sant’Angelo inaugura la mostraPanopliæ. Armi, ingegno e potere e riapre le Sale Farnesiane&nbsp;Dal 20 giugno 2026 Castel Sant’Angelo presenta due importanti novità nel
percorso di visita: l’apertura della mostra Panopliæ. Armi, ingegno e potere
a Castel Sant’Angelo, dedicata alle collezioni di armi storiche del museo,
e la riapertura al pubblico delle Sale Farnesiane, con un nuovo allestimento
che ricrea l’atmosfera e le funzioni di un appartamento papale rinascimentale.&nbsp;La mostra: Panopliæ. Armi, ingegno e potereLa mostra, a cura di Luca Mercuri, direttore dell’istituto, e di Mario
Scalini, studioso di armi antiche e già dirigente del Ministero della Cultura, nasce
per riportare alla luce un importante patrimonio conservato per lungo tempo nei
depositi del museo. Dopo un’ampia campagna di ricognizione, studio e restauro,
una prima selezione delle armi storiche del museo è ora nuovamente a
disposizione del pubblico.Il ritorno delle armi è anche un ritorno a casa: in occasione di Panopliæ, infatti, le armi tornano negli
ambienti che furono allestiti come Armeria agli esordi del Museo Nazionale di
Castel Sant’Angelo, restituendo a questi spazi una funzione profondamente
legata alla storia del Castello e delle sue collezioni.Nato come mausoleo dell’imperatore Adriano e trasformato nei secoli in
fortezza, residenza papale, prigione di Stato e presidio militare per poi diventare
Museo Nazionale nel 1925, Castel Sant’Angelo è il luogo ideale per accogliere
questo racconto.Le collezioni si sono formate nel corso del Novecento attraverso
acquisizioni, donazioni e trasferimenti da altri istituti. Tra gli apporti più
significativi figurano la raccolta del collezionista Umberto Zanvettori,
acquisita nel 1927, i pezzi provenienti dal conoscitore Remo Fedi negli anni
Trenta e Quaranta del Novecento e numerosi manufatti giunti da Palazzo Venezia,
dal Bargello, dal Museo Artistico Industriale di Roma e da Capodimonte.Il percorso espositivo si snoda in sei sale e attraversa oltre un
millennio di storia, proponendo una lettura per temi ed epoche: il mondo eroico
medievale, i grandi committenti del Rinascimento, le corti e le marine del
Seicento, la rivoluzione delle armi da fuoco.Tra i pezzi che il visitatore incontrerà lungo il percorso figurano gli
elmi corinzi del VI e V secolo a.C., i reperti più antichi esposti; l’elmetto
con visiera a ventaglia forse appartenuto a Roberto Sanseverino, condottiero al
servizio della Repubblica di Venezia caduto a Calliano nel 1487, presentato
accanto a una riproduzione della sua lastra tombale conservata nel Duomo di
Trento; una rara Hakenbüchse tedesca del primo Cinquecento, tra le prime
armi da fuoco destinate a trasformare le tecniche di guerra; le armature legate
alle grandi dinastie italiane, tra cui il corsaletto da barriera del cardinale
Odoardo Farnese attribuito al celebre armoraro Pompeo della Cesa e il morione
della guardia personale di Pierluigi Farnese.Nella sezione dedicata alla tradizione Medici si segnala, invece, grazie
al prestito del Museo Nazionale del Bargello di Firenze, il ricongiungimento di
un petto con la croce di Malta a due pregiate manopole della collezione di
Castel Sant’Angelo riconosciute e restaurate come parte di una medesima armatura
realizzata per il giovane Giovan Carlo de’ Medici (1611–1663), presentata in
dialogo con il suo ritratto proveniente dalle collezioni delle Gallerie degli
Uffizi.Non mancano le armi utilizzate dalle milizie pontificie, quelle
riferibili alla tradizione milanese, napoletana e veneziana, fino alla scatola
del revolver donato nel 1864 a Giuseppe Garibaldi dalla scrittrice Caroline
Giffard Phillipson, testimonianza dell’ammirazione che la figura di Garibaldi
suscitava nel mondo anglosassone.&nbsp;«Panopliæ – commenta Luca Mercuri, Direttore del Pantheon e Castel
Sant’Angelo – Direzione Musei nazionali della città di Roma – nasce dalla volontà
di restituire a Castel Sant’Angelo una delle funzioni che ne hanno
caratterizzato la storia museale: le armi tornano infatti negli spazi
dell’Armeria, riallacciando il legame tra le collezioni e il monumento che le
ospita. La mostra è il risultato di un importante lavoro di studio, ricerca e
restauro delle raccolte conservate nei depositi, oggi nuovamente accessibili al
pubblico. Castel Sant’Angelo, fortezza e presidio militare al centro di vicende
cruciali come il Sacco di Roma del 1527, rappresenta il contesto ideale per
raccontare il mondo di corti, dinastie e conflitti cui molti degli oggetti
esposti rimandano. La riapertura delle Sale Farnesiane completa questo
percorso, restituendo ambienti che tornano a raccontare la propria storia
attraverso il dialogo tra architetture, arredi e opere d’arte.»I restauri – condotti da Merj Nesi per
l’occasione e, precedentemente, da Antonio Mignemi, Nicola Salvioli e Mari
Yanagashita – hanno consentito il recupero di nuclei di grande pregio, dei
quali è stata ricostruita la provenienza, restituendo alle raccolte di Castel
Sant’Angelo un rilievo di assoluto significato anche in un contesto di
straordinaria ricchezza quale è Roma.&nbsp;La riapertura delle Sale FarnesianeContestualmente riaprono al pubblico le Sale Farnesiane, parte
dell’appartamento fatto realizzare da papa Paolo III Farnese negli anni
Quaranta del Cinquecento. Le sale sono state oggetto di interventi
conservativi, di ritinteggiatura e di un nuovo allestimento. Nelle sale di
Amore e Psiche e del Perseo che affiancano la sala di maggior rappresentanza –
la Sala Paolina – si è voluta rievocare la funzione originaria degli ambienti all’interno
dell’appartamento papale. Arredi, dipinti e oggetti d’epoca ricostruiscono
l’atmosfera di una residenza rinascimentale, restituendo alle stanze la loro
identità storica, concependo gli spazi come period rooms secondo i più
moderni criteri museografici.La Sala di Amore e Psiche, tradizionalmente interpretata come camera da
letto del pontefice, è oggi allestita come una camera rinascimentale: al centro
si trova un grande letto da pompa in noce di manifattura romana con stemma
Farnese, affiancato da un inginocchiatoio per la preghiera privata, un leggio,
un tabernacolo con crocifisso e una cassettiera in radica di noce. Alle pareti
figurano opere di grande pregio come Il Bagno di Dosso Dossi e la Giovane
donna con unicorno di Luca Longhi, nella quale molti riconoscono i tratti
di Giulia Farnese, la celebre “Giulia la Bella”, sorella di Paolo III.La Sala del Perseo, probabile studiolo privato di Paolo III, è invece
dedicata alla dimensione dello studio e della rappresentazione del potere. Una
copia del ritratto di Pierluigi Farnese campeggia al centro sopra una scrivania
corredata da orologio a quattro clessidre, calamaio, mortaio, campanello e
cofanetto in ferro. Lungo le pareti si dispongono cassoni senesi intagliati, un
armadio da sacrestia e una spinetta emiliana dipinta del 1540 circa. Domina
l’ambiente il San Girolamo nella selva di Lorenzo Lotto, uno dei
capolavori delle collezioni del museo. Insieme restituiscono al visitatore
l’atmosfera di una residenza pontificia del Cinquecento.Le altre due sale dell’appartamento papale riaperte, la Sala
dell’Adrianeo e la Sala dei Festoni, utilizzate nell’Ottocento come segrete
pontificie per detenuti e successivamente riscoperte, accolgono alcune delle
opere più importanti della collezione permanente di Castel Sant’Angelo, tra cui
una pala di Luca Signorelli, il Polittico della bottega degli Zavattari,
sculture devozionali e affreschi staccati provenienti da antichi edifici romani
oggi trasformati o scomparsi.Molti degli arredi e degli oggetti esposti provengono dalle storiche
donazioni di Mario Menotti, che nel 1916 contribuì in modo determinante alla
formazione delle raccolte del Castello, e da quelle effettuate nel 1928 dalla
famiglia di mercanti d’arte Contini Bonacossi.&nbsp;



















































Con Panopliæ e la riapertura delle Sale Farnesiane, Castel
Sant’Angelo prosegue il percorso di valorizzazione delle proprie collezioni e
dei propri spazi storici, restituendo al pubblico ambienti, opere e racconti
che contribuiscono a rendere più leggibile e coinvolgente la complessa storia
del monumento.",,,,,,,,,http://media.beniculturali.it/mibac/files/boards/128ae52db40cae8510626c2ef301bafd/Museo%20Nazionale%20di%20Castel%20Sant'Angelo/2026/Panopliae_formato16_9_8000x4500.jpg
http://dati.beniculturali.it/mibact/eventi/resource/CulturalEvent/47495,Concluso il grande progetto di restauro finanziato dal PNRR riaprono al pubblico la Palazzina dei Mulini e i giardini storici restaurati. Inaugurata la mostra di Andrea Roggi “50 Years of Creation” nelle Residenze Napoleoniche,Altro,"Si è concluso uno dei più importanti interventi di recupero e 
valorizzazione realizzati negli ultimi decenni sul patrimonio culturale 
dell’Isola d’Elba. Venerdì 19 giugno 2026, alla presenza della 
Direttrice regionale Musei nazionali Toscana del Ministero della 
Cultura, Carlotta PaolaBrovadan, del Sindaco di Portoferraio Tiziano 
Nocentini e delle autorità civili e culturali del territorio, sono stati
 inaugurati i giardini delle Residenze Napoleoniche dell’Isola d’Elba 
restaurati e riaperta la Palazzina dei Mulini, al termine del complesso 
progetto di restauro finanziato attraverso il Piano Nazionale di Ripresa
 e Resilienza, che restituisce al pubblico di cittadini e turisti 
l’intera bellezza dei giardini, ampie porzioni di percorsi, bastioni e 
aree verdi rimaste per lungo tempo inaccessibili o compromesse.
Contestualmente è stata inaugurata la mostra antologica “50 Years of 
Creation” del Maestro Andrea Roggi, un grande progetto espositivo che 
celebra cinquant’anni di attività artistica attraverso un percorso 
diffuso tra la Palazzina dei Mulini, Villa San Martino e il Molo Elba di
 Portoferraio.
La riapertura al pubblico delle Residenze Napoleoniche è stata sabato 20 giugno.
Un investimento PNRR da due milioni di euro
L’intervento, finanziato integralmente dal Ministero della Cultura 
nell’ambito dell’Investimento PNRR 2.3 “Programmi per valorizzare 
l’identità dei luoghi: parchi e giardini storici”, ha beneficiato di un 
finanziamento complessivo di 1.999.980 euro.
I Musei Nazionali delle Residenze Napoleoniche dell’Isola d’Elba – 
Villa San Martino e Palazzina dei Mulini – erano stati selezionati tra i
 migliori progetti nazionali dedicati al recupero dei giardini storici, 
riconoscendo l’eccezionale valore storico, paesaggistico e culturale dei
 luoghi che ospitarono Napoleone Bonaparte durante il suo esilio elbano 
tra il 1814 e il 1815.
L’obiettivo dell’intervento è stato quello di restituire leggibilità 
storica e piena fruibilità a un sistema monumentale unico, ampliando le 
aree accessibili al pubblico e rafforzando il rapporto tra le residenze 
napoleoniche e il territorio circostante. L’intervento nasce da un ampio
 lavoro di ricerca storica, archivistica e paesaggistica che ha permesso
 di ricostruire l’evoluzione delle due residenze e dei loro spazi 
aperti, approfondendo il rapporto tra architettura, paesaggio e progetto
 napoleonico dell’isola. Lo studio ha evidenziato come Napoleone 
considerasse i giardini parte integrante della propria visione politica e
 residenziale: non semplici spazi ornamentali, ma luoghi produttivi, di 
rappresentanza e di controllo del territorio.
&nbsp;
Il restauro dei Giardini storici della Palazzina dei Mulini
il recupero dei giardini della Palazzina dei Mulini, nel cuore della 
cittadella medicea di Portoferraio è stato sviluppato attraverso un 
rigoroso approccio filologico fondato sullo studio della documentazione 
storica, delle stampe ottocentesche e delle testimonianze archivistiche 
che descrivono l’assetto dei giardini durante il soggiorno napoleonico.
Il restauro ha consentito di ripristinare il disegno storico del 
giardino all’italiana, recuperando percorsi, terrazzamenti, visuali 
panoramiche e aree botaniche, con la reintroduzione delle essenze 
arboree e arbustive documentate nelle fonti storiche.
Particolare attenzione è stata dedicata alla ricostruzione del 
rapporto tra il giardino napoleonico e il sistema dei bastioni medicei, 
restituendo continuità tra architettura, paesaggio e fortificazioni 
storiche.
I visitatori potranno nuovamente percorrere uno degli spazi più 
suggestivi dell’isola: oltre 5.000 metri quadrati di giardini affacciati
 sulla rada di Portoferraio e sul mare aperto, da sempre considerati 
parte integrante della residenza imperiale.
Villa San Martino e il Parco napoleonico
A Villa San Martino il progetto si è concentrato sul recupero del 
rapporto tra la residenza e il paesaggio rurale e forestale circostante,
 secondo l’originaria concezione napoleonica della “tenuta modello”, 
dedicata insieme agli&nbsp;otia&nbsp;del gentiluomo di campagna e alla sperimentazione agricola.
Sono stati restaurati e messi in sicurezza i percorsi storici, 
recuperate le connessioni con il sistema ambientale del territorio 
elbano e valorizzati gli elementi architettonici e naturalistici 
presenti nel parco. Il restauro si è concentrato sulle architetture 
vegetali, sul recupero delle specie storiche, con la riqualificazione 
delle pavimentazioni, il miglioramento dell’accessibilità e la 
valorizzazione delle visuali storiche e paesaggistiche, per trasformare i
 giardini in un sistema culturale e naturalistico aperto e pienamente 
integrato nel territorio.
L’intervento ha interessato anche il sistema della sentieristica, le 
fontane ornamentali, le sedute in pietra, le vasche storiche e la 
Fontana di Napoleone, restituendo al pubblico un articolato percorso 
immerso in circa 35.000 metri quadrati di parco storico.
Un’attenzione particolare è stata inoltre dedicata all’accessibilità,
 alla qualità dell’accoglienza e al miglioramento complessivo della 
fruizione dei due complessi museali.
Un progetto di studio e ricerca
Il restauro è il risultato di un lungo lavoro di ricerca storica, 
archivistica e paesaggistica che ha consentito di ricostruire 
l’evoluzione delle due residenze e dei loro spazi aperti.
Gli studi filologici e storici sono stati curati dal Direttore delle 
Ville Napoleoniche Andrea Camilli; il procedimento è stato seguito dal 
RUP Luca Gullì con la collaborazione di Luciana Linzalone e 
Francesca&nbsp;Bacci, mentre la progettazione e la direzione scientifica 
degli interventi sui giardini sono state affidate allo studio Bellesi 
Giuntoli.
L’intero percorso progettuale è illustrato nel volume “I giardini 
delle Residenze Napoleoniche dell’Isola d’Elba. La storia e il progetto 
di restauro”, a cura di Andrea Camilli e Luca Gullì, pubblicato da 
Pacini Editore.
Il progetto rappresenta uno degli interventi più significativi degli 
ultimi decenni sul patrimonio napoleonico dell’Elba e costituisce un 
passaggio fondamentale nel processo di rilancio e valorizzazione delle 
due residenze museali, tra i luoghi più visitati del sistema culturale 
toscano.
La riapertura del 20 giugno segnerà quindi non solo la restituzione 
di importanti spazi monumentali alla collettività, ma anche il 
completamento di un articolato percorso di studio, tutela e 
rigenerazione paesaggistica che restituisce nuova leggibilità storica ai
 luoghi vissuti da Napoleone durante il suo esilio elbano.
I lavori non si esauriscono con queste realizzazioni; sono previsti a
 breve la completa revisione dei percorsi di visita, con un articolato 
sistema di didattica, la realizzazione di nuovi ingressi e ulteriori 
interventi di valorizzazione delle aree e degli edifici parte dei 
complessi
“50 Years of Creation”L’arte di Andrea Roggi nelle Residenze Napoleoniche
La conclusione dei lavori ha coinciso con l’inaugurazione di “50 
Years of Creation”, la grande mostra antologica dedicata ad Andrea 
Roggi.
Dopo la presentazione internazionale alle Galeries Bartoux di Parigi,
 il progetto approda all’Isola d’Elba sviluppandosi tra la Villa dei 
Mulini, la Villa di San Martino e un’installazione monumentale sul Molo 
Elba di Portoferraio, proponendo un dialogo originale tra arte 
contemporanea, storia e paesaggio.
50 Years of Creation&nbsp;offre l’occasione per rileggere 
l’evoluzione della ricerca di Roggi, dagli esordi degli anni Ottanta 
fino alle opere più recenti. Al centro della sua poetica si ritrovano 
temi che attraversano l’intero percorso dell’artista: il rapporto tra 
uomo e natura, il simbolo dell’Albero della Vita, l’idea di crescita, 
rinascita e connessione tra le generazioni.

Nel corso dei decenni Roggi ha sviluppato un linguaggio 
immediatamente riconoscibile, caratterizzato da figure umane che si 
fondono con elementi vegetali e da un costante equilibrio tra forza 
plastica e tensione spirituale. Parallelamente ha approfondito la 
propria ricerca tecnica, arrivando a elaborare la fusione dinamica, 
procedimento che consente alle sue sculture monumentali di svilupparsi 
nello spazio attraverso equilibri complessi e forme sospese.
La mostra all’Isola d’Elba non si presenta come una semplice 
antologica, ma come un racconto che mette in relazione opere, luoghi e 
memoria. Le sculture dialogano infatti con gli spazi legati alla 
presenza napoleonica sull’isola, costruendo un percorso che attraversa 
architetture storiche, scorci affacciati sul mare e luoghi simbolici 
della città di Portoferraio.

Attraverso&nbsp;50 Years of Creation, il pubblico è invitato a 
ripercorrere una ricerca artistica che nell’arco di mezzo secolo ha 
mantenuto una forte coerenza poetica, continuando al tempo stesso a 
rinnovarsi nel confronto tra materia, natura e visione contemporanea.
Napoleone&nbsp;e il Premio Letterario: il libro come fondamento di memoria e conoscenza
Nell’ambito dell’apertura straordinaria di sabato 20 giugno, alle ore
 17.45, nelle sale della Palazzina dei Mulini si è tenuto il lancio 
ufficiale della 54ª edizione del Premio Letterario Internazionale Isola 
d’Elba, promosso dal Comitato del Premio in occasione dei 150 anni del 
Corriere della Sera, in collaborazione con il Comune di Portoferraio, la
 Gestione Associata per il Turismo e le associazioni di categoria 
elbane.La presenza nelle ville napoleoniche di una tale iniziativa non è
 casuale, ma strettamente collegata con l’istituzione della prima 
biblioteca civica dell’Isola, conseguenza diretta del lascito di 
Napoleone all’Isola d’Elba all’atto della sua partenza, che ha 
comportato il conferimento al popolo elbano della biblioteca privata 
dell’Imperatore, quella stessa costituita dai volumi scelti che lo 
avevano seguito in esilio da Fontainebleau.
La mostra “50 Years of Creation” è compresa nel biglietto di ingresso dei Musei Nazionali delle Residenze Napoleoniche.
Orari di apertura alternata delle due sedi museali:
Palazzina dei Mulini:
lunedì e giovedì 14.00-18.30 (ultimo ingresso ore 18.00);
martedì chiusura settimanale;
mercoledì e venerdì 09.00-13.30 (ultimo ingresso ore 13.00);
sabato, domenica e festivi 09.00-13.30 (ultimo ingresso ore 13.00).
Villa di San Martino:
lunedì chiusura settimanale;
martedì e giovedì 09.00-13.30 (ultimo ingresso ore 13.00);
mercoledì e venerdì 14.00-18.30 (ultimo ingresso ore 18.00);
sabato, domenica e festivi 09.00-13.30 (ultimo ingresso ore 13.00).",,,,,,,,,http://media.beniculturali.it/mibac/files/boards/1ede46002306283284d6cfccab580e47/AAA%20EVENTI%20E%20INIZIATIVE/Residenze%20Napoleoniche%20riapertura/palazzina%20mulini.jpg
http://dati.beniculturali.it/mibact/eventi/resource/CulturalEvent/47503,Giuseppe Andaloro - NOTTURNI. Recital Pianistici,Concerto,"Il terzo appuntamento di NOTTURNI. Recital Pianistici, la rassegna del cartellone estivo Le voci di sopra. Suoni e visioni ai Musei Nazionali del Vomero, vede protagonista il pianista Giuseppe Andaloro, interprete tra i più autorevoli della scena pianistica internazionale.Vincitore del primo premio e di tutti i premi speciali in alcuni dei più prestigiosi concorsi pianistici internazionali, tra cui il Ferruccio Busoni di Bolzano, il London World Piano Competition, il Concorso Internazionale di Hong Kong, il Concorso di Porto e il Sendai International Music Competition, Giuseppe Andaloro è considerato uno degli interpreti più apprezzati della sua generazione. Nel 2005 è stato inoltre insignito del premio per Meriti Artistici dal Ministero per i Beni e le Attività Culturali.La sua attività concertistica lo ha portato a esibirsi nelle più prestigiose sale da concerto del mondo, tra cui il Teatro alla Scala di Milano, il Teatro San Carlo di Napoli, la Sala Santa Cecilia dell’Auditorium Parco della Musica di Roma, il Mozarteum di Salisburgo, la Konzerthaus di Berlino, la Royal Festival Hall di Londra e numerose istituzioni musicali in Europa, Asia e America. Come solista ha collaborato con importanti orchestre internazionali, tra cui la London Philharmonic Orchestra, la NHK Symphony Orchestra di Tokyo, la Singapore Symphony Orchestra e l’Orchestra dell’Accademia Nazionale di Santa Cecilia, lavorando con direttori del calibro di Vladimir Ashkenazy e Gianandrea Noseda.Accanto all’attività concertistica, Andaloro svolge un’intensa attività didattica e discografica ed è regolarmente invitato come membro di giuria nei principali concorsi pianistici internazionali. Le sue incisioni per etichette quali Warner, Sony e Naxos testimoniano un percorso artistico caratterizzato da grande versatilità e profondità interpretativa.Nella suggestiva cornice della Certosa di San Martino, il recital offrirà al pubblico l’opportunità di ascoltare uno dei pianisti italiani più affermati della sua generazione, protagonista di una carriera internazionale costruita sui più alti livelli del concertismo contemporaneo.L'apertura al pubblico è prevista dalle ore 19.30, mentre il recital avrà inizio alle ore 20.30 presso la Certosa di San Martino. La capienza è limitata a 200 posti. Il costo del biglietto è di € 15,00. I biglietti sono disponibili sulla piattaforma Musei Italian (https://portale.museiitaliani.it/b2c/buyTicketless/52129e6b-aba0-4ed6-81fb-f925d1734bb5).. Per informazioni è possibile contattare l'Ufficio Eventi dei Musei Nazionali del Vomero all'indirizzo mn-vomero.eventi@cultura.gov.it.",,,,,,,,,http://media.beniculturali.it/mibac/files/boards/e180104b5167b3328bb3975350efbb08/Certosa%20di%20San%20Martino/EVENTI/MNV_CERTOSA%20SAN%20MARTINO%20Le%20voci%20di%20sopra%20cover-notturni-landscape.jpg
http://dati.beniculturali.it/mibact/eventi/resource/CulturalEvent/47504,Sara Amoresano - NOTTURNI. Recital Pianistici,Concerto,"Il quarto appuntamento di NOTTURNI. Recital Pianistici, la rassegna del cartellone estivo Le voci di sopra. Suoni e visioni ai Musei Nazionali del Vomero, vede protagonista la pianista Sara Amoresano, interprete tra le più interessanti della nuova generazione di musicisti italiani.Attiva sia come solista sia in formazioni cameristiche, Sara Amoresano si è esibita in importanti istituzioni e rassegne nazionali e internazionali, tra cui il Beethoven-Haus di Bonn, la Gesellschaft für Musiktheater di Vienna, il Victoria Music Center di Barcellona, la Fondazione Pietà de’ Turchini e Villa Pignatelli a Napoli. La sua attività artistica si distingue per una costante attenzione alla ricerca interpretativa e per un repertorio che spazia dal classicismo alle esperienze musicali più vicine alla contemporaneità.Nel corso della sua carriera ha ottenuto numerosi riconoscimenti in concorsi nazionali e internazionali, tra cui il Primo Premio al Contest “Maggio del Pianoforte” di Napoli, il Primo Premio e Premio Speciale al concorso internazionale “Grand Prize Virtuoso” di Bonn e il Secondo Premio all’“International Clara Schumann Competition”. Nel 2025 è stata inoltre premiata dalla Regione Campania come una delle eccellenze giovanili del territorio.Accanto all'attività concertistica, Sara Amoresano affianca un intenso percorso di studio e ricerca. Laureata in Lettere Classiche e attualmente impegnata in un dottorato di ricerca presso il Conservatorio “Santa Cecilia” di Roma, ha approfondito il repertorio pianistico e le pratiche esecutive storiche attraverso percorsi di perfezionamento con musicisti di fama internazionale e grazie all'incontro con il pianista e clavicembalista Andreas Staier. Nel 2026 ha pubblicato un'incisione discografica dedicata alle Sonate op. 31 di Beethoven per l'etichetta Da Vinci Classics.Nella suggestiva cornice della Certosa di San Martino, il recital offrirà al pubblico l'occasione di ascoltare una giovane interprete che coniuga rigore musicale, ricerca culturale e sensibilità artistica, rappresentando una delle voci emergenti più interessanti del panorama pianistico italiano.L'apertura al pubblico è prevista dalle ore 19.30, mentre il recital avrà inizio alle ore 20.30 presso la Certosa di San Martino. La capienza è limitata a 200 posti. Il costo del biglietto è di € 15,00. I biglietti sono disponibili sulla piattaforma Musei Italian (https://portale.museiitaliani.it/b2c/buyTicketless/52129e6b-aba0-4ed6-81fb-f925d1734bb5).. Per informazioni è possibile contattare l'Ufficio Eventi dei Musei Nazionali del Vomero all'indirizzo mn-vomero.eventi@cultura.gov.it.",,,,,,,,,http://media.beniculturali.it/mibac/files/boards/e180104b5167b3328bb3975350efbb08/Certosa%20di%20San%20Martino/EVENTI/MNV_CERTOSA%20SAN%20MARTINO%20Le%20voci%20di%20sopra%20cover-notturni-landscape.jpg
http://dati.beniculturali.it/mibact/eventi/resource/CulturalEvent/47505,Gile Bae - NOTTURNI. Recital Pianistici,Concerto,"Il quinto e ultimo appuntamento di NOTTURNI. Recital Pianistici, la rassegna del cartellone estivo Le voci di sopra. Suoni e visioni ai Musei Nazionali del Vomero, vede protagonista la pianista Gile Bae, interprete di fama internazionale che conclude il percorso della rassegna con una delle personalità più interessanti del panorama pianistico contemporaneo.Nata a Rotterdam nel 1994, Gile Bae ha mostrato un talento straordinario fin dall'infanzia, debuttando come solista all'età di cinque anni e intraprendendo un percorso formativo che l'ha portata dal Conservatorio Reale dell'Aia all'Accademia Pianistica Internazionale di Imola sotto la guida di Franco Scala. Nel corso della sua carriera ha ottenuto numerosi riconoscimenti nei principali concorsi internazionali e si è rapidamente affermata sulle scene concertistiche europee e internazionali.La sua attività artistica l'ha portata a esibirsi in prestigiose sale da concerto e festival internazionali, collaborando con importanti orchestre e direttori. Su invito di Sir András Schiff ha partecipato al progetto europeo Building Bridges, esibendosi in sedi prestigiose come la Beethoven-Haus di Bonn e la Konzerthaus di Berlino. Negli ultimi anni ha tenuto concerti in Europa, Medio Oriente, Asia e America, costruendo una carriera caratterizzata da una costante presenza internazionale.Particolarmente apprezzata per la profondità interpretativa e l'attenzione al repertorio classico e romantico, Gile Bae affianca all'attività concertistica un significativo percorso discografico. Dopo l'incisione delle Variazioni Goldberg di Bach, ha pubblicato registrazioni dedicate ai concerti per pianoforte di Johann Sebastian Bach e, più recentemente, un album prodotto dal vincitore del Grammy Award Michael Fine per Universal Music.La sua presenza alla Certosa di San Martino conclude idealmente il percorso di NOTTURNI, una rassegna che ha riunito interpreti provenienti da esperienze artistiche e culturali differenti, accomunati dall'eccellenza musicale e da una visione contemporanea del concertismo internazionale.L'apertura al pubblico è prevista dalle ore 19.30, mentre il recital avrà inizio alle ore 20.30 presso la Certosa di San Martino. La capienza è limitata a 200 posti. Il costo del biglietto è di € 15,00. I biglietti sono disponibili sulla piattaforma Musei Italian (https://portale.museiitaliani.it/b2c/buyTicketless/52129e6b-aba0-4ed6-81fb-f925d1734bb5).. Per informazioni è possibile contattare l'Ufficio Eventi dei Musei Nazionali del Vomero all'indirizzo mn-vomero.eventi@cultura.gov.it.",,,,,,,,,http://media.beniculturali.it/mibac/files/boards/e180104b5167b3328bb3975350efbb08/Certosa%20di%20San%20Martino/EVENTI/MNV_CERTOSA%20SAN%20MARTINO%20Le%20voci%20di%20sopra%20cover-notturni-landscape.jpg
http://dati.beniculturali.it/mibact/eventi/resource/CulturalEvent/47508,Rocca Roveresca. Beppe Sabatino – Profughi d’acqua (25/06-02/11/2026),Mostra,"Si inaugura il 25 giugno alle 17.00 alla Rocca Roveresca di Senigallia la mostra: BEPPE SABATINO - PROFUGHI D’ACQUA.Senigallia è per sua natura legata all’elemento “acqua”.Il fiume Misa e il torrente Penna con il mare hanno difeso il nucleo abitativo sin dall’antichità e il mare è da sempre luogo di pesca e balneazione.Con Beppe Sabatino l’acqua si veste di un ulteriore significato, di un monito che invita ad un nuovo legame con l’ambiente.L’acqua non è più grembo, ma tomba di plastica e catrame. I profughi d’acqua sono fantasmi di un’apocalisse silenziosa, creature condannate a un esilio eterno dal loro stesso elemento vitale. Non c’è poesia nel loro viaggio, solo la disperata e cieca fuga da un mare che è diventato veleno, soffocato dall’abbraccio sterile dell’uomo.&nbsp;I loro corpi, ridotti a scheletri geometrici e forme fossilizzate nel polistirene, sembrano gridare sotto la superficie muta dell’opera. Sono le vittime sacrificali del progresso, simboli di una natura violentata che galleggia, inerte, nei canali di scolo della nostra sofferenza.&nbsp;L’oro dei riflessi è ormai spento, corroso dal bitume e dal rifiuto. In questo esodo senza ritorno, i pesci profughi non cercano una nuova sponda: testimoniano il crollo di un mondo, l’istante preciso in cui l’uomo, avvelenando la fonte della vita, ha firmato la propria condanna alla solitudine.[RenderImage id=""84149""]",,,,,,,,,http://media.beniculturali.it/mibac/files/4450/ROCCA%20ROVERESCA-53.jpg
http://dati.beniculturali.it/mibact/eventi/resource/CulturalEvent/47527,Parole antiche per pensieri nuovi. II edizione. Il Viaggio - Palazzo Reale di Genova_Copia_Copia_Copia,Spettacolo Teatrale,"﻿Parole Antiche per Pensieri Nuovi IV edizione. MediterraneoIn collaborazione con Teatro Pubblico LigureRegia di Sergio MaifrediDa giugno a settembre, il monumentale Salone da Ballo di Palazzo Reale si conferma prestigioso palcoscenico culturale ospitando la rassegna Parole antiche per pensieri nuovi. Sette appuntamenti esclusivi in cui filosofia, letteratura, teatro e musica si intrecciano per dialogare con la contemporaneità.L'iniziativa offre al pubblico un'opportunità unica per vivere uno dei luoghi più straordinari di Genova, guidati dalle parole e dalle opere che hanno fondato la nostra civiltà e che ancora oggi continuano a stimolare profonde riflessioni sul presente.La rassegna fa parte della quarta edizione del progetto ideato e diretto da Sergio Maifredi. L'iniziativa si snoda lungo l'intero territorio ligure, valorizzando e mettendo in rete musei e siti archeologici, teatri storici, luoghi della memoria. Un viaggio culturale che porta il pensiero critico e la grande letteratura direttamente nei luoghi simbolo del patrimonio storico e artistico della regione.PROGRAMMAPalazzo Reale di Genova - Via Balbi, 10 - Salone da Ballosabato 27 giugno | ore 17:00Mino ManniIl Mediterraneo in barcada Georges Simenonmartedì 7 luglio | ore 17:00Simone RagazzoniLa notte appartiene agli amantiEros e filosofia in Platonemartedì 14 luglio | ore 17:00Arianna ScommegnaMedusa, Scilla e la SfingeDonne, maghe e mostriMusiche dal vivo di Edmondo Romanomartedì 21 luglio | ore 17:00Roberto AlinghieriRobinsonda Daniel Defoemartedì 15 settembre | ore 17:00Simone RegazzoniEros. L'amore secondo Platonemartedì 22 settembre | ore 17:00Simone RegazzoniLibertà. La vita secondo Diogene il Cinicomartedì 29 settembre | ore 17:00Simone RegazzoniForza. La morale secondo NietzscheCome ricorda Sergio Maifredi, il teatro diventa uno strumento per riportare il pensiero nei luoghi che custodiscono le radici della nostra storia, trasformanto musei e palazzi storici in spazi vivi di incontro, confronto e immaginazionevai al sito di Teatro Pubblico LigureBIGLIETTIIntero: 10 €Ridotto (under 18, over 65, studenti, insegnanti, giornalisti, persone con disabilità e accompagnatore, titolari card annuale MNG): 8 €Il biglietto per lo spettacolo teatrale è comprensivo dell’ingresso al museo da un’ora prima dello spettacolo stesso all’ora di chiusura.Acquista i bigliettiper informazioni e prenotazioni contattare direttamente Teatro Pubblico Ligure: info@teatropubblicoligure.it",,,,,,,,,http://media.beniculturali.it/mibac/files/4367/Immagini%20museo/20.salone%20da%20ballo.jpg
http://dati.beniculturali.it/mibact/eventi/resource/CulturalEvent/47528,I segni e le storie. Scene di una Roma inquieta tra Seicento e Ottocento,Mostra,"A Castel Sant'Angelo apre al pubblico il Bastione di San Marcocon la mostra ""I segni e le storie - Scene di una Roma inquieta tra Seicento e Ottocento""Roma, 26 giugno 2026 – È aperta al pubblico da ieri, 25 giugno, la mostra “I segni e le storie - Scene di una Roma inquieta tra Seicento e Ottocento”, allestita nel Bastione di San Marco a Castel Sant'Angelo, uno spazio che entra da oggi nel percorso di visita del Monumento.Promossa e realizzata dal Pantheon e Castel Sant’Angelo – Direzione Musei nazionali della città di Roma, in collaborazione con l’Archivio di Stato di Roma e con l’organizzazione di Civita Mostre e Musei, l’esposizione sarà aperta al pubblico fino al 13 settembre 2026.La mostra mette in dialogo un prezioso nucleo di documenti dell'Archivio di Stato di Roma, individuati da Franco Russo nel corso delle sue ricerche, con una selezione di coltelli storici della sua collezione e con gli spazi, le collezioni e la storia di Castel Sant'Angelo. Carte processuali, bandi, verbali e atti giudiziari, datati tra il 1611 e il 1865, raccontano episodi di cronaca, conflitti e vicende quotidiane, spesso accompagnati da sorprendenti sagome di coltelli tracciate a margine delle testimonianze: tracce che oggi dialogano con gli oggetti esposti, in particolare con gli esemplari ottocenteschi, restituendo corpo e materia a storie custodite per secoli negli archivi.Questo dialogo permette di osservare l'evoluzione del coltello romano, il tradizionale serratore, che conserva, pur tra adattamenti e trasformazioni, le caratteristiche già documentate nelle fonti seicentesche fino all'Unità d'Italia. Allo stesso tempo, le ricerche condotte sui documenti dell'Archivio di Stato di Roma restituiscono uno spaccato della vita quotidiana nella Roma papale: dai verbali dei tribunali emerge il racconto della strada, con le sue tensioni, i conflitti e gli episodi di sopraffazione; dai bandi, il punto di vista delle autorità. Dallo scarto tra queste due prospettive nasce una delle chiavi di lettura più significative della mostra, che mette in luce il rapporto tra cultura materiale, norme e identità collettiva. Vite comuni, questioni d'onore, episodi di violenza, trasgressioni e necessità compongono così una narrazione corale della Roma popolare, restituendo il volto meno ufficiale della città e uno sguardo ravvicinato su uomini e donne spesso assenti dai grandi racconti storici.Castel Sant'Angelo non è soltanto la cornice della mostra, ma uno dei suoi protagonisti: nelle sue prigioni furono rinchiusi molti personaggi simili a quelli descritti nei documenti. Tra le figure che accompagnano il percorso espositivo vi è il brigante Antonio Gasbarrone, guida simbolica di un'epoca di tensioni e contraddizioni, evocato dalla porta originale di una cella del Castello – restaurata per l'occasione – e dalle incisioni di Bartolomeo Pinelli, tra i più significativi interpreti della Roma ottocentesca.A suggellare questo legame tra luogo e racconto, un pugnale delle collezioni di Castel Sant'Angelo si aggiunge ai materiali esposti, creando un collegamento ideale con Panopliae, la mostra allestita nell'Armeria Superiore: se questa racconta le armi legate alla guerra e alle corti, I segni e le storie restituisce la dimensione quotidiana dei conflitti. Due percorsi complementari che trovano in Castel Sant’Angelo il contesto ideale per riflettere sul rapporto tra violenza, controllo sociale e convivenza civile.Al centro del progetto restano le fonti archivistiche: grazie alla collaborazione tra Castel Sant'Angelo e l'Archivio di Stato di Roma, documenti normativi e processuali diventano strumenti per comprendere la complessità della società romana tra età moderna e contemporanea, ben oltre la loro funzione amministrativa. I segni e le storie è così un invito a leggere tra le righe della storia, osservando da vicino le tracce di uomini e donne spesso dimenticati dalle narrazioni ufficiali, e a riscoprire, nelle pieghe della memoria archivistica, la complessità di una città e della sua umanità.",,,,,,,,,http://media.beniculturali.it/mibac/files/boards/128ae52db40cae8510626c2ef301bafd/Museo%20Nazionale%20di%20Castel%20Sant'Angelo/2026/grafica%20orizzontale_isegnielestorie.jpg
http://dati.beniculturali.it/mibact/eventi/resource/CulturalEvent/47532,La Galleria degli specchi di Palazzo Spinola a lume di candela e la tavola delle feste_Copia_Copia_Copia_Copia_Copia_Copia_Copia,Attività Didattica,"Sabato 5 settembre 2026 | ore 16:00Alla scoperta di Palazzo Realevisita guidata per famiglie con bambini 5-12 anniChi abitava uno dei palazzi più belli della città? cosa succedeva nelle magnifiche sale del Secondo Piano Nobile? Davvero il re ha dormito nel letto che si vede lungo il percorso? E la regina? Cosa rappresentano le statue, i dipinti e gli affreschi che impreziosiscono gli ambienti?A queste e a -speriamo- tante altre domande risponderemo con una visita guidata dedicata ai giovanissimi visitatori di Palazzo Reale e a alle loro famiglievisita guidata a cura dei Servizi Educativi dei Musei Nazionali di Genovaingresso e visita guidata gratuiti per i minori di anni 18, aventi diritto e card MNG/ accompagnatori (massimo 2 per bambino) 6€/ 18-25 anni 2€posti limitati, per prenotare&nbsp;palazzorealegenova.servizioeducativo@cultura.gov.it",,,,,,,,,http://media.beniculturali.it/mibac/files/4367/Galleria%20degli%20Specchi%20(1).JPG
http://dati.beniculturali.it/mibact/eventi/resource/CulturalEvent/47554,Abellinum Events 2026,Festival,"Anche quest'estate, come ogni anno, ritorna Abellinum Events. Da venerdì 3 luglio al 4 settembre un ricco calendario di appuntamenti all'Area archeologica dell'Antica Abellinum e al Palazzo della Dogana dei Grani, con artisti del territorio e di rilevanza nazionale.Tutti gli eventi, organizzati dall'Amministrazione Comunale di Atripalda con la collaborazione della Direzione regionale Musei nazionali della Campania, saranno anticipati dalla presenza di autori e poeti di Irpinia Poetica, festival artistico e culturale itinerante.Si parte venerdì 3 luglio alle ore 21 all'Area archeologica dell'Antica Abellinum con il concerto ""Note tra la Storia"" dell'Ensemble Accademia Musicale Irpina.Venerdì 10 luglio, invece, Abellinum Events si sposta per una sera al Palazzo della Dogana dei Grani, in Piazza Umberto I, evento che anticipa i solenni festeggiamenti in onore del centenario dell’Incoronazione di Maria SS. del Carmelo ad Atripalda, con l'esibizione della soprano Marika Pelonero & l’Ensemble Daimon.Gli appuntamenti riprenderanno poi venerdì 24 luglio all'Area archeologica con il duo piano e voce Pennino & Nori.Si prosegue il 31 luglio con l'Ensamble Amalov del Maestro C. N. Octavian.Il 7 agosto è il turno del concerto ""Las Guitarras del Mar"" del duo Delle Cese & Minci.Venerdì 14 agosto Heritage Music Festival a cura dell'Associazione culturale musicale Koru.Il 21 agosto sarà invece la volta della performance ""Acustico Lunare"" della cantante Serena Eulogio. La serata conclusiva sarà venerdì 4 settembre con Locura de Guitarras, duo chitarristico che rivisita in chiave flamenco brani noti della musica latina, boleros, manouche, formato da Riccardo Ascani e Roberto Ippoliti.L’ingresso è libero e gratuito. L’accesso all'Area archeologica dell'Antica Abellinum è, come di consueto, da Piazza Umberto I, attraverso Rampa San Pasquale.Vi aspettiamo numerosi per vivere un'altra estate immersi nella natura, nell'arte, nella musica, nella poesia, nella cultura.InfoArea archeologica dell’Antica AbellinumRampa San Pasquale (Piazza Umberto I) – 83042 Atripalda (AV)+39 0825 626586, drm-cam.atripalda@cultura.gov.itmuseicampania.cultura.gov.itfacebook.com/doganadeigraniatripalda.anticaabellinuminstagram.com/doganadeigrani_anticaabellinum",,,,,,,,,http://media.beniculturali.it/mibac/files/boards/3d4b62738d2cccfe44a560bc3b687299/Dogana%20dei%20Grani/Abellinum%20Events%202026/Abellinum%20Events%202026_Copertina.png
http://dati.beniculturali.it/mibact/eventi/resource/CulturalEvent/47556,Il restauro live del basamento del Perseo: approfondimenti sul cantiere a cura dello staff del museo,Attività Didattica,"﻿﻿GAMB – Galleria dell’Accademia di Firenze e
Musei del Bargello presenta una nuova iniziativa rivolta a tutti i visitatori:
a partire da venerdì 3 luglio 2026,
lo staff del Museo Nazionale del Bargello curerà una serie di approfondimenti sul cantiere di restauro del basamento del
Perseo di Benvenuto Cellini.Gli incontri offriranno il racconto delle diverse fasi del progetto, delle tecniche impiegate e di quelle attività che accompagnano il lavoro dei restauratori, professionisti che di solito rimangono meno visibili rispetto all'esposizione museale. L'iniziativa permetterà di conoscere più a fondo un importante progetto di conservazione del patrimonio artistico.Gli appuntamenti si terranno tutti i venerdì a partire dal 3 luglio fino al 30 novembre con due turni di visita, alle 11.00 e alle 16.00, per un massimo di otto visitatori per turno. Le attività, in lingua italiana, hanno una durata di 30 minuti circa e&nbsp;sono gratuite previo pagamento del biglietto di ingresso al museo, salvo esenzioni e riduzioni previste dalla normativa vigente.&nbsp;Per informazioni e prenotazioni è sufficiente rivolgersi all'ingresso del cortile del museo.",,,,,,,,,
http://dati.beniculturali.it/mibact/eventi/resource/CulturalEvent/47570,"L’estate delle VILLÆ di Tivoli si illumina di sera: ecco il calendario tra arte, teatro, musica e osservazioni astronomiche.",Altro,"L’estate delle VILLÆ di Tivoli si illumina di sera: ecco il calendario tra arte, teatro, musica e osservazioni astronomiche. Il direttore Alberto Samonà: “Un’esperienza sensoriale unica”Nelle sere d’estate, i cancelli delle Villæ di Tivoli si aprono oltre il tramonto per offrire al pubblico un’esperienza di visita unica e suggestiva, con il ricco programma messo a punto dall’Istituto Villa Adriana e Villa d’Este.Passeggiare tra i monumenti di Villa Adriana, lasciarsi avvolgere dalla magia delle fontane di Villa d’Este o riscoprire il fascino del Santuario di Ercole Vincitore quando il giorno lascia spazio alla sera significa vivere questi luoghi con uno sguardo nuovo, accompagnati dalle illuminazioni notturne e dall’atmosfera intima che solo la luce del crepuscolo sa regalare. Un’occasione per immergersi nella storia millenaria dei tre siti in una dimensione insolita e coinvolgente, dove il patrimonio archeologico e monumentale incontra il paesaggio e la bellezza delle notti estive.Le aperture serali interesseranno Villa Adriana lunedì 6 luglio, ma anche il 15 agosto, nella serata di Ferragosto, il 29 agosto, quando si potrà partecipare all’osservazione astronomica dalla Torre di Roccabruna, e infine, il 18 settembre.Villa d'Este aprirà eccezionalmente in orario serale il 10, 12 e 13 agosto e ancora il 14 settembre, mentre il Santuario di Ercole Vincitore sarà visitabile nelle sere di domenica 5 luglio, del 1° agosto e dell'8 agosto. Occasioni preziose per scoprire i tre siti UNESCO e il Santuario in una veste inedita, resa ancora più affascinante dalla luce della sera.Gli ingressi serali sono previsti con il biglietto ordinario (e le relative formule di abbonamento), tranne per il 5 luglio al Santuario, quando l’accesso sarà gratuito, perché coincide con la prima domenica di luglio.Il ricco calendario di VILLÆSTATE 2026Le aperture serali sono il cuore di un ricco calendario di iniziative culturali che accompagnerà il pubblico per tutta l’estate, dedicato alla musica, al teatro, all’arte contemporanea, alla letteratura e alla divulgazione culturale.Dopo il grande successo dello spettacolo “Emozioni”, dedicato ai grandi successi di Mogol/Battisti, che, alla presenza del Maestro Mogol e di Gianmarco Carroccia, ha inaugurato con uno straordinario sold-out la stagione estiva a Villa Adriana, il programma di VILLÆSTATE 2026 prosegue sabato 4 luglio nel Chiostro di Villa d’Este con il concerto “Sulle Ali della Leggerezza”, in programma alle ore 20.15, durante il quale l’Ànima Trio accompagnerà il pubblico in un viaggio musicale tra il tango di Astor Piazzolla e le sonorità brasiliane. Ingresso al solo Chiostro della Villa, gratuito con prenotazione obbligatoria.Da giovedì 16 luglio gli spazi di Villa d’Este ospiteranno, inoltre, la mostra “Cosmogonie dell’acqua” dell'artista Claudia Müller, un percorso espositivo composto da tre installazioni site-specific che dialogano con il patrimonio monumentale e con l’elemento che più caratterizza la Villa: l’acqua. Inaugurazione il 16 luglio alle ore 17,30, ingresso gratuito.Giovedì 23 e venerdì 24 luglio, alle ore 21.30, Villa Adriana farà da cornice a “Memorie di Adriano”, lo spettacolo con Alessandro Preziosi, tratto dal romanzo di Marguerite Yourcenar. Con Elisa Di Eusanio; opere in scena di Alfredo Pirri; musiche di Giacomo Vezzani. Uno spettacolo che intreccia la grande letteratura e il teatro nei luoghi dell'imperatore Adriano, restituendo nuova voce a una delle figure più affascinanti della storia romana. In collaborazione con Teatro Stabile d’Abruzzo. Biglietti acquistabili qui: https://www.ciaotickets.com/it/biglietti/le-memorie-di-adriano-tivoliIl Santuario di Ercole Vincitore ospiterà, invece, la rassegna teatrale “Heroides – Donne che svelano la fragilità degli eroi”, cinque appuntamenti al tramonto, tutti alle ore 19.00, con alcuni celebri nomi del teatro italiano, che mettono al centro le grandi protagoniste del Mito: venerdì 31 luglio andrà in scena Medea, sabato 1° agosto Antigone, domenica 2 agosto Ecuba, venerdì 7 agosto Ifigenia e sabato 8 agosto I De Broc, in un percorso teatrale che intreccia classico e contemporaneo attraverso il racconto della forza e della complessità dell'universo femminile. A cura di TDO compagnia teatrale di Marco Prosperini e Luca Simonelli. Ingresso gratuito con prenotazione obbligatoria.Grande spazio sarà dedicato anche al bicentenario della nascita di Carlo Collodi con “Eterno Pinocchio – Duecento anni di Collodi”, due serate speciali in programma a Villa d’Este. domenica 9 agosto, alle ore 18.45, Giordano Bruno Guerri, Daniela Marcheschi e Luigi Turinese dialogheranno sul significato e sull'eredità culturale del celebre burattino, in un incontro introdotto da Alberto Samonà e moderato da Fulvia Toscano, al quale seguirà la proiezione del classico film d’animazione “Pinocchio” prodotto da Walt Disney. Ingresso al solo Chiostro della Villa, gratuito con prenotazione obbligatoria.Martedì 11 agosto, sempre alle ore 18.45, a Villa d’Este il pubblico potrà rivivere il fascino dello storico sceneggiato televisivo di Luigi Comencini grazie alla presenza di Andrea Balestri, indimenticabile interprete di Pinocchio, e di Massimo Benenato, figlio di Franco Franchi, cui seguiranno l’esecuzione dal vivo della colonna sonora di Fiorenzo Carpi e uno spettacolare audiovisual mapping curato da FLYer. Ingresso al solo Chiostro della Villa, gratuito con prenotazione obbligatoria.Tra gli appuntamenti più attesi figurano anche “Ad osservar le stelle”, sabato 29 agosto quando alla Torre di Roccabruna si potrà partecipare alle osservazioni astronomiche del cielo estivo; lunedì 14 settembre alle ore 20 Villa d’Este ospiterà “Canto delle Creature”, il progetto originale dedicato a San Francesco, con Ambrogio Sparagna, l’Orchestra Popolare Italiana e la partecipazione straordinaria del poeta Davide Rondoni (ingresso con biglietto ordinario e prenotazione obbligatoria); mentre venerdì 18 settembre, alle ore 20.00, Villa Adriana farà da scenario a “Lumen Lunae”, intenso melologo dedicato alla figura dell'imperatore Adriano e al simbolismo della luna, con testi di Filippo Arriva e musiche originali del Maestro Mario Modestini, eseguite da un quartetto d’archi. Ingresso con biglietto ordinario e prenotazione obbligatoria.La stagione si concluderà sabato 26 settembre alle ore 18.00 con il “Certamen Ercole Vincitore”, concorso riservato ad attori e compagnie under 35 che animerà gli spettacolari grottoni monumentali del Santuario, recentemente restaurati e per la prima volta restituiti alla fruizione del pubblico.Un programma ricco e articolato che conferma le VILLÆ come uno dei principali poli culturali del territorio, capaci di coniugare la straordinaria bellezza del patrimonio storico con un'offerta di eventi di alto profilo, invitando cittadini e visitatori a vivere l'estate tra arte, spettacolo e storia, anche sotto il cielo delle sere di Tivoli.«Le aperture serali delle VILLÆ – sottolinea il Direttore dell’Istituto Villa Adriana e Villa d’Este, Alberto Samonà – restituiscono questi siti unici al mondo alla dimensione di un tempo dilatato, dove le luci notturne ridefiniscono le architetture e gli spazi. Vivere le VILLÆ di Tivoli di sera trasforma la percezione dei nostri monumenti in un’esperienza sensoriale unica. Attraverso questo ricco palinsesto estivo, inoltre, abbiamo inteso offrire al pubblico occasioni di incontro tra linguaggi diversi – dalla drammaturgia alla ricerca astronomica, dalla musica alla riflessione letteraria. Il nostro obiettivo – conclude il Direttore Samonà – è fare di Villa Adriana, Villa d’Este e del Santuario di Ercole Vincitore dei presidi culturali dinamici, dove la stratificazione dei secoli si intreccia con il presente e diviene essa stessa contemporaneità, invitando la comunità a riappropriarsi di spazi che non sono semplici scenari, ma luoghi di pensiero e di partecipazione attiva».Programmainfo:va-ve@cultura.gov.it",,,,,,,,,http://media.beniculturali.it/mibac/files/boards/a6a1b70d631f706af99cfd0f4210899d/2026/VILLAEstate_2026-1920x1080.jpg
http://dati.beniculturali.it/mibact/eventi/resource/CulturalEvent/47571,"L’estate delle VILLÆ di Tivoli si illumina di sera: ecco il calendario tra arte, teatro, musica e osservazioni astronomiche._Copia",Altro,"L’estate delle VILLÆ di Tivoli si illumina di sera: ecco il calendario tra arte, teatro, musica e osservazioni astronomiche. Il direttore Alberto Samonà: “Un’esperienza sensoriale unica”Nelle sere d’estate, i cancelli delle Villæ di Tivoli si aprono oltre il tramonto per offrire al pubblico un’esperienza di visita unica e suggestiva, con il ricco programma messo a punto dall’Istituto Villa Adriana e Villa d’Este.Passeggiare tra i monumenti di Villa Adriana, lasciarsi avvolgere dalla magia delle fontane di Villa d’Este o riscoprire il fascino del Santuario di Ercole Vincitore quando il giorno lascia spazio alla sera significa vivere questi luoghi con uno sguardo nuovo, accompagnati dalle illuminazioni notturne e dall’atmosfera intima che solo la luce del crepuscolo sa regalare. Un’occasione per immergersi nella storia millenaria dei tre siti in una dimensione insolita e coinvolgente, dove il patrimonio archeologico e monumentale incontra il paesaggio e la bellezza delle notti estive.Le aperture serali interesseranno Villa Adriana lunedì 6 luglio, ma anche il 15 agosto, nella serata di Ferragosto, il 29 agosto, quando si potrà partecipare all’osservazione astronomica dalla Torre di Roccabruna, e infine, il 18 settembre.Villa d'Este aprirà eccezionalmente in orario serale il 10, 12 e 13 agosto e ancora il 14 settembre, mentre il Santuario di Ercole Vincitore sarà visitabile nelle sere di domenica 5 luglio, del 1° agosto e dell'8 agosto. Occasioni preziose per scoprire i tre siti UNESCO e il Santuario in una veste inedita, resa ancora più affascinante dalla luce della sera.Gli ingressi serali sono previsti con il biglietto ordinario (e le relative formule di abbonamento), tranne per il 5 luglio al Santuario, quando l’accesso sarà gratuito, perché coincide con la prima domenica di luglio.Il ricco calendario di VILLÆSTATE 2026Le aperture serali sono il cuore di un ricco calendario di iniziative culturali che accompagnerà il pubblico per tutta l’estate, dedicato alla musica, al teatro, all’arte contemporanea, alla letteratura e alla divulgazione culturale.Dopo il grande successo dello spettacolo “Emozioni”, dedicato ai grandi successi di Mogol/Battisti, che, alla presenza del Maestro Mogol e di Gianmarco Carroccia, ha inaugurato con uno straordinario sold-out la stagione estiva a Villa Adriana, il programma di VILLÆSTATE 2026 prosegue sabato 4 luglio nel Chiostro di Villa d’Este con il concerto “Sulle Ali della Leggerezza”, in programma alle ore 20.15, durante il quale l’Ànima Trio accompagnerà il pubblico in un viaggio musicale tra il tango di Astor Piazzolla e le sonorità brasiliane. Ingresso al solo Chiostro della Villa, gratuito con prenotazione obbligatoria.Da giovedì 16 luglio gli spazi di Villa d’Este ospiteranno, inoltre, la mostra “Cosmogonie dell’acqua” dell'artista Claudia Müller, un percorso espositivo composto da tre installazioni site-specific che dialogano con il patrimonio monumentale e con l’elemento che più caratterizza la Villa: l’acqua. Inaugurazione il 16 luglio alle ore 17,30, ingresso gratuito.Giovedì 23 e venerdì 24 luglio, alle ore 21.30, Villa Adriana farà da cornice a “Memorie di Adriano”, lo spettacolo con Alessandro Preziosi, tratto dal romanzo di Marguerite Yourcenar. Con Elisa Di Eusanio; opere in scena di Alfredo Pirri; musiche di Giacomo Vezzani. Uno spettacolo che intreccia la grande letteratura e il teatro nei luoghi dell'imperatore Adriano, restituendo nuova voce a una delle figure più affascinanti della storia romana. In collaborazione con Teatro Stabile d’Abruzzo. Biglietti acquistabili qui: https://www.ciaotickets.com/it/biglietti/le-memorie-di-adriano-tivoliIl Santuario di Ercole Vincitore ospiterà, invece, la rassegna teatrale “Heroides – Donne che svelano la fragilità degli eroi”, cinque appuntamenti al tramonto, tutti alle ore 19.00, con alcuni celebri nomi del teatro italiano, che mettono al centro le grandi protagoniste del Mito: venerdì 31 luglio andrà in scena Medea, sabato 1° agosto Antigone, domenica 2 agosto Ecuba, venerdì 7 agosto Ifigenia e sabato 8 agosto I De Broc, in un percorso teatrale che intreccia classico e contemporaneo attraverso il racconto della forza e della complessità dell'universo femminile. A cura di TDO compagnia teatrale di Marco Prosperini e Luca Simonelli. Ingresso gratuito con prenotazione obbligatoria.Grande spazio sarà dedicato anche al bicentenario della nascita di Carlo Collodi con “Eterno Pinocchio – Duecento anni di Collodi”, due serate speciali in programma a Villa d’Este. domenica 9 agosto, alle ore 18.45, Giordano Bruno Guerri, Daniela Marcheschi e Luigi Turinese dialogheranno sul significato e sull'eredità culturale del celebre burattino, in un incontro introdotto da Alberto Samonà e moderato da Fulvia Toscano, al quale seguirà la proiezione del classico film d’animazione “Pinocchio” prodotto da Walt Disney. Ingresso al solo Chiostro della Villa, gratuito con prenotazione obbligatoria.Martedì 11 agosto, sempre alle ore 18.45, a Villa d’Este il pubblico potrà rivivere il fascino dello storico sceneggiato televisivo di Luigi Comencini grazie alla presenza di Andrea Balestri, indimenticabile interprete di Pinocchio, e di Massimo Benenato, figlio di Franco Franchi, cui seguiranno l’esecuzione dal vivo della colonna sonora di Fiorenzo Carpi e uno spettacolare audiovisual mapping curato da FLYer. Ingresso al solo Chiostro della Villa, gratuito con prenotazione obbligatoria.Tra gli appuntamenti più attesi figurano anche “Ad osservar le stelle”, sabato 29 agosto quando alla Torre di Roccabruna si potrà partecipare alle osservazioni astronomiche del cielo estivo; lunedì 14 settembre alle ore 20 Villa d’Este ospiterà “Canto delle Creature”, il progetto originale dedicato a San Francesco, con Ambrogio Sparagna, l’Orchestra Popolare Italiana e la partecipazione straordinaria del poeta Davide Rondoni (ingresso con biglietto ordinario e prenotazione obbligatoria); mentre venerdì 18 settembre, alle ore 20.00, Villa Adriana farà da scenario a “Lumen Lunae”, intenso melologo dedicato alla figura dell'imperatore Adriano e al simbolismo della luna, con testi di Filippo Arriva e musiche originali del Maestro Mario Modestini, eseguite da un quartetto d’archi. Ingresso con biglietto ordinario e prenotazione obbligatoria.La stagione si concluderà sabato 26 settembre alle ore 18.00 con il “Certamen Ercole Vincitore”, concorso riservato ad attori e compagnie under 35 che animerà gli spettacolari grottoni monumentali del Santuario, recentemente restaurati e per la prima volta restituiti alla fruizione del pubblico.Un programma ricco e articolato che conferma le VILLÆ come uno dei principali poli culturali del territorio, capaci di coniugare la straordinaria bellezza del patrimonio storico con un'offerta di eventi di alto profilo, invitando cittadini e visitatori a vivere l'estate tra arte, spettacolo e storia, anche sotto il cielo delle sere di Tivoli.«Le aperture serali delle VILLÆ – sottolinea il Direttore dell’Istituto Villa Adriana e Villa d’Este, Alberto Samonà – restituiscono questi siti unici al mondo alla dimensione di un tempo dilatato, dove le luci notturne ridefiniscono le architetture e gli spazi. Vivere le VILLÆ di Tivoli di sera trasforma la percezione dei nostri monumenti in un’esperienza sensoriale unica. Attraverso questo ricco palinsesto estivo, inoltre, abbiamo inteso offrire al pubblico occasioni di incontro tra linguaggi diversi – dalla drammaturgia alla ricerca astronomica, dalla musica alla riflessione letteraria. Il nostro obiettivo – conclude il Direttore Samonà – è fare di Villa Adriana, Villa d’Este e del Santuario di Ercole Vincitore dei presidi culturali dinamici, dove la stratificazione dei secoli si intreccia con il presente e diviene essa stessa contemporaneità, invitando la comunità a riappropriarsi di spazi che non sono semplici scenari, ma luoghi di pensiero e di partecipazione attiva».Programmainfo:va-ve@cultura.gov.it",,,,,,,,,http://media.beniculturali.it/mibac/files/boards/a6a1b70d631f706af99cfd0f4210899d/2026/VILLAEstate_2026-1920x1080.jpg
http://dati.beniculturali.it/mibact/eventi/resource/CulturalEvent/47572,"L’estate delle VILLÆ di Tivoli si illumina di sera: ecco il calendario tra arte, teatro, musica e osservazioni astronomiche._Copia",Altro,"L’estate delle VILLÆ di Tivoli si illumina di sera: ecco il calendario tra arte, teatro, musica e osservazioni astronomiche. Il direttore Alberto Samonà: “Un’esperienza sensoriale unica”Nelle sere d’estate, i cancelli delle Villæ di Tivoli si aprono oltre il tramonto per offrire al pubblico un’esperienza di visita unica e suggestiva, con il ricco programma messo a punto dall’Istituto Villa Adriana e Villa d’Este.Passeggiare tra i monumenti di Villa Adriana, lasciarsi avvolgere dalla magia delle fontane di Villa d’Este o riscoprire il fascino del Santuario di Ercole Vincitore quando il giorno lascia spazio alla sera significa vivere questi luoghi con uno sguardo nuovo, accompagnati dalle illuminazioni notturne e dall’atmosfera intima che solo la luce del crepuscolo sa regalare. Un’occasione per immergersi nella storia millenaria dei tre siti in una dimensione insolita e coinvolgente, dove il patrimonio archeologico e monumentale incontra il paesaggio e la bellezza delle notti estive.Le aperture serali interesseranno Villa Adriana lunedì 6 luglio, ma anche il 15 agosto, nella serata di Ferragosto, il 29 agosto, quando si potrà partecipare all’osservazione astronomica dalla Torre di Roccabruna, e infine, il 18 settembre.Villa d'Este aprirà eccezionalmente in orario serale il 10, 12 e 13 agosto e ancora il 14 settembre, mentre il Santuario di Ercole Vincitore sarà visitabile nelle sere di domenica 5 luglio, del 1° agosto e dell'8 agosto. Occasioni preziose per scoprire i tre siti UNESCO e il Santuario in una veste inedita, resa ancora più affascinante dalla luce della sera.Gli ingressi serali sono previsti con il biglietto ordinario (e le relative formule di abbonamento), tranne per il 5 luglio al Santuario, quando l’accesso sarà gratuito, perché coincide con la prima domenica di luglio.Il ricco calendario di VILLÆSTATE 2026Le aperture serali sono il cuore di un ricco calendario di iniziative culturali che accompagnerà il pubblico per tutta l’estate, dedicato alla musica, al teatro, all’arte contemporanea, alla letteratura e alla divulgazione culturale.Dopo il grande successo dello spettacolo “Emozioni”, dedicato ai grandi successi di Mogol/Battisti, che, alla presenza del Maestro Mogol e di Gianmarco Carroccia, ha inaugurato con uno straordinario sold-out la stagione estiva a Villa Adriana, il programma di VILLÆSTATE 2026 prosegue sabato 4 luglio nel Chiostro di Villa d’Este con il concerto “Sulle Ali della Leggerezza”, in programma alle ore 20.15, durante il quale l’Ànima Trio accompagnerà il pubblico in un viaggio musicale tra il tango di Astor Piazzolla e le sonorità brasiliane. Ingresso al solo Chiostro della Villa, gratuito con prenotazione obbligatoria.Da giovedì 16 luglio gli spazi di Villa d’Este ospiteranno, inoltre, la mostra “Cosmogonie dell’acqua” dell'artista Claudia Müller, un percorso espositivo composto da tre installazioni site-specific che dialogano con il patrimonio monumentale e con l’elemento che più caratterizza la Villa: l’acqua. Inaugurazione il 16 luglio alle ore 17,30, ingresso gratuito.Giovedì 23 e venerdì 24 luglio, alle ore 21.30, Villa Adriana farà da cornice a “Memorie di Adriano”, lo spettacolo con Alessandro Preziosi, tratto dal romanzo di Marguerite Yourcenar. Con Elisa Di Eusanio; opere in scena di Alfredo Pirri; musiche di Giacomo Vezzani. Uno spettacolo che intreccia la grande letteratura e il teatro nei luoghi dell'imperatore Adriano, restituendo nuova voce a una delle figure più affascinanti della storia romana. In collaborazione con Teatro Stabile d’Abruzzo. Biglietti acquistabili qui: https://www.ciaotickets.com/it/biglietti/le-memorie-di-adriano-tivoliIl Santuario di Ercole Vincitore ospiterà, invece, la rassegna teatrale “Heroides – Donne che svelano la fragilità degli eroi”, cinque appuntamenti al tramonto, tutti alle ore 19.00, con alcuni celebri nomi del teatro italiano, che mettono al centro le grandi protagoniste del Mito: venerdì 31 luglio andrà in scena Medea, sabato 1° agosto Antigone, domenica 2 agosto Ecuba, venerdì 7 agosto Ifigenia e sabato 8 agosto I De Broc, in un percorso teatrale che intreccia classico e contemporaneo attraverso il racconto della forza e della complessità dell'universo femminile. A cura di TDO compagnia teatrale di Marco Prosperini e Luca Simonelli. Ingresso gratuito con prenotazione obbligatoria.Grande spazio sarà dedicato anche al bicentenario della nascita di Carlo Collodi con “Eterno Pinocchio – Duecento anni di Collodi”, due serate speciali in programma a Villa d’Este. domenica 9 agosto, alle ore 18.45, Giordano Bruno Guerri, Daniela Marcheschi e Luigi Turinese dialogheranno sul significato e sull'eredità culturale del celebre burattino, in un incontro introdotto da Alberto Samonà e moderato da Fulvia Toscano, al quale seguirà la proiezione del classico film d’animazione “Pinocchio” prodotto da Walt Disney. Ingresso al solo Chiostro della Villa, gratuito con prenotazione obbligatoria.Martedì 11 agosto, sempre alle ore 18.45, a Villa d’Este il pubblico potrà rivivere il fascino dello storico sceneggiato televisivo di Luigi Comencini grazie alla presenza di Andrea Balestri, indimenticabile interprete di Pinocchio, e di Massimo Benenato, figlio di Franco Franchi, cui seguiranno l’esecuzione dal vivo della colonna sonora di Fiorenzo Carpi e uno spettacolare audiovisual mapping curato da FLYer. Ingresso al solo Chiostro della Villa, gratuito con prenotazione obbligatoria.Tra gli appuntamenti più attesi figurano anche “Ad osservar le stelle”, sabato 29 agosto quando alla Torre di Roccabruna si potrà partecipare alle osservazioni astronomiche del cielo estivo; lunedì 14 settembre alle ore 20 Villa d’Este ospiterà “Canto delle Creature”, il progetto originale dedicato a San Francesco, con Ambrogio Sparagna, l’Orchestra Popolare Italiana e la partecipazione straordinaria del poeta Davide Rondoni (ingresso con biglietto ordinario e prenotazione obbligatoria); mentre venerdì 18 settembre, alle ore 20.00, Villa Adriana farà da scenario a “Lumen Lunae”, intenso melologo dedicato alla figura dell'imperatore Adriano e al simbolismo della luna, con testi di Filippo Arriva e musiche originali del Maestro Mario Modestini, eseguite da un quartetto d’archi. Ingresso con biglietto ordinario e prenotazione obbligatoria.La stagione si concluderà sabato 26 settembre alle ore 18.00 con il “Certamen Ercole Vincitore”, concorso riservato ad attori e compagnie under 35 che animerà gli spettacolari grottoni monumentali del Santuario, recentemente restaurati e per la prima volta restituiti alla fruizione del pubblico.Un programma ricco e articolato che conferma le VILLÆ come uno dei principali poli culturali del territorio, capaci di coniugare la straordinaria bellezza del patrimonio storico con un'offerta di eventi di alto profilo, invitando cittadini e visitatori a vivere l'estate tra arte, spettacolo e storia, anche sotto il cielo delle sere di Tivoli.«Le aperture serali delle VILLÆ – sottolinea il Direttore dell’Istituto Villa Adriana e Villa d’Este, Alberto Samonà – restituiscono questi siti unici al mondo alla dimensione di un tempo dilatato, dove le luci notturne ridefiniscono le architetture e gli spazi. Vivere le VILLÆ di Tivoli di sera trasforma la percezione dei nostri monumenti in un’esperienza sensoriale unica. Attraverso questo ricco palinsesto estivo, inoltre, abbiamo inteso offrire al pubblico occasioni di incontro tra linguaggi diversi – dalla drammaturgia alla ricerca astronomica, dalla musica alla riflessione letteraria. Il nostro obiettivo – conclude il Direttore Samonà – è fare di Villa Adriana, Villa d’Este e del Santuario di Ercole Vincitore dei presidi culturali dinamici, dove la stratificazione dei secoli si intreccia con il presente e diviene essa stessa contemporaneità, invitando la comunità a riappropriarsi di spazi che non sono semplici scenari, ma luoghi di pensiero e di partecipazione attiva».Programmainfo:va-ve@cultura.gov.it",,,,,,,,,http://media.beniculturali.it/mibac/files/boards/a6a1b70d631f706af99cfd0f4210899d/2026/VILLAEstate_2026-1920x1080.jpg
http://dati.beniculturali.it/mibact/eventi/resource/CulturalEvent/47573,Apertura straordinaria Archivio di Stato di Latina,Visita Libera,"In occasione delle Giornate Europee del Patrimonio, l'Archivio di Stato apre eccezionalmente le proprie porte al pubblico con un evento dedicato alla valorizzazione del patrimonio documentario e della memoria storica del territorio.L'apertura straordinaria offre ai visitatori l'opportunità di conoscere da vicino un luogo solitamente destinato alla conservazione e alla ricerca, attraverso visite guidate agli ambienti archivistici, l'esposizione di documenti originali di particolare interesse storico e artistico e approfondimenti curati dal personale dell'Archivio.Nel corso dell'iniziativa sarà possibile scoprire il ruolo dell'Archivio di Stato nella tutela della memoria collettiva, comprendere le attività di conservazione, ordinamento e valorizzazione del patrimonio documentario e ammirare testimonianze uniche della storia locale e nazionale, spesso non accessibili al pubblico.L'evento si inserisce nel programma delle Giornate Europee del Patrimonio, la più importante manifestazione culturale d'Europa dedicata alla promozione e alla conoscenza del patrimonio culturale, con l'obiettivo di favorire la partecipazione dei cittadini e rafforzare il legame tra comunità, storia e territorio.L'ingresso è aperto a tutti, fino a esaurimento dei posti disponibili. L'iniziativa rappresenta un'occasione speciale per avvicinarsi al patrimonio archivistico e riscoprire il valore dei documenti come fonte di conoscenza, identità e memoria condivisa.",,,,,,,,,http://media.beniculturali.it/mibac/files/5971/5504.jpg
http://dati.beniculturali.it/mibact/eventi/resource/CulturalEvent/47602,Mostra Temporanea,Mostra,"Villa Pisani presenta 헪헮혁헲헿헺헮헿헸혀. 헦헲헴헻헶 헱헮헹헹'헮헰헾혂헮, progetto espositivo a cura di 헙헿헮헻헰헲혀헰헼 헧헿헲헻혁헶헻헶. Nel suggestivo piano nobile di Villa Pisani, diciannove creazioni tessili di 헗헼헻헻헮 헖헮헿헺헲헹헮 헦헮헻혁헼헿헼 dialogano con quindici stanze ricche di storia e memoria. Ogni abito nasce da un processo di ricerca e stratificazione ideale e materiale, trasformandosi in una filigrana, un segno d'acqua generato dall'incontro tra l'artista e gli spazi della Villa. Pensata come un 헶헻혁헲헿혃헲헻혁헼 혀헶혁헲-혀헽헲헰헶헳헶헰, ""Watermarks. Segni dall'acqua"" offre una nuova lettura degli ambienti Pisani, creando un dialogo tra assenza e presenza.Le stanze, un tempo teatro di vita e relazioni, diventano oggi luoghi di contemplazione, dove il passato incontra il presente. Vi aspettiamo per scoprire un percorso espositivo che intreccia memoria, materia e visione.      9 Giugno - 13 Settembre 2026 | Villa Pisani di Stra",,,,,,,,,
http://dati.beniculturali.it/mibact/eventi/resource/CulturalEvent/47608,Mimmo Jodice. Mediterraneo,Mostra,"A partire da martedì 7 luglio 2026 presso la sala delle arcate di Palazzo Lanfranchi sarà aperta al pubblico la mostra Mimmo Jodice. Mediterraneo, a cura di Carlo Sala.Una visione del passato attraverso immagini di un Mediterraneo perduto, frutto di un’arte fotografica trasformativa. È questo e altro Mimmo Jodice. Mediterraneo, la mostra a cura di Carlo Sala accoglie il pubblico nella sede di Palazzo Lanfranchi dei Musei Nazionali di Matera, per poi approdare al Centre d’Art Moderne di Tétouan in Marocco (inizi dicembre 2026- metà febbraio 2027).In mostra ben 83 opere fotografiche, di cui 68 stampe vintage (anni ’80-’90) ai sali d’argento su carta baritata con viraggio al selenio della celebre serie Mediterraneo, concesse in prestito a fini espositivi dal collezionista stesso e dalla Collezione Farnesina del Ministero degli Affari Esteri e della Cooperazione Internazionale. Integrano la mostra 5 opere della serie Danzatrici e 10 opere vintage e moderne sulle ricerche più recenti dell’artista sul Mediterraneo.Promossa dall’Unità di Missione per la Cooperazione culturale con l’Africa e il Mediterraneo allargato del Ministero della Cultura, in collaborazione con il Comune di Matera, la Fondazione Matera Basilicata 2019, il MUNAF – Museo Nazionale di Fotografia e lo Studio Jodice grazie alla disponibilità dei Musei nazionali di Matera presso Palazzo Lanfranchi e con la consulenza scientifica della Direzione Generale Creatività Contemporanea del Ministero della Cultura, l’esposizione rientra nell’ambito di Matera e Tétouan Capitali Mediterranee della Cultura e del Dialogo 2026, in un legame simbolico tra le due sponde del Mediterraneo.La mostra sarà visitabile fino al giorno 8 novembre 2026.",,,,,,,,,http://media.beniculturali.it/mibac/files/boards/bfd59297b145c4718548dd0a41f06a9b/MNM_2026/032_JO~1.JPG
http://dati.beniculturali.it/mibact/eventi/resource/CulturalEvent/47610,GEP 2025 - EVENTI DIURNI_Copia,Apertura Straordinaria,"Gli appuntamenti presenti in questa pagina sono pubblicati in tempo reale a cura degli Istituti Periferici del MiC.Poiché potrebbero sussistere variazioni dell’ultimo minuto, si consiglia sempre di contattare i recapiti indicati nelle relative schede di dettaglio.",,,,,,,,,http://media.beniculturali.it/mibac/files/boards/be78e33bc8ca0c99bff70aa174035096/Grandi%20Eventi/2026/GEP_ApertureDiurne_Card_01.jpg
http://dati.beniculturali.it/mibact/eventi/resource/CulturalEvent/47618,Mostra “Cosmogonie dell’acqua. Claudia Müller” Arte e territorio si incontrano a Tivoli nel primo progetto del programma MuseoNatura.,Mostra,"Gli spazi storici di Villa d’Este accolgono la mostra “Cosmogonie dell’acqua. Claudia Müller”. L’esposizione, a cura di Alberto Samonà, Davide Bertolini e Sara Tarissi de Jacobis, rappresenta la prima iniziativa realizzata nell’ambito di un accordo di collaborazione scientifica sottoscritto dall’Istituto Villa Adriana e Villa d’Este con il Comune di Licenza.L’inaugurazione è in programma giovedì 16 luglio, alle ore 17,30, presso il Chiostro di Villa d’Este e a seguire si terrà una visita guidata lungo il percorso espositivo. L’ingresso è gratuito.L’esposizione sarà visitabile per tre mesi, fino al 18 ottobre 2026, acquistando il biglietto d’ingresso ordinario alla Villa.Il progetto si inserisce all’interno del programma MuseoNatura di VILLÆ, un’iniziativa che interpreta il patrimonio culturale e naturale come un vero e proprio dispositivo di conoscenza ecologica e partecipativa. Attraverso l’attivazione di reti sinergiche tra le comunità locali, gli artisti e il territorio e grazie alla convergenza con il programma MuseoOFF dell’Associazione Collettivo l’Aquila Reale ETS, la mostra propone un’inedita e profonda riflessione sul bene naturalistico e culturale più prezioso di Villa d'Este: l’acqua.Il percorso espositivo si snoda attraverso tre suggestive installazioni che animano altrettanti spazi emblematici del sito. Nel Palazzo, al livello del giardino, il progetto Frontera Líquida — un’opera video in tre parti focalizzata sul confine tra il mondo sottomarino e quello terrestre — indaga le molteplici e affascinanti manifestazioni dell’acqua sulla Terra. Presso la Serra del Giardino dei Melangoli, l’opera Acqua Lattea reinterpreta il concetto classico di ninfeo come spazio di soglia e reinterpretazione di forme naturali, grazie a un circuito d’acqua in movimento e specchi. Infine, nella Fontana di Arianna, una installazione site-specific, intitolata Spirali d’Acqua, completa l’itinerario visivo e concettuale dell’artista, richiamando il flusso e il movimento tra le caratteristiche vitali dell’acqua.Claudia Müller Montes (1983) è un’artista visiva cilena che vive e lavora tra Milano e Santiago del Cile. La sua ricerca indaga i corpi d’acqua, terrestri ed extraterrestri, come entità dinamiche e sensibili, e si sviluppa attraverso video, scultura e installazioni che integrano processi materiali, energetici e simbolici nel rapporto tra acqua, territorio e cosmo. Ha esposto a Milano, Roma, Berlino, Parigi, Bogotá, Barcellona, Bilbao, Buenos Aires, Stavanger e Santa Cruz, oltre che in numerose istituzioni pubbliche cilene. INFO & CONTATTI:Cosmogonie dell’acqua. Claudia Müller Villa d’Este, piazza Trento, 5 – Tivoli (RM).Periodo: 16 luglio – 18 ottobre 2026.Modalità di ingresso: accesso compreso nel costo della bigliettazione ordinaria di Villa d'Este (salvo riduzioni o gratuità di legge).Inaugurazione: giovedì 16 luglio 2026, ore 17:30 (ingresso libero).Organizzazione: VILLÆ – Istituto Autonomo Villa Adriana e Villa d’Este, in collaborazione con l’Associazione Collettivo l’Aquila Reale ETS – Comune di Licenza.Curatori: Alberto Samonà, Davide Bertolini, Sara Tarissi de Jacobis.Contatti:Sara Tarissi de Jacobis (sara.tarissi@cultura.gov.it)Ufficio Mostre VILLÆ (va-ve.mostre@cultura.gov.it)info:va-ve@cultura.gov.it",,,,,,,,,http://media.beniculturali.it/mibac/files/boards/a6a1b70d631f706af99cfd0f4210899d/2026/Cover%20Cosmogonie%202026.jpg
http://dati.beniculturali.it/mibact/eventi/resource/CulturalEvent/47620,Cappelle Medicee | Estate e autunno: aperture straordinarie e prolungate nei musei del gruppo Galleria dell’Accademia di Firenze e Musei del Bargello,Apertura Straordinaria,"Galleria dell'Accademia di Firenze e Musei del Bargello ampliano le occasioni di visita con un ricco calendario di aperture straordinarie che accompagnerà il pubblico da luglio a novembre. Aperture serali, prolungamenti d'orario e accessi eccezionali nei giorni di consueta chiusura offriranno nuove opportunità per scoprire i musei in momenti della giornata particolarmente suggestivi.&nbsp;Il Museo delle Cappelle Medicee, i martedì 21 e 28 luglio e 4 agosto, sarà aperto oltre il consueto orario fino alle ore 21.00.&nbsp;Si aggiunge un'ulteriore apertura serale lunedì 10 agosto, con orario dalle 19.15 alle 23.00, per i festeggiamenti di San Lorenzo.Il programma di aperture straordinarie si concluderà lunedì 30 novembre, Festa della Toscana, quando il Museo delle Cappelle Medicee, sarà eccezionalmente aperto dalle 17.15 alle 21.00.Vedi tutti i Musei GAMB: bargellomusei.it&nbsp;e&nbsp;https://www.galleriaaccademiafirenze.it/",,,,,,,,,http://media.beniculturali.it/mibac/files/boards/d5332d6106dca85048e349e6300a6107/GAMB_Logo_PrincipaleIstituzionaleVariante_Blu.jpg
http://dati.beniculturali.it/mibact/eventi/resource/CulturalEvent/47623,I Principati Romeni e la Penisola italiana nella cartografia del Seicento e del Settecento,Mostra,ND,,,,,,,,,
http://dati.beniculturali.it/mibact/eventi/resource/CulturalEvent/47624,All’Istituto Centrale per la Grafica la mostra “I Principati Romeni e la Penisola italiana nella cartografia del Seicento e del Settecento”,Mostra,"’All’Istituto Centrale per la Grafica la mostra “I Principati Romeni e la Penisola italiana nella cartografia del Seicento e del Settecento”Dall’8 luglio al 13 settembre 2026 l’Istituto Centrale per la Grafica ospita la mostra “I Principati Romeni e la Penisola italiana nella cartografia del Seicento e del Settecento”, un percorso espositivo dedicato alla rappresentazione cartografica dell’Europa centro-orientale e dei suoi legami con la Penisola italiana tra XVII e XVIII secolo.Attraverso carte geografiche originali, incisioni su rame e opere provenienti da importanti tradizioni cartografiche europee, la mostra restituisce la ricchezza di una stagione storica in cui la cartografia non era soltanto strumento di conoscenza geografica, ma anche linguaggio politico, culturale e diplomatico. Le mappe esposte raccontano infatti territori, confini, rotte, relazioni e visioni del mondo, offrendo al pubblico l’occasione di riscoprire i rapporti tra i Principati Romeni e l’Italia in una prospettiva europea.L’esposizione è promossa e organizzata dall’Ambasciata di Romania in Italia, in collaborazione con l’Istituto Centrale per la Grafica, l’Istituto Culturale Romeno, l’Istituto Romeno di Cultura e Ricerca Umanistica di Venezia e l’Accademia di Romania a Roma.Sotto l’Alto Patronato del Presidente della Romania e del Presidente della Repubblica Italiana, la mostra rientra tra gli eventi dell’Anno Culturale Romania–Italia 2026, confermando il ruolo della cultura come spazio di dialogo, memoria condivisa e cooperazione internazionale.Dall’8 luglio al 13 settembre 2026 l’Istituto Centrale per la Grafica ospita la mostra “I Principati Romeni e la Penisola italiana Dall’8 luglio al 13 settembre 2026 l’Istituto Centrale per la Grafica ospita la mostra “I Principati Romeni e la Penisola italiana nella cartografia del Seicento e del Settecento”, un percorso espositivo dedicato alla rappresentazione cartografica dell’Europa centro-orientale e dei suoi legami con la Penisola italiana tra XVII e XVIII secolo.Attraverso carte geografiche originali, incisioni su rame e opere provenienti da importanti tradizioni cartografiche europee, la mostra restituisce la ricchezza di una stagione storica in cui la cartografia non era soltanto strumento di conoscenza geografica, ma anche linguaggio politico, culturale e diplomatico. Le mappe esposte raccontano infatti territori, confini, rotte, relazioni e visioni del mondo, offrendo al pubblico l’occasione di riscoprire i rapporti tra i Principati Romeni e l’Italia in una prospettiva europea.L’esposizione è promossa e organizzata dall’Ambasciata di Romania in Italia, in collaborazione con l’Istituto Centrale per la Grafica, l’Istituto Culturale Romeno, l’Istituto Romeno di Cultura e Ricerca Umanistica di Venezia e l’Accademia di Romania a Roma.Sotto l’Alto Patronato del Presidente della Romania e del Presidente della Repubblica Italiana, la mostra rientra tra gli eventi dell’Anno Culturale Romania–Italia 2026, confermando il ruolo della cultura come spazio di dialogo, memoria condivisa e cooperazione internazionale. nella cartografia del Seicento e del Settecento”, un percorso espositivo dedicato alla rappresentazione cartografica dell’Europa centro-orientale e dei suoi legami con la Penisola italiana tra XVII e XVIII secolo.Attraverso carte geografiche originali, incisioni su rame e opere provenienti da importanti tradizioni cartografiche europee, la mostra restituisce la ricchezza di una stagione storica in cui la cartografia non era soltanto strumento di conoscenza geografica, ma anche linguaggio politico, culturale e diplomatico. Le mappe esposte raccontano infatti territori, confini, rotte, relazioni e visioni del mondo, offrendo al pubblico l’occasione di riscoprire i rapporti tra i Principati Romeni e l’Italia in una prospettiva europea.L’esposizione è promossa e organizzata dall’Ambasciata di Romania in Italia, in collaborazione con l’Istituto Centrale per la Grafica, l’Istituto Culturale Romeno, l’Istituto Romeno di Cultura e Ricerca Umanistica di Venezia e l’Accademia di Romania a Roma.Sotto l’Alto Patronato del Presidente della Romania e del Presidente della Repubblica Italiana, la mostra rientra tra gli eventi dell’Anno Culturale Romania–Italia 2026, confermando il ruolo della cultura come spazio di dialogo, memoria condivisa e cooperazione in ter nazionale.D all’8 luglio al 13 settembre 2026 l’Istituto Centrale per la Grafica ospita la mostra “I Principati Romeni e la Penisola italiana nella cartografia del Seicento e del Settecento”, un percorso espositivo dedicato alla rappresentazione cartografica dell’Europa centro-orientale e dei suoi legami con la Penisola italiana tra XVII e XVIII secolo.Attraverso carte geografiche originali, incisioni su rame e opere provenienti da importanti tradizioni cartografiche europee, la mostra restituisce la ricchezza di una stagione storica in cui la cartografia non era soltanto strumento di conoscenza geografica, ma anche linguaggio politico, culturale e diplomatico. Le mappe esposte raccontano infatti territori, confini, rotte, relazioni e visioni del mondo, offrendo al pubblico l’occasione di riscoprire i rapporti tra i Principati Romeni e l’Italia in una prospettiva europea.L’esposizione è promossa e organizzata dall’Ambasciata di Romania in Italia, in collaborazione con l’Istituto Centrale per la Grafica, l’Istituto Culturale Romeno, l’Istituto Romeno di Cultura e Ricerca Umanistica di Venezia e l’Accademia di Romania a Roma.Sotto l’Alto Patronato del Presidente della Romania e del Presidente della Repubblica Italiana, la mostra rientra tra gli eventi dell’Anno Culturale Romania–Italia 2026, confermando il ruolo della cultura come spazio di dialogo, memoria condivisa e cooperazione internazionale.8 luglio al 13 settembre 2026 l’Istituto Centrale per la Grafica ospita la mostra “I Principati Romeni e la Penisola italiana nella cartografia del Seicento e del Settecento”, un percorso espositivo dedicato alla rappresentazione cartografica dell’Europa centro-orientale e dei suoi legami con la Penisola italiana tra XVII e XVIII secolo.Attraverso carte geografiche originali, incisioni su rame e opere provenienti da importanti tradizioni cartografiche europee, la mostra restituisce la ricchezza di una stagione storica in cui la cartografia non era soltanto strumento di conoscenza geografica, ma anche linguaggio politico, culturale e diplomatico. Le mappe esposte raccontano infatti territori, confini, rotte, relazioni e visioni del mondo, offrendo al pubblico l’occasione di riscoprire i rapporti tra i Principati Romeni e l’Italia in una prospettiva europea.L’esposizione è promossa e organizzata dall’Ambasciata di Romania in Italia, in collaborazione con l’Istituto Centrale per la Grafica, l’Istituto Culturale Romeno, l’Istituto Romeno di Cultura e Ricerca Umanistica di Venezia e l’Accademia di Romania a Roma.Sotto l’Alto Patronato del Presidente della Romania e del Presidente della Repubblica Italiana, la mostra rientra tra gli eventi dell’Anno Culturale Romania–Italia 2026, confermando il ruolo della cultura come spazio di dialogo, memoria condivisa e cooperazione internazionale.",,,,,,,,,http://media.beniculturali.it/mibac/files/boards/7803262eff4c06ca5849b0adc2463f5e/f80c5b0f-8fbf-4283-ba18-3b034cc0c905.jpeg
http://dati.beniculturali.it/mibact/eventi/resource/CulturalEvent/47633,"""RI – CONOSCERE IL LITORALE DOMIZIO  - Il riscatto di un territorio con un passato di confine. Trasformazione e Sviluppo del Litorale Domizio dagli anni ’60 ad oggi.""",Mostra,"All’Archivio di Stato di Caserta, a partire da giovedì 2 luglio, la mostra “RI – CONOSCERE IL LITORALE DOMIZIO. Il riscatto di un territorio con un passato di confine. Trasformazione e sviluppo del litorale domizio dagli anni ’60 ad oggi”, allestita nei suoi prestigiosi spazi all’interno della Reggia di Caserta. Il progetto espositivo è sostenuto da Strategia Fotografia, promosso dalla Direzione Generale Creatività Contemporanea del Ministero della Cultura. Attraverso lo sguardo dei tre affermati fotografi Gianni Fiorito, Giovanni Izzo e Salvatore Laporta la mostra propone un racconto visivo di un’area che ha vissuto momenti di grande entusiasmo progettuale, guadagnandosi nel tempo l’appellativo di litorale “californiano” d’Italia, a cui è seguita, tuttavia, una fase di progressivo declino, segnata da gravi criticità ambientali, tra cui lo smaltimento illecito di rifiuti tossici provenienti da diverse parti del Paese e dall’estero. Oggi, dopo le bonifiche, si è tentato di riprendere i progetti di sviluppo turistico e ambientale che non sono mai stati abbandonati dalla parte sana della popolazione. La mostra raccoglie circa 70 fotografie, organizzate in dittici e polittici, che documentano le trasformazioni paesaggistiche, sociali e culturali di un perimetro che si sviluppa lungo circa 60 chilometri di costa, attraversando alcuni dei luoghi più emblematici e riconoscibili del litorale domizio, da Pozzuoli fino alla foce del Garigliano, includendo località come Licola, Varcaturo, Castel Volturno e Baia Domizia, offrendo al pubblico uno strumento di riflessione sul passato e sulle possibili prospettive di riscatto e rigenerazione del litorale.Il litorale domizio ha avuto un ruolo fondamentale nella storia del casertano, ampiamente testimoniato da una copiosa documentazione d’archivio, di carattere sia testuale sia iconografico, che giunge sino alla seconda metà del XX secolo. Nel patrimonio documentario attualmente fruibile, mancano testimonianze della vita di quel territorio nella seconda metà delsecolo scorso, quando è stato oggetto di interventi massicci e invasivi dal punto di vista urbanistico e paesaggistico. La fotografia può colmare questo “vuoto di memoria” grazie al ritrovamento di una raccolta di immagini del periodo dagli anni ’60 ai ’70 inoltrati.“L’adesione a Strategia Fotografia col progetto “Ri-conoscere il litorale domizio” – afferma la direttrice dell’Archivio di Stato di Caserta Fortunata Manzi - ha però anche un altro obiettivo: partendo dalla nostra primaria funzione di conservazione della memoria intendiamo stimolare la riflessione della comunità sulle trasformazioni di un territorio di una bellezza straordinaria barbaramente violata nel tempo. È uno dei modi per fare degli archivi dei luoghi di cittadinanza attiva, mettendone in risalto il valore civile: garantire il diritto, garantire i diritti, preservare la storia dei singoli e dei territori, stimolare l’azione civica per la loro promozione e il loro riscatto.” L’iniziativa rientra nel più ampio progetto che caratterizza il bando Strategia Fotografia, di offrire maggiore spazio alla documentazione fotografica attraverso la valorizzazione, implementazione e produzione da parte degli Enti promotori, di nuovi lavori dedicati alla fotografia, in tal senso le opere esposte diventeranno appunto parte del patrimonio dell’Archivio di Stato di Caserta. Restituendo la complessità di un territorio attraverso approcci distinti e complementari, gli autori ci mostreranno i cambiamenti che il paesaggio naturale ed antropico hanno attraversato in una sorta di continuo conflitto tra sfruttamento e sostegno delle risorse naturali dell’area, confrontandosi con una ricchissima collezione fotografica degli anni ’60 del secolo scorso.“L’importanza di iniziative come Strategia Fotografia - dice il curatore Mario Laporta - mette al centro dell’attenzione la Fotografia, non solo intesa come strumento di documentazione, ma come importante mezzo testimoniale e costruttore di archivi territoriali che consegnino al futuro attestazioni visive degli sviluppi di aree e luoghi.”Gianni Fiorito, grazie al suo lavoro impegnato nei set e sulle location cinematografiche, interpreta il paesaggio con uno sguardo narrativo e visivo che richiama l’immaginario del cinema, evidenziando atmosfere e scenari sospesi tra realtà e rappresentazione; fa da contraltare Giovanni Izzo, memoria storica del territorio, che concentra la propria ricerca sull’ archeologia edilizia e sull’evoluzione architettonica del luogo, documentando le trasformazioni urbane e le stratificazioni che hanno segnato il litorale nel corso dei decenni. Salvatore Laporta, usa il suo sguardo di cronista ricercatore, sviluppando un racconto attento alla dimensione sociale, dando voce alle comunità e alle dinamiche umane che abitano questi luoghi, tra memoria, criticità e possibilità di riscatto.",,,,,,,,,
http://dati.beniculturali.it/mibact/eventi/resource/CulturalEvent/47646,Fuochi sul Tevere: Roma attraverso gli occhi di Kanutas Ruseckas,Mostra,"Fino al 22 novembre 2026 l’appartamento del Castellano a Castel Sant’Angelo ospita la mostra “Fuochi sul Tevere: Roma attraverso gli occhi di Kanutas Ruseckas”.Promossa e realizzata dal Pantheon e Castel Sant’Angelo – Direzione Musei nazionali della città di Roma, in collaborazione con il Lithuanian National Museum of Art, l’esposizione è inserita nell’ambito dell’Anno culturale Lituania–Italia 2026 e sarà aperta al pubblico fino al 22 novembre 2026.L’iniziativa intende valorizzare i rapporti culturali tra Italia e Lituania, offrendo una nuova chiave di lettura della storia di Castel Sant’Angelo e di Roma, nonché del fascino che il monumento e la città hanno esercitato sugli artisti europei nel corso dei secoli.La mostra presenta una selezione di dipinti di Kanutas Ruseckas, uno dei più importanti artisti lituani del XIX secolo e uno dei principali rappresentanti della pittura romantica. Ruseckas fu tra i fondatori della comunità di artisti lituani e polacchi residenti a Roma. Egli credeva che questa terra, cinta dagli allori della gloria passata e segnata dalle tracce dell’eroismo, sarebbe stata per loro una stella guida.Le opere esposte provengono dal Lithuanian National Museum of Art e sono inserite nel percorso museale di Castel Sant’Angelo dedicato alla tradizione della Girandola, con il quale entrano in dialogo. I dipinti evidenziano infatti lo sguardo che l’artista lituano rivolse a Roma nel corso del suo soggiorno italiano, dove immortalò le vestigia capitoline come il Colosseo, e uno degli eventi più celebri della vita cittadina romana: la Girandola di Castel Sant’Angelo. Organizzata ogni anno il 29 giugno in onore dei Santi Pietro e Paolo, lo spettacolo pirotecnico – fin dall’epoca rinascimentale – ha contribuito a costruire l’immaginario di Roma, affascinando viaggiatori, artisti e visitatori provenienti da tutta Europa.Castel Sant’Angelo viene dipinto da Ruseckas da un punto di osservazione situato presso lo scomparso Porto Leonino, costruito da Papa Leone XII nel 1827 sulla riva destra del Tevere, nei pressi del Vaticano. L’effetto è così vivido da far percepire non solo le fontane di fuoco che si innalzano dal castello nel cielo notturno di Roma, ma quasi anche il fragore dei fuochi d’artificio che accompagna lo spettacolo.",,,,,,,,,http://media.beniculturali.it/mibac/files/boards/128ae52db40cae8510626c2ef301bafd/Museo%20Nazionale%20di%20Castel%20Sant'Angelo/2026/Fuochi%20sul%20Tevere.jpg
http://dati.beniculturali.it/mibact/eventi/resource/CulturalEvent/47648,Nell' ombra di Sardegna: opere di Gaetano Spinelli,Mostra,"Mercoledì
15 luglio alle 19.00, presso la Pinacoteca Nazionale di Sassari, verrà
inaugurata la mostra Nell’ombra
di Sardegna. Opere di Gaetano Spinelli, curata da Maria Paola Dettori.Il
percorso è dedicato alla figura di Gaetano Spinelli (Bitonto 1877-Firenze
1945), appartenente a una famiglia di artisti pugliesi. Perché
una mostra a Sassari di questo pittore non sardo?Spinelli
nei primi decenni del Novecento vive tra la Sardegna e Firenze, stringendo un
rapporto particolare proprio con Sassari, dove giunge nel 1903 come docente
all’Istituto Tecnico, per rimanervi due anni. In Sardegna conosce la sua futura
moglie e questo matrimonio determinerà un legame profondo con l’isola, tanto da
essere definito nel 1916 ‘un interprete dell’anima sarda’ dalla prestigiosa
rivista d’arte “Emporium”. La sua consuetudine con l’isola, infatti, non è
quella del viaggiatore frettoloso, ma il frutto di un rapporto consolidato; il
suo sguardo non è quello di un osservatore esterno, spesso dotato di robusti
pregiudizi, o al più neutrale.Benché
le sue opere si trovino anche nelle collezioni delle Gallerie degli Uffizi, Gaetano
Spinelli è oggi un pittore poco noto, ma che merita una riscoperta, come la
mostra organizzata dalla Pinacoteca di Sassari si propone di fare.Per
la prima volta si presenta in Sardegna un piccolo ma significativo nucleo delle
sue opere di soggetto sardo, datate tra il 1905 e gli anni trenta del Novecento,
alle quali fanno da corredo alcuni ritratti di familiari e conoscenti: la
suocera, la figlia, il mezzadro che cura le proprietà tra Codrongianos e
Florinas. L’esposizione, resa possibile dai prestiti concessi da diversi collezionisti
privati, è arricchita da documenti e foto d’epoca. La
mostra è stata allestita dallo staff della Pinacoteca. Sarà inaugura alla
presenza del Direttore regionale Musei Sardegna dott.ssa Melissa Ricetti e
verrà illustrata dalla direttrice della Pinacoteca Maria Paola Dettori.













All’inaugurazione
è previsto l’ingresso gratuito.",,,,,,,,,http://media.beniculturali.it/mibac/files/boards/c552bec33a06a9a6865c0806c8363236/2026/locandina%20evento%20mostra%20G.%20Spinelli.png
http://dati.beniculturali.it/mibact/eventi/resource/CulturalEvent/47651,In viaggio nel Regno delle Ombre. Capolavori della pittura etrusca fra Tarquinia e Orvieto,Mostra,"In viaggio nel Regno delle Ombre. Capolavori della pittura etrusca fra Tarquinia e Orvietoa cura di Vincenzo Bellelli e Maria Cristina Tomassetti10 luglio – 15 novembre 2026Con l’intento di valorizzare il patrimonio
 delle tombe dipinte di Tarquinia e di Orvieto mettendone in luce le 
caratteristiche specifiche e approfondendo lo studio dei rapporti che 
legavano in antico due delle più importanti metropoli etrusche, la 
mostra origina dalla volontà dei Musei nazionali delle stesse città di 
fare sistema, attraverso una collaborazione istituzionale che renda 
fruibili le tombe Golini durante il periodo di riallestimento del MANOR,
 quando avrebbero dovuto essere ricoverate in un deposito temporaneo e 
sottratte alla fruizione per diversi mesi.L’occasione permette di approfondire 
aspetti ancora poco noti del fenomeno della pittura parietale etrusca in
 epoca tardoclassica ed ellenistica, anche con l’esposizione della tomba
 Bruschi per la prima volta rimontata nel museo di Tarquinia, gettando 
nuova luce sui rapporti tra i due centri e valorizzando allo stesso 
tempo i luoghi della cultura del Parco archeologico di Cerveteri e 
Tarquinia e della Direzione regionale Musei nazionali dell’Umbria.Ospitare a Tarquinia le tombe Golini 
consente inoltre di approfondire e comunicare al pubblico gli aspetti 
che riguardano la conservazione dei dipinti, tematica trattata 
attraverso specifici apparati multimediali nella Sala delle Tombe 
Dipinte di recente sottoposta a un suggestivo riallestimento allo stesso
 secondo piano del museo.















INAUGURAZIONEGiovedì 9 luglio 2026, ore 17.30Museo archeologico nazionale di Tarquinia – Palazzo Vitelleschi – Piazza Cavour, 1A – 01016 Tarquinia (VT)Vi aspettiamo per questo nuovo appuntamento dedicato alla scoperta della civiltà etrusca!ACQUISTA IL BIGLIETTO ONLINE",,,,,,,,,
http://dati.beniculturali.it/mibact/eventi/resource/CulturalEvent/47680,Le Voci di Sopra. Suoni e Visioni ai Musei nazionali del Vomero | Napoli Contemporanea | Rassegna cinematografica a Villa Floridiana,Proiezione,"I Musei nazionali del Vomero presentano
""Napoli Contemporanea"", rassegna cinematografica ospitata all'interno
della Villa Floridiana. L'iniziativa rientra nel cartellone estivo ""Le
voci di sopra. Suoni e visioni ai Musei nazionali del Vomero"" e nel
programma ""Estate a Napoli 2026 – Arene cinematografiche estive""
promosso e finanziato dal Comune di Napoli.Organizzata in collaborazione con l'Associazione “Visione
Vesuvio” e con la direzione artistica di Roberto Recchioni, la rassegna
restituisce al pubblico uno dei luoghi più identitari del Vomero. Il progetto
coniuga la valorizzazione del patrimonio museale con una selezione di opere del
cinema napoletano contemporaneo, creando un dialogo tra gli spazi storici della
villa e i protagonisti del cinema italiano.Articolazione
delle serate:Sul piazzale antistante il Museo Duca di Martina in Villa
Floridiana saranno allestiti tavolini con servizio bar per accogliere il
pubblico prima della proiezione.·         Ore
19.30:
Apertura cancelli e ingresso.·         Ore
19.45:
Visita guidata al Museo della Ceramica Duca di Martina (riservata ai possessori
del biglietto dedicato).·         Ore
20.15:
Talk e incontro con gli ospiti della serata (registi, attori, sceneggiatori).·         Ore
21.00:
Inizio proiezione.Programmazione:·         20
luglio:
Portobello (Ospiti: Piergiorgio Bellocchio, Lino Musella)·         23
luglio:
Nostalgia·         27
luglio:
Comandante (Ospite: Edoardo De Angelis)·         30
luglio:
Napoli New York·         31
agosto:
Napoli Velata·         3
settembre: L’uomo in più (Ospiti: Angelo Curti, Andrea Renzi)·         7
settembre: Aria Ferma·       10
settembre: La Gatta Cenerentola (Ospiti: Alessandro Rak, Dario Sansone,
Ivan Cappiello, Marino Guarnieri)·       14
settembre: Ammore e Malavita (Ospiti: Manetti Bros)·       17
settembre: L’amico del cuoreInformazioni
e Biglietteria:Il controllo degli accessi avverrà unicamente al cancello di Via
Aniello Falcone 171. Per gestire i flussi, non sarà possibile acquistare il
titolo d'ingresso in loco.·      
Acquisto: Esclusivamente online
tramite la piattaforma www.museiitaliani.it.·      
Costo: € 5,00.·      
Tipologie
di biglietto disponibili (fino a esaurimento posti):1.     
Proiezione + Visita guidata (Capienza massima: 25 persone)2.     
Solo Proiezione (Capienza massima: 175 persone)



















































·      
Contatti
per informazioni: Ufficio Eventi dei Musei nazionali del Vomero all'indirizzo
e-mail mn-vomero.eventi@cultura.gov.it.",,,,,,,,,http://media.beniculturali.it/mibac/files/boards/e180104b5167b3328bb3975350efbb08/Villa_Floridiana/MNV_VILLAFLORIDIANA_VOCI_NAPOLI_CONTEMPORANEA_COPERTINA.jpg
http://dati.beniculturali.it/mibact/eventi/resource/CulturalEvent/47682,Spettacolo di teatro sensoriale “Garibaldi intimo” e mostra “Una storia di 170 anni”,Mostra,"In occasione dell’anniversario
dalla realizzazione della Casa Bianca di Caprera, il Compendio Garibaldino
e il Be in the Move Festival presentano un evento straordinario per
scoprire l'anima più autentica e privata dell'Eroe dei Due Mondi.  Il 16 luglio alle 11.00
il Compendio si trasformerà in un palcoscenico vivo grazie a una
rappresentazione teatrale unica nel suo genere, capace di far rivivere la
quotidianità di Giuseppe Garibaldi all'interno della sua amata casa.  La compagnia Tir et la lyre,
in collaborazione con Mangano-Massip e Genti Arrubia Teatro,
accompagneranno i visitatori in un suggestivo percorso sensoriale dove storia,
danza, mimo e poesia si fonderanno. Lo spettacolo dal titolo “Garibaldi intimo”
sarà un vero e proprio viaggio nel tempo che porterà alla scoperta dei profumi
della Casa Bianca: dai cibi preferiti dall’Eroe, alle fragranze delle piante
che lui stesso coltivava, fino alle sfumature più sottili e profonde della
nascita, della malattia e della morte.  Venerdì 17 è prevista una
replica a partire dalle 19.00.L’ingresso agli spettacoli
sarà gratuito, ma su prenotazione ai numeri: Whatsapp
0033-603067686 – tel: 379-3152484 Nel corso delle due giornate
verrà aperta la prima piccola abitazione di Garibaldi a Caprera e, al suo
interno, sarà possibile fruire della mostra iconografica “Una storia di 170
anni”, dedicata alla storia architettonica della Casa Bianca: dal 1856, al
2026, anno del 170° anniversario dalla sua costruzione ad opera del suo
proprietario.La mostra sarà visitabile fino
al 27 settembre.





















Il 17 luglio, inoltre, il Compendio osserverà alcune ore di
apertura straordinaria, in continuità con l’orario ordinario, dalle 19.30 alle
23.30, con ultimo ingresso alle 22.30.",,,,,,,,,http://media.beniculturali.it/mibac/files/boards/c552bec33a06a9a6865c0806c8363236/COMPENDIO%20GARIBALDINO%20-%20LOCANDINA%20CONVEGNO%202%20E%203%20SETTEMBRE(1).jpgresized/CASA%20BIANCA%20-LUCI%20TRAMONTO%20(1).jpg
http://dati.beniculturali.it/mibact/eventi/resource/CulturalEvent/47692,Salvati. Storia di un sequestro,Mostra,"Si
inaugura il 17 luglio 2026 alle ore 19:00 presso il Museo Archeologico
Nazionale “Massimo Pallottino” di Melfi la mostra diffusa “Salvati.
Storia di un sequestro”, allestita in contemporanea presso il Museo Archeologico
Nazionale ""Massimo Pallottino"" (Castello di Melfi) e
il Museo Archeologico Nazionale ""Mario Torelli"" (Castello
di Venosa).L’esposizione
è dedicata al recupero di circa 140 reperti archeologici sottratti
all’Italia da scavi clandestini e reimmessi sul mercato clandestino
internazionale.Il
cruciale rientro, finalizzato nel maggio 2023 al termine di un lungo e
complesso negoziato con la società di diritto inglese in liquidazione Symes
Ltd – appartenuta al noto trafficante d'arte Robin Symes –, è stato
reso possibile grazie alla complessa attività investigativa del Comando
Carabinieri Tutela Patrimonio Culturale, coordinata dalla Procura della
Repubblica presso il Tribunale di Roma. L’operazione ha visto il
fondamentale coinvolgimento dell'Avvocatura Generale dello Stato, dell'Ambasciata
d'Italia a Londra e dei Dipartimenti del Ministero della Cultura
dedicati alla Tutela e alla Valorizzazione del patrimonio.A
seguito del recupero, il Ministero della Cultura ha avviato un’attenta
ridistribuzione territoriale dei beni: il lotto assegnato ai Musei e parchi
archeologici di Melfi e Venosa comprende vasi a figure rosse, ornamenti in
ambra e oro, sculture, oggetti di uso quotidiano e un grande mosaico policromo.La
mostra intende accendere i riflettori su un fenomeno drammatico che colpisce il
nostro patrimonio culturale. Strappati brutalmente ai contesti di provenienza,
questi reperti erano stati ridotti a meri oggetti d'arredo per il collezionismo
clandestino. L’esposizione si configura quindi come una profonda riflessione
sulla legalità e sulla congiunta azione di tutela e 









La
mostra, promossa dai Musei e parchi archeologici di Melfi e Venosa in
collaborazione con il Comando Carabinieri per la Tutela del Patrimonio
Culturale, resterà aperta fino al 27 settembre 2026.",,,,,,,,,http://media.beniculturali.it/mibac/files/boards/1d0eeee489e9af94c011bd497663c1df/SALVATI%20MELFI.png
http://dati.beniculturali.it/mibact/eventi/resource/CulturalEvent/47695,Galleria dell'Accademia e Musei del Bargello - Aperture serali estive e autunnali,Apertura Straordinaria,"﻿﻿﻿A partire da martedì 21 luglio i musei di Galleria dell'Accademia e Musei del Bargello vi aspettano anche di sera, grazie alle aperture straordinarie estive: un'occasione per vivere i nostri musei in un'atmosfera diversa e scoprire i capolavori del patrimonio fiorentino in momenti della giornata particolarmente suggestivi.La Galleria dell’Accademia di Firenze prolungherà eccezionalmente il proprio orario di apertura fino alle 23.00 nelle serate di martedì 21, martedì 28 luglio e martedì 4 agosto, consentendo alle persone in visita di ammirare i capolavori del museo anche nelle ore serali. Nelle stesse date sarà aperto con orario prolungato anche il Museo delle Cappelle Medicee, che aggiungerà inoltre un’ulteriore apertura serale lunedì 10 agosto, con orario dalle 19.15 alle 23.00.Nel mese di ottobre sarà invece la volta del Museo Nazionale del Bargello, del Complesso di Orsanmichele e del Museo di Palazzo Davanzati, che saranno straordinariamente aperti nei lunedì 5, 12, 19 e 26 ottobre, dalle 17.00 alle 21.00, in deroga alla consueta chiusura settimanale. Un’occasione speciale per visitare tre luoghi simbolo del patrimonio artistico fiorentino in una fascia oraria insolita.Galleria dell'Accademia di Firenze21 e 28 luglio, 4 agosto apertura fino alle 23.00 (ultimo ingresso 22.15)Museo delle Cappelle Medicee21 e 28 luglio, 4 e 10 agosto apertura serale dalle 19.15 alle 23.00Museo Nazionale del Bargello, Complesso di Orsanmichele e Museo di Palazzo Davanzati5, 12, 19 e 26 ottobre apertura straordinaria dalle 17.00 alle 21.00AVVISO AI VISITATORI: a causa di lavori di adeguamento impiantistico, i seguenti musei osserveranno periodi di chiusura: Museo di Palazzo Davanzati. Dal 14 al 17 luglio il secondo e il terzo piano del  non saranno visitabili; il 21 e 22 luglio resterà chiuso il primo piano del museo.Museo di Casa Martelli chiuso fino al 31 dicembre 2026.",,,,,,,,,http://media.beniculturali.it/mibac/files/boards/be78e33bc8ca0c99bff70aa174035096/Luoghi/la-tribuna-con-il-david-e-i-prigioni-di-michelangelo-foto-galleria-dell-accademia-di-firenze.jpg
http://dati.beniculturali.it/mibact/eventi/resource/CulturalEvent/47713,Ritratti di famiglia a Palazzo Reale di Genova,Mostra,"Il percorso espositivo di Palazzo Reale si arricchisce di nuove opere tra cui spicca un grande ritorno “a palazzo”: si tratta dei busti degli antichi proprietari, Giovan Luca e Eugenio Durazzo, ambiziosi protagonisti della loro epoca, che acquistarono il palazzo nel 1679.Purtroppo Giovan Luca morirà 28 giorni dopo la firma del contratto d’acquisto e sarà dunque il solo Eugenio a condurre la straordinaria stagione che porterà all’ampliamento dell’edificio con la realizzazione di un nuovo atrio, scaloni monumentali, cortile, giardino e Teatro del falcone, coinvolgendo come progettista Carlo Fontana, erede di Bernini e figura centrale del Barocco nel suo momento di maggiore diffusione europea.I due magnifici ritratti in marmo di Carrara, realizzati da Filippo Parodi e da Bernardo e Francesco Maria Schiaffino, sono una chiara testimonianza di quanto le novità dell’arte che avevano trasformato la città di Roma interessassero anche i raffinati committenti genovesi.I Musei Nazionali di Genova sono profondamente riconoscenti all’attuale proprietà delle opere, per aver favorito in ogni modo la realizzazione di questa esposizione, restituendo all’ambiente d’origine i due straordinari busti, perfetta metafora di un momento felice delle fortune dei Durazzo e del loro progetto dinastico.Lungo il percorso di visita è inoltre esposta un’altra effige, generosamente concessa in comodato dai privati proprietari, si tratta del Ritratto di Annamaria Balbi, moglie di Eugenio Durazzo, qui raffigurata con un prezioso abito, tipico della moda parigina della metà del Seicento, caratterizzato da ricami in argento, decori floreali, fiocchi rossi e pizzi bianchi.L’opera attribuita al genovese Giovanni Maria Delle Piane detto il Mulinaretto, è tornata dopo secoli nel palazzo in cui restò esposta fino al 1824, anno in cui i Durazzo vendettero ai Savoia la dimora, ma non i ritratti di famiglia.Si inserisce nelle sale infine un altro ritratto scultoreo, il busto in gesso del commediografo Carlo Goldoni che in origine si trovava nel Teatro del falcone, probabilmente commissionato dall’Accademia Filodrammatica Italiana a Domenico Carli nel 1876.L’esposizione è lungo il percorso di visita ed è compresa nel biglietto di ingresso dei Musei Nazionali di Genova.",,,,,,,,,"http://media.beniculturali.it/mibac/files/boards/8204b886f2abe264b13f92bd1b94be55/busto%20geoluca%20,%20parodi%20filippo.jpg"
http://dati.beniculturali.it/mibact/eventi/resource/CulturalEvent/47714,Ray Pitrè. Mediterranean Souls – Anime mediterranee,Mostra,"Dal 25 luglio al 22 settembre 2026, la Casa Museo Hendrik Christian Andersen, diretta da Maria Giuseppina Di Monte, Commissario della mostra, e afferente all’Istituto Pantheon e Castel Sant’Angelo – Direzione Musei nazionali della città di Roma guidata da Luca Mercuri, ospita nello spazio espositivo del secondo piano, la mostra Ray Pitrè. Mediterranean Souls – Anime mediterranee, a cura di Sandro Debono e con la collaborazione di Veronica Brancati. Il progetto espositivo è promosso e organizzato dall'Ambasciata della Repubblica di Malta in Italia ed è realizzato con il sostegno del Culture Diplomacy Fund del Ministero degli Affari Esteri ed Europei della Repubblica di Malta.Quella che presentiamo è la prima mostra internazionale dedicata a Ray Pitrè (1940–2024) dopo la morte dell’artista e propone una rilettura del contributo dell’autore maltese alla storia dell’arte novecentesca. L’esposizione si concentra su una selezione di ritratti che tracciano il suo percorso creativo, dagli anni Settanta agli anni Novanta. Le opere selezionate sono inedite e provengono dalla collezione della famiglia.La mostra presenta opere su carta, dipinti su supporto ligneo e tela oltre a un diario personale dell’artista da cui sono tratti alcuni acquerelli realizzati contecnica mista sui fogli dello stesso diario. L’insieme racconta un aspetto poco noto della produzione di Ray Pitrè, esponente dell’arte povera nel contesto maltese ma riconosciuto come ritrattista d’eccezione grazie al suo repertorio essenzialmente classico. Le opere esposte rivelano aspetti e caratteristiche personali e inedite dell’artista.Pittore, scultore, scrittore e tra i più importanti ritrattisti di Malta, Pitrè si identifica con l’anima meridionale europea al centro della sua ricerca. La sensibilità mediterranea, plasmata da una stratificazione culturale, di memoria e di complessità, è testimoniata dalla pennellatura fitta e intensa e dai colori densi e impastati che modellano fisionomie capaci di mettere in dialogo permanenza e fragilità, costruzione ed erosione, presenza materiale e dimensione interiore. Attraverso superfici sovrapposte, segni essenziali e processi di progressiva decostruzione dell’immagine, l’artista affronta temi universali quali il trauma, la memoria, la mortalità e la condizione umana.I ritratti anonimi degli anni Sessanta rappresentano le prime riflessioni di Pitrè sulla figura umana. Nel corso del tempo queste immagini si trasformano progressivamente in presenze frammentate e stratificate, come se l’artista sottraesse, strato dopo strato, la superficie per arrivare all’essenziale, rivelando così il mondo interiore del ritrattato. La fisionomia non è più semplice rappresentazione, ma diventa un’immagine attraverso cui l’artista cerca di raggiungere ciò che egli stesso definiva i propri “demoni interiori”. In questa ricerca incessante emerge una visione dell’identità profondamente mediterranea. Le figure diventano anime, frutto di un’accumulazione incessante di tensioni e trasformazioni.  La mostra conduce alla riscoperta di un aspetto poco noto dell’opera di Ray Pitrè, lontano dalla produzione ufficiale dei ritratti su commissione che gli valse notorietà nazionale. Riunendo lavori in gran parte inediti, documenti personali e materiali di studio, il progetto restituisce la complessità di una figura centrale della cultura maltese contemporanea e invita a riflettere sul rapporto tra memoria individuale, identità mediterranea ed esperienza universale dell’essere umano.Raymond Pitrè (1940–2024) è stato uno dei più importanti artisti maltesi del secondo Novecento. Attivo nei campi della pittura, del disegno, della scultura e della scrittura, ha sviluppato una ricerca incentrata sulla condizione umana, la memoria e il trauma, attraverso linguaggi che spaziano dal ritratto all’assemblaggio sperimentale. Tra i primi interpreti dell’Arte Povera a Malta, ha rappresentato il suo Paese alla Biennale di Venezia nel 1999 e ha esposto in varie sedi internazionali. Accanto alla sua celebre attività di ritrattista ufficiale, ha realizzato un corpus di opere profondamente personali che testimoniano la sua costante riflessione sull’identità, sul paesaggio mediterraneo e sull’esperienza umana.Inaugurazione 25 luglio ore 17.30",,,,,,,,,http://media.beniculturali.it/mibac/files/boards/128ae52db40cae8510626c2ef301bafd/Museo%20Hendrik%20Christian%20Andersen/2026/mostra%20ray%20pitrè%20andersen%20locandina%20verticale.jpg
http://dati.beniculturali.it/mibact/eventi/resource/CulturalEvent/47746,"Mostra ""Orghia. Miti, riti e misteri"" - Museo archeologico nazionale della Sibaritide - 17 luglio - 17 settembre 2026",Mostra,"Presso il Museo archeologico nazionale della Sibaritide, apre al pubblico, a partire dal 18 luglio e fino al 17 settembre 2026, la mostra dal titolo ""Orghia. Miti, riti e misteri"", un percorso espositivo che racconta le divinità, i miti e i riti della fertilità e della rigenerazione.Nella cultura antica gli orghia erano le azioni sacre: gesti, formule, suoni, offerte e simboli attraverso cui donne e uomini mantenevano vivo il rapporto con la divinità, chiedendo fertilità e prosperità. La mostra accompagna il visitatore in un percorso che va dalle azioni degli dèi - il mito - a quelle ripetute dagli esseri umani - il rito -, illustrando l’incontro tra culti italici e greci. L’esposizione presenta per la prima volta i rinvenimenti recenti effettuati nei santuari di Locri Epizefiri (RC) ed Eraclea lucana (Policoro-Mt). Affiancate alle dee del grano sono l’Hera Lacinia di Capo Colonna, signora della natura, degli animali e della fertilità femminile, e La Dama di Sibari (Athena), legata ai passaggi di stato e alle acque profonde. In un dialogo tra passato e presente, il percorso giunge sino ai rituali contadini del Sud Italia e al culto e alle celebrazioni in onore delle sante cristiane, che da quelle antiche derivano direttamente, e nelle quali permane la necessità di propiziare la crescita del grano e la rigenerazione della vita.Per info e prenotazioniTel. 337/1603495; pa-sibari.didattica@cultura.gov.it",,,,,,,,,http://media.beniculturali.it/mibac/files/boards/459fc684ca7182e301ed86b9a5c3721b/2026/ORGHIA_orizzontale.jpg
http://dati.beniculturali.it/mibact/eventi/resource/CulturalEvent/47747,Ercolano. L'arte di vivere,Mostra,"Reperti straordinari provenienti dai depositi del Parco archeologico di Ercolano e raramente esposti al pubblico, oggetti che raccontano la vita quotidiana dell’antica città preservata dall’eruzione del 79 d.C., un pane sfornato duemila anni fa e carbonizzato dall’eruzione del Vesuvio, insieme ad alimenti, reperti organici, stoviglie, arredi e utensili d’uso quotidiano. Dal 22 luglio 2026 Castel Sant’Angelo apre le sue sale monumentali a Ercolano. L’arte di vivere, la mostra che conduce il visitatore alla scoperta della città vesuviana, fermata per sempre dall’eruzione del Vesuvio.L’esposizione è a cura di Massimo Osanna, Capo Dipartimento Attività Culturali del Ministero della Cultura, Federica Colaiacomo, Direttrice del Parco archeologico di Ercolano, Luca Mercuri, Direttore dell’Istituto Pantheon e Castel Sant’Angelo – Direzione Musei nazionali della città di Roma, e di Francesco Sirano, Direttore del Museo Archeologico Nazionale di Napoli.Il progetto nasce dalla felice collaborazione tra Castel Sant’Angelo e il Parco archeologico di Ercolano. L’esperienza della mostra Dall’uovo alle mele. La civiltà del cibo e i piaceri della tavola nell’antichità, presentata nelle sale affrescate di Villa Campolieto a Ercolano, costituisce il punto di partenza di un nuovo progetto espositivo, completamente ripensato per gli spazi monumentali della Mole Adriana. Il percorso, articolato in sette sezioni, amplia significativamente il racconto, estendendolo dall’alimentazione alla vita quotidiana dell’antica Ercolano, ed è arricchito da una selezione di oltre 70 reperti, molti dei quali finora custoditi nei depositi del Parco archeologico e presentati eccezionalmente al pubblico in occasione di questa mostra.Il percorso si apre con una straordinaria Wunderkammer, una «camera delle meraviglie» ispirata alle celebri raccolte rinascimentali. Vi sono riuniti 42 reperti di eccezionale valore provenienti dai depositi del Parco archeologico di Ercolano: statue, busti, affreschi, gioielli e oggetti della vita quotidiana che raccontano la raffinatezza artistica, il livello culturale e la qualità della vita nell’antica città alla vigilia della catastrofe. Come nelle originarie camere delle meraviglie, l’obiettivo non è soltanto esporre, ma suscitare stupore.Il visitatore entra quindi nel cuore dell’evento che ha segnato il destino di Ercolano: una sala immersiva dedicata all’eruzione del Vesuvio, tra contenuti audiovisivi, dipinti, stampe e arti decorative che documentano la costruzione dell’immaginario del vulcano nell’Europa del Grand Tour. Accanto alla tradizione resa celebre da Pierre-Jacques Volaire, la tempera di Giacomo e Antonio Baseggio (1784), la Burrasca al chiaro di luna nel Golfo di Napoli (1822) di Joseph Rebell e una rara porcellana della manifattura Poulard Prad restituiscono il fascino del sublime che attirò a Napoli viaggiatori, artisti e studiosi da tutta Europa.Dal mito alla strada: la mostra ricostruisce poi, con installazioni audiovisive e reperti archeologici, la città viva, con le sue botteghe e i thermopolia, luoghi destinati alla vendita di cibi e bevande pronti per il consumo quotidiano. Tra i reperti più sorprendenti, le pagnotte carbonizzate dall’eruzione ma conservate intatte, identiche a quelle raffigurate nel celebre affresco pompeiano della distribuzione del pane, e le teglie del forno di Sextus Patulcius Felix, parte di una serie di 25 stampi rinvenuti a Ercolano. Il percorso entra quindi nell’intimità della domus, tra cucina e dispensa: mortai, pentole, casseruole e preziosi reperti organici – cereali e legumi restituiti dagli scavi – documentano con rara precisione la dieta quotidiana degli antichi ercolanesi.Il racconto prosegue con il vino, tra le attività economiche più floride della Campania antica – Plinio il Vecchio celebrava il Falerno come uno dei vini più rinomati del suo tempo – e al tempo stesso ponte verso il divino nel culto di Bacco, dio della vite, della fertilità e dell’ebbrezza rituale. Gran finale nella sala dei banchetti, dove una meridiana in marmo scandisce i tre momenti dell’alimentazione antica – ientaculum, prandium e cena – tra campanelli in bronzo, vasellame in vetro, bronzo e argento e l’oggetto forse più peculiare della mostra: la larva convivialis, la piccola figurina scheletrica che, posata sulla tavola, ricordava ai commensali la brevità della vita e li invitava, sulle orme di Epicuro, a godere dei piaceri del convivio.La scelta di Castel Sant’Angelo come sede espositiva riveste un significato particolare. Il monumento, emblema della stratificazione storica di Roma – da mausoleo imperiale a fortezza, da residenza papale a museo – offre l’occasione per un dialogo tra due luoghi profondamente diversi ma accomunati dalla capacità di conservare, ciascuno secondo la propria storia, straordinarie testimonianze del passato.Il percorso espositivo accompagna il visitatore attraverso questo patrimonio eccezionale grazie al dialogo tra reperti archeologici, installazioni multimediali e ambientazioni immersive. La colata piroclastica che investì Ercolano nel 79 d.C. ha preservato edifici, oggetti, alimenti e materiali organici, trasformando una catastrofe in una straordinaria fonte di conoscenza e restituendo una documentazione unica sulle pratiche alimentari, le attività lavorative, la cura del corpo, le relazioni sociali nel mondo romano antico.«Con questa iniziativa - commenta Luca Mercuri, Direttore del Pantheon e Castel Sant’Angelo – Direzione Musei nazionali della città di Roma e curatore della mostra - Castel Sant’Angelo conferma la propria vocazione a essere luogo di incontro tra patrimoni, istituzioni e pubblici diversi. Questa mostra nasce da una collaborazione che testimonia quanto il dialogo tra musei possa generare progetti culturali di qualità, capaci di ampliare le occasioni di conoscenza e di valorizzare il patrimonio attraverso nuovi percorsi di visita. Per Castel Sant’Angelo è motivo di particolare soddisfazione dare vita a un progetto espositivo che mette in relazione due realtà di straordinario valore e propone ai visitatori un’esperienza culturale ricca e originale. Si inserisce inoltre in una programmazione culturale sempre più ampia e diversificata che, attraverso mostre, eventi e iniziative, conferma il Castello come un luogo vivo, aperto al dialogo tra epoche, linguaggi e pubblici differenti.»«Ercolano, come Pompei, offre una testimonianza straordinaria della vita di una città romana – commenta Massimo Osanna, Capo del Dipartimento per le Attività Culturali e curatore della mostra –. Le particolari condizioni di conservazione determinate dall’eruzione del 79 d.C. hanno preservato edifici, arredi e oggetti d’uso quotidiano, permettendo di ricostruire le attività, le abitudini alimentari e le forme della convivialità dei suoi abitanti. La mostra presenta questo patrimonio attraverso i risultati della ricerca più recente, offrendo al pubblico nuovi strumenti per comprendere la società romana e la sua vita quotidiana . Portare questo racconto a Roma amplia le occasioni di conoscenza di un contesto archeologico unico e conferma il ruolo dei musei come luoghi di ricerca, confronto e partecipazione.»«Portare Ercolano a Castel Sant'Angelo significa far compiere alla città antica un viaggio quasi naturale – commenta Federica Colaiacomo, Direttrice del Parco Archeologico di Ercolano e curatrice della mostra –.&nbsp; Si tratta di due luoghi che la storia ha sepolto sotto strati diversi — uno di cenere e lava, l'altro di funzioni e&nbsp;trasformazioni continue — e che oggi tornano a raccontarsi a vicenda. In questa mostra abbiamo voluto restituire al pubblico non i monumenti, ma la vita: i gesti quotidiani, i sapori, gli oggetti d'uso che rendono Ercolano una delle testimonianze più intime e vivide del mondo antico. È un progetto che nasce dal dialogo tra le nostre istituzioni e che ringrazio di cuore per aver reso possibile: portare a Roma, nel cuore della Capitale, un pezzo autentico dell'arte di vivere degli antichi ercolanesi.»«Ercolano è uno straordinario laboratorio a cielo aperto – dichiara Francesco Sirano, Direttore del Museo archeologico nazionale di Napoli e curatore della mostra –. La ricchezza dei materiali rinvenuti, insieme alla quantità e alla varietà delle testimonianze conservate, porta una luce eccezionale sul tema del cibo nel mondo antico. Sono certo che lo studio di Ercolano, luogo da cui ha preso avvio l’archeologia sistematica occidentale, permetterà di approfondire e comprendere meglio anche molti dei reperti custoditi nel Museo archeologico nazionale di Napoli. Ercolano continua dunque a rappresentare una fonte inesauribile di conoscenza e potrà riservarci, anche in futuro, nuove e importanti scoperte».«Ercolano. L’arte di vivere – commenta Alfonsina Russo, Capo del Dipartimento per la Valorizzazione del Patrimonio culturale – rappresenta un esempio concreto di come la collaborazione tra gli istituti del Ministero della Cultura possa generare progetti di alto profilo scientifico e al tempo stesso raggiungere pubblici sempre più ampi. La circolazione delle opere, la condivisione delle competenze e il dialogo tra musei rafforzano il Sistema museale nazionale, creando nuove occasioni di conoscenza e valorizzando il patrimonio attraverso reti e percorsi condivisi. È questa la direzione nella quale intendiamo continuare a investire: una valorizzazione capace di mettere in connessione luoghi, collezioni e persone, ampliando l’accessibilità e la partecipazione culturale.»",,,,,,,,,http://media.beniculturali.it/mibac/files/boards/128ae52db40cae8510626c2ef301bafd/Museo%20Nazionale%20di%20Castel%20Sant'Angelo/2026/ERCOLANO-LOCANDINA-16.9.jpg
http://dati.beniculturali.it/mibact/eventi/resource/CulturalEvent/47792,"""Presenze"" di Alessandro Roma in mostra a Palazzo Milzetti",Mostra,"Le Presenze di Alessandro Roma in mostra a Palazzo MilzettiUna nuova tappa nel pluriennale percorso di ricerca dell’artista milanese.Filo conduttore della mostra è la natura, presenza viva e generatrice che attraversa le sale del palazzo e instaura un dialogo inedito con i dipinti murali, gli stucchi e le decorazioni della dimora neoclassica.Inaugurazionelunedì 31 agosto, ore 17:001° settembre – 11 ottobre 2026In occasione di Argillà Italia 2026, Festival internazionale della ceramica, Palazzo Milzetti – Museo Nazionale dell’età neoclassica in Romagna ospita Presenze, una mostra personale di Alessandro Roma promossa in collaborazione con il Museo Internazionale delle Ceramiche in Faenza. L’inaugurazione si terrà lunedì 31 agosto alle 17:00.L’esposizione, curata da Domenico Iaracà, rappresenta una nuova tappa del pluriennale percorso di ricerca di Alessandro Roma, artista milanese attivo in Italia e all’estero, la cui pratica, nata da una formazione prevalentemente pittorica, si è progressivamente aperta alla ceramica, al collage, alla scultura, alla stampa su tessuto e alla sperimentazione di differenti tecniche e materiali. Filo conduttore della mostra è la natura, presenza viva e generatrice che attraversa le sale del palazzo e instaura un dialogo inedito con i dipinti murali, gli stucchi e le decorazioni della dimora neoclassica. Le opere di Roma sembrano riappropriarsi di spazi che, solo in apparenza, sono privi dell’elemento naturale, dando vita a paesaggi interiori nei quali esperienze reali e immaginazione si incontrano.Nato a Milano nel 1977, Alessandro Roma ha esposto presso numerosi musei e gallerie in Italia e all’estero. La sua ricerca trasforma esperienze, memorie e riferimenti letterari in paesaggi interiori, resi tangibili e accessibili allo spettatore. Le sue opere sono state presentate, tra gli altri, al Museo Internazionale delle Ceramiche in Faenza, al MART di Rovereto, al Museo Ettore Fico di Torino, alla Triennale di Milano, al Museo Carlo Zauli di Faenza, presso la Casa Museo Jorn di Albissola, al Museo Villa Croce di Genova e in gallerie e istituzioni di Londra, New York, Berlino, Bruxelles e Parigi.La mostra nasce dalla collaborazione tra Palazzo Milzetti – Museo Nazionale dell’età neoclassica in Romagna e il Museo Internazionale delle Ceramiche in Faenza e si inserisce nel programma degli eventi ufficiali di Argillà Italia 2026.Le opere sono state realizzate grazie al contributo e alle competenze di diverse realtà artigiane e ceramiche, tra cui Bottega Gatti, Bottega Lega, Bottega Vignoli, Pantoù Ceramics ed Elvira Keller a Faenza, Ceramiche Mazzotti ad Albissola e Ceramiche d’Arte Dolfi di Ivana Antonini a Montelupo.",,,,,,,,,http://media.beniculturali.it/mibac/files/boards/0cdb6bb111e95298dcca90809b275370/Palazzo%20Milzetti/Alessandro%20Roma%201_page-0002.jpg
http://dati.beniculturali.it/mibact/eventi/resource/CulturalEvent/47850,GEP 2026,Incontro/presentazione,"Apertura straordinaria diurna di 4 ore (09:00 - 13:00)Apertura
del Salone Monumentale per ospitare un incontro con il Sig. Stefano Nespoli,
che illustrerà i lavori di restauro realizzati nel Salone Monumentale, e con il
Dott. Ivano Francavilla, che si soffermerà sul tema della conservazione
preventiva del patrimonio culturale attraverso i sistemi di monitoraggio
applicati.",,,,,,,,,http://media.beniculturali.it/mibac/files/boards/db56e8d3d03b6ebc1c60cc3d8c2fbe9d/Biblioteca-Casanatense2.jpg
http://dati.beniculturali.it/mibact/eventi/resource/CulturalEvent/47857,Aperture straordinarie con visite guidate alla Domus Villa San Limato di Cellole,Apertura Straordinaria,"La Domus Villa San Limato di Cellole torna ad aprire le sue porte al pubblico con un calendario di aperture straordinarie e visite guidate nei mesi di luglio, agosto e settembre 2026, nell’ambito delle attività di valorizzazione previste dal Protocollo d’Intesa sottoscritto tra la Soprintendenza Archeologia Belle Arti e Paesaggio per le province di Caserta e Benevento e il Comune di Cellole. Le visite si svolgeranno dal 23 luglio al 13 settembre 2026, con il seguente calendario:

giovedì: dalle 9.00 alle 13.00 e dalle 16.00 alle 20.00.

L’iniziativa rappresenta un’importante occasione per far conoscere uno dei più significativi siti archeologici del territorio, frutto della collaborazione istituzionale tra la Soprintendenza e l’Amministrazione comunale. Il Protocollo d’Intesa disciplina infatti le attività di tutela, manutenzione e valorizzazione del complesso archeologico, con la Soprintendenza che assicura la supervisione scientifica e la tutela del bene attraverso il funzionario archeologo responsabile del sito, Domenico Oione, in sinergia con il Comune di Cellole.

Il Soprintendente Mariano Nuzzo ha dichiarato: “L’apertura periodica della Domus Villa San Limato è il risultato concreto di una proficua collaborazione tra istituzioni che coniuga tutela e valorizzazione del patrimonio culturale. Rendere accessibile il sito significa restituire alla comunità e ai visitatori un luogo di straordinario interesse storico e archeologico, promuovendo al tempo stesso una maggiore consapevolezza del suo valore e della necessità di preservarlo. Il Protocollo d’Intesa con il Comune di Cellole rappresenta un modello virtuoso di gestione condivisa del patrimonio, nel pieno rispetto delle esigenze di conservazione”.

Le visite guidate si svolgeranno nel rispetto delle disposizioni previste dalla Soprintendenza per la tutela del sito e della normativa vigente in materia di sicurezza, offrendo ai visitatori un percorso di conoscenza e valorizzazione di un’importante testimonianza della storia antica del territorio domitio.",,,,,,,,,http://media.beniculturali.it/mibac/files/boards/649d577dfde502534e670781c72a1b66/SABAP%20CE%20E%20BN_VILLA%20SAN%20LIMATO%20CELLOLE.jpg
http://dati.beniculturali.it/mibact/eventi/resource/CulturalEvent/47883,Mausoleo di Teodorico: “Intorno a Teodorico” - Ciclo di incontri presso lo Spazio Teodorico,Convegno/conferenza,"Lo Spazio Teodorico, concepito
come luogo accogliente e inclusivo, si affaccia sul suggestivo panorama della
cupola del Mausoleo, offrendo un contesto di particolare valore storico e
culturale. In tale cornice i Musei nazionali di Ravenna intendono promuovere un
ciclo di incontri, conversazioni e mostre rivolto a un pubblico ampio ed
eterogeneo: studiosi, appassionati di storia, visitatori e residenti del
territorio.“L’iniziativa si propone come
occasione di approfondimento e dialogo, invitando i partecipanti a riunirsi
simbolicamente ‘intorno al re’, per ascoltare interventi di esperti, storici,
artisti e professionisti della creatività – scrive il Direttore Andrea Sardo -,
elemento centrale e filo conduttore degli incontri sarà la memoria di
Teodorico, mentre requisito essenziale per la partecipazione sarà la curiosità
intellettuale e l’interesse per la conoscenza”. Gli eventi intendono celebrare
la ricorrenza dei 1500 anni dalla morte del Re Goto, avvenuta nel 526 d. C., di
cui il Mausoleo, concepito come ultima dimora del sovrano, ne rappresenta
l’emblema per eccellenza.Già
avviato il 24 giugno con l’inaugurazione della mostra “In un’aria diversa, Teodorico. Mariella Busi De
Logu”,
in corso fino al 6 settembre, il ciclo si articola in una serie di
appuntamenti con cadenza settimanale, da metà settembre fino a dicembre 2026,
coinvolgendo studiosi e ricercatori che hanno affrontato aspetti specifici
della storia e dell’evoluzione del Mausoleo. I temi affrontati saranno vari ed
eterogeni: dalla musica in età gota alle sperimentazioni musicali contemporanee
con Donatella Restani, Paolo Marzocchi e Sabrina Felli, dallo studio
dell’epigrafia e dell’astronomia discussi rispettivamente da Flavia Frauzel e
Manuela Incerti, alle leggende e ai miti del celebre monumento con Paola Novara.
Il tema dei linguaggi visivi e dell’immaginario
nell’età di Teodorico verrà affrontato da Maria Cristina Carile e un
incontro con l’artista mosaicista Annafietta, che ha realizzato la medaglia con
il profilo del Mausoleo per la ‘Maratona di Ravenna Città d’Arte 2026’ in
programma l’8 novembre, illustrerà i segreti del mosaico. Ulteriori
contribuiti saranno dedicati alle vicende costruttive del Mausoleo e ai
progetti di valorizzazione, con un focus sull’utilizzo della Pietra di Aurisina
e le tecniche estrattive, con interventi di Valter Piazza, Max Victor David, Luca Guardigli, Gian Carlo Grillini, Fabio Bevilacqua,
Massimo Romita.&nbsp;A
coronamento della rassegna è in programmazione una mostra di Flavio Favelli,
artista contemporaneo nato a Firenze nel 1967, che ha dedicato al Mausoleo di
Teodorico una serie di lavori partendo dalle cartoline storiche di fine
Ottocento e inizi Novecento, da lui ritoccate e incorniciate, portatrici di una
nuova visione intima e personale che ci ricorda di quanto la memoria ed il
passato siano parte integrante del nostro essere.&nbsp;&nbsp;Spazio
TeodoricoProgrammi
eventi: giugno – dicembre 2026Luogo: Mausoleo
di Teodorico, via delle Industrie, 14 – 48123 Ravenna 





















Contatti: 0544-456701|
mn-ra.comunicazione@cultura.gov.it",,,,,,,,,
http://dati.beniculturali.it/mibact/eventi/resource/CulturalEvent/47903,Inaugurazione esposizione epigrafica a Campagna Lupia,Mostra,"Inaugurazione esposizione epigrafica a Campagna LupiaData: sabato 26 settembre 2026Orario: 09:00-13:00Tipologia: Evento diurno della durata di 4 ore per le Giornate Europee del PatrimonioLuogo: Campagna Lupia, Villa Colonda Marchesini (Sede Comune) – via della Repubblica 34Prenotazione obbligatoria: noReferente: Cecilia RossiDescrizione: L’evento costituisce il terzo step di restituzione alla pubblica fruizione di beni archeologici provenienti dal territorio comunale di Campagna Lupia. Dopo le vetrine dedicate al Santuario Preromano di Lova (2023) e alle tombe preromane di Lugo (2024), si propone ora un terzo allestimento presso l’Ufficio Anagrafe della sede municipale.Il nuovo allestimento consiste in una piccola sezione epigrafica in cui troveranno spazio, con relativa pannellistica, due iscrizioni pertinenti a monumenti funerari di epoca romana imperiale rinvenute tra terraferma e laguna. Una delle due iscrizioni è stata oggetto di dissequestro in favore dello Stato a conclusione di indagini del Nucleo TPC di Venezia. All’evento di restituzione parteciperà pertanto anche il personale del Nucleo TPC con illustrazione del lavoro svolto e verranno proposte visite guidate anche agli spazi espositivi.",,,,,,,,,
http://dati.beniculturali.it/mibact/eventi/resource/CulturalEvent/47970,"«…volava con le mani e con l’ingegno» Jacopo Sansovino, i materiali poveri, un capolavoro veneziano. Mostra al Museo dell’Opificio",Mostra,"Per la rassegna Caring for Art. Restauri in mostra, promossa dall’Opificio delle Pietre Dure per far conoscere il lavoro degli undici settori di restauro dell’Istituto fiorentino con l’esposizione di alcune opere a restauro concluso prima che siano restituite alle proprietà, dal 30 luglio 2026 sarà esposta nel Museo dell’OPD la Madonna col Bambino e due putti, nota come Madonna delle Muneghette, attribuita a Jacopo Sansovino (1486-1570) e di proprietà di I.P.A.V. – Istituzioni Pubbliche di Assistenza Veneziane.Ritrovata negli anni Settanta nell’allora Pensionato delle Muneghette, la scultura rappresenta una rara testimonianza della sperimentazione tecnica dell’artista: realizzata con strati di tela, gesso ed alcune parti in cartapesta eseguite separatamente a calco e poi unite per modellazione diretta, è stata in passato letta come modello ‘in cartapesta’ di una scultura da realizzare in materiale più nobile, mentre gli studi più recenti propendono per interpretarla come opera compiuta eseguita in una tecnica insolita, nata dall’esperienza del Sansovino nella realizzazione di apparati effimeri, più economica e destinata quindi a committenze dalle risorse economiche ridotte.Giunta al restauro in condizioni molto precarie, con gravi problemi strutturali, deformazioni, mancanze che ne avevano compromesso la leggibilità, l’opera è stata oggetto di un articolato intervento finanziato dalla Fondazione Venetian Heritage condotto dall’Opificio delle Pietre Dure, che ha richiesto il coinvolgimento e la sinergia dei laboratori dei settori “sculture lignee policrome” e “materiali ceramici, plastici e vitrei”, supportati dalle indagini diagnostiche del laboratorio scientifico dell’Istituto.L’esposizione a restauro appena concluso permette di apprezzare gli esiti di un intervento che ha restituito al gruppo scultoreo la sua forza espressiva, preservandone al contempo le tracce della difficile storia conservativa, grazie ad una pulitura attenta e alla ricostruzione mediante scansione e stampa 3D di elementi mancanti. Questi, reintegrati, hanno consentito di recuperare la corretta inclinazione dell’opera, ora sorretta da un innovativo sistema di sostegno interno.",,,,,,,,,
http://dati.beniculturali.it/mibact/eventi/resource/CulturalEvent/47972,Patrimonio e sostenibilità: GEP2026. Visite guidate all'Archivio e alla mostra,Mostra,"[RenderImage id=""84718""]Nel calendario delle iniziative di 헥헜-험헠험헥헚험헥험, l'articolato programma di eventi organizzato dall'Archivio di Stato di Firenze e dalla Fondazione CRF in occasione dei 60 anni dall'Alluvione che colpì la città, l'Archivio apre eccezionalmente le sue porte nel weekend delle Giornate europee del patrimonio.&nbsp;Accompagnati dal personale dell'istituto, i visitatori potranno scoprire l'Archivio, la sua storia e la sua peculiare missione di tutela, conservazione e valorizzazione del patrimonio culturale.&nbsp;L'apertura straordinaria del weekend 26-27 settembre 2026 offre la possibilità di fruire per gli ultimi due giorni delle visite guidate alla mostra 퐒퐭퐨퐫퐢퐚 퐞 퐬퐭퐨퐫퐢퐞 퐝퐢 퐬퐨퐬퐭퐞퐧퐢퐛퐢퐥퐢퐭à, organizzata in collaborazione con gli Archivi Storici dell'Unione Europea.L'orario di apertura al pubblico sarà 10:00-17.00, sia per sabato 26 che per domenica 27.",,,,,,,,,
http://dati.beniculturali.it/mibact/eventi/resource/CulturalEvent/47975,Deo Juvante: il mito Grimaldi nell'estremo Ponente ligure,Mostra,"L'Archivio di Stato di
Imperia inaugura una mostra nell'anniversario delle nozze tra Ranieri
III e Grace Kelly 

Sei secoli di storia uniscono
Ventimiglia e i Grimaldi di Monaco.La Sezione
di Archivio di Stato di Ventimiglia
trae spunto dal matrimonio tra
Ranieri III e Grace Kelly per
ricordare, con un'esposizione, questo rapporto secolare che si è
tramandato sino ai nostri giorni.In occasione della mostra
dal titolo Deo Juvante: il mito
Grimaldi nell'estremo Ponente ligure,
con cui la Sezione celebra anche il 140° anniversario della sua
sede, saranno esposti per la prima volta in Italia documenti,
dipinti, fotografie e cimeli che testimoniano tali legami
storico-istituzionali.Fa da sfondo, al percorso espositivo,
un'area di frontiera, l’estremo Ponente ligure, un
""territorio-ponte"" dove i confini non sono semplici linee
geografiche tracciate su una mappa da un trattato, ma spazi dove
l'identità di nazioni diverse si plasma anche attraverso il
confronto e lo scambio. In questo scenario geopolitico complesso, la
famiglia Grimaldi di Monaco mantiene, nel corso del tempo, dal
Medioevo al Novecento, sempre un ruolo cruciale.I
documenti conservati presso la sezione archivistica di Ventimiglia
“dialogano” con le altre opere esposte, di proprietà di archivi
privati, in particolare quelli della Fondazione
Galleani di Saint Ambroise - de Bottini di Sainte Agnés e
della
Fondazione Giuseppe Biancheri,
che conservano anche le memorie della storia ventimigliese legata al
Risorgimento nazionale.







Si
tratta di un virtuoso esempio di collaborazione tra istituzioni
pubbliche e private che si auspica apra la strada a futuri e
continuativi rapporti con gli enti territoriali, al fine di
valorizzare il patrimonio culturale di tutta la Provincia.Inaugurazione
con conferenza stampa – venerdì 7 agostoE`
prevista una presentazione
alla stampa
alle ore 10.45 presso la Sala XXV aprile dell'Assessorato alla
Cultura e al Turismo in piazza XX settembre (ex Tribunale).La
cerimonia
d'inaugurazione,
con il taglio del nastro alla presenza delle autorità, si svolgerà
alle ore 12.00 presso la sede della Sezione dell'Archivio di Stato di
Ventimiglia, in via Hanbury 12. Seguirà un
vin
d'honneur.Deo
Juvante: il mito Grimaldi nell'estremo Ponente ligure 

Mostra
documentaria – Sezione di Ventimiglia dell'Archivio di Stato di
Imperia
Via
Hanbury 12

Apertura
al pubblico:
martedì
e giovedì, ore 09.00 – 16.30 (ultimo ingresso ore 16.00)










Orario
continuato, ingresso libero",,,,,,,,,http://media.beniculturali.it/mibac/files/boards/d909292406a090891f9adcf6d10abf36/as-imdeo%20juvante.jpg
http://dati.beniculturali.it/mibact/eventi/resource/CulturalEvent/47990,Domenica al museo,Apertura festiva,"Torna a Settembre la 헗헼헺헲헻헶헰헮 헮헹 헺혂혀헲헼 Domenica 6 Settembre torna la #헱헼헺헲헻헶헰헮헹헺혂혀헲헼, l'iniziativa del Ministero della Cultura che consente l'헶헻헴헿헲혀혀헼 헴헿헮혁혂헶혁헼 in tutti i musei, parchi archeologici e luoghi della cultura statali! 헩헶헹헹헮 헣헶혀헮헻헶 헱헶 헦혁헿헮 sarà aperta con l'orario estivo ퟵ:ퟬퟬ-ퟮퟬ:ퟬퟬ (ultimo ingresso alla Villa ore 19:00 con uscita obbligatoria dal piano nobile entro le ore 20:00).!!헔헩헩헜헦헢 헔헜 헩헜헦헜헧헔헧헢헥헜!!Per motivi di sicurezza il flusso dei visitatori al piano nobile sarà contingentato e gestito dal personale interno del museo.Dal ퟵ 헴헶혂헴헻헼 헮헹 ퟭퟯ 혀헲혁혁헲헺헯헿헲 scopri 헪헮혁헲헿헺헮헿헸혀. 헦헲헴헻헶 헱헮헹헹' 헮헰헾혂헮 , progetto espositivo, a cura di Francesco Trentini. Attraverso diciannove creazioni tessili di Donna Carmela Santoro, allestite in quindici sale della Villa, la mostra intreccia un dialogo suggestivo tra arte contemporanea e architettura storica. Scopri i Musei e le Aree archeologiche della Direzione regionale Musei nazionali Veneto del Ministero della Cultura https://bit.ly/40dzgzT",,,,,,,,,http://media.beniculturali.it/mibac/files/boards/3866906f1017fc6aa15df7f749c01fec/Villa%20Pisani%202023/Villa%20Pisani%202026/Domenicalmuseo_6settembre2026_Card_Template%20copia.png
http://dati.beniculturali.it/mibact/eventi/resource/CulturalEvent/47999,#domenicalmuseo 2 agosto - Museo Nazionale Etrusco “Pompeo Aria” e  Parco archeologico di Kainua_Copia,Apertura festiva,domenica 6 settembre 2026#domenicalmuseo – ingresso gratuitoL’iniziativa del Ministero della Cultura prevede l’ingresso gratuito nei luoghi della cultura la prima domenica del mese.,,,,,,,,,http://media.beniculturali.it/mibac/files/boards/0cdb6bb111e95298dcca90809b275370/MARZABOTTO%20KAINUA/Necropoli%20Est_la%20porta%20Est%20di%20ingresso%20a%20Kainua.jpg
http://dati.beniculturali.it/mibact/eventi/resource/CulturalEvent/48000,DOMENICALMUSEO LUGLIO - Museo Archeologico Nazionale di Sarsina_Copia,Visita Libera,"﻿Il Museo Archeologico Nazionale di Sarsina aderisce all'iniziativa ""Domenica al Museo"", offrendo l'ingresso gratuito ogni prima domenica del mese. L'istituto, recentemente rinnovato con un importante intervento di restauro e riallestimento, è una delle principali attrazioni archeologiche dell'Emilia-Romagna.Orari:Lunedì (feriale): ChiusoMartedì - Mercoledì - Giovedì (solo feriali) dalle ore 9.00 alle ore 14.00 (ultimo ingresso ore 13.30)Venerdì - Sabato - Domenica - Festivi dalle ore 13.30 alle ore 18.30 (ultimo ingresso ore 18.00)GIORNATE AD INGRESSO GRATUITO:Ogni prima domenica del meseAnniversario della Liberazione 25 aprileFesta della Repubblica 2 giugnoCompleanno di Cetrania Severina 12 giugnoData di creazione del primo nucleo del Museo 4 agostoSan Vicinio 28 agostoGiornata dell'Unità Nazionale 4 novembre.",,,,,,,,,http://media.beniculturali.it/mibac/files/boards/0cdb6bb111e95298dcca90809b275370/SARSINA/Sarsina%20Mausoleo%20esterno.jpg
http://dati.beniculturali.it/mibact/eventi/resource/CulturalEvent/48001,DOMENICA AL MUSEO GENNAIO - PALAZZO MILZETTI_Copia_Copia_Copia_Copia_Copia_Copia_Copia,Apertura festiva,"Domenica 6 settembre 2026
Apertura 13.30 - 18.30ARGILLA’ ITALIA#DOMENICALMUSEOIngresso gratuito
&nbsp;
Si rinnova l'appuntamento della prima domenica del mese ad ingresso gratuito, previsto in tutti i siti statali (vedi sui social #domenicalmuseo).

&nbsp;Il museo di Palazzo Milzetti è aperto nei seguenti orari:
Da Lunedì a Sabato e festivi infrasettimanali: dalle 9.00 alle 18.30 (ultimo
ingresso: 17.45)
Domenica: dalle 13.30 alle 18.30 (ultimo ingresso: 17.45)
E' possibile richiedere un'apertura straordinaria
la domenica mattina, a partire dalle ore 9.00,&nbsp;per gruppi di almeno 15 persone, scrivendo anticipatamente
all'indirizzo
mn-bo.pamilzetti-ra@cultura.gov.it

Per tariffe ordinarie di ingresso e agevolazioni si veda
https://palazzomilzetti.cultura.gov.it/

Si ricorda la possibilità di acquistare la&nbsp;Carta Milzetti&nbsp;(al costo di € 10,00 per il biglietto intero e di € 4,00
per quello ridotto), un abbonamento annuale che dà diritto all'ingresso
gratuito al museo e a tutti gli eventi organizzati per un anno intero dalla
data di sottoscrizione.

Il museo è inserito, assieme al MIC-Museo Internazionale delle Ceramiche e alla
Pinacoteca Comunale di Faenza, nel circuito della&nbsp;FaenzaMuseiCard, una tessera che verrà consegnata gratuitamente al visitatore
nel primo dei tre musei a fronte dell'acquisto di un biglietto intero, e che
permetterà poi di ottenere uno sconto di 2,00 € sul biglietto di ingresso di
ognuno dei due musei successivi. La Card ha una validità di tre giorni da
quello di emissione.",,,,,,,,,http://media.beniculturali.it/mibac/files/boards/0cdb6bb111e95298dcca90809b275370/Palazzo%20Milzetti/opera_arte_pagina_6.jpg
http://dati.beniculturali.it/mibact/eventi/resource/CulturalEvent/48010,Pasqua 2024_Copia_Copia_Copia_Copia_Copia_Copia_Copia,Concerto,"MUSICA E ARCHEOLOGIAdomenica 6 settembre | ore 20.45Portogruaro, Museo Nazionale Concordiese Consonanze - 44° Festival Internazionale di Musica di PortogruaroRicordando Giuseppe Sinopoli Samuele Telari, fisarmonica Musiche di autori variBiglietto concerto: € 1, su prenotazione fino a esaurimento posti Apertura straordinaria serale del Museo fino alle ore 23:00 Clicca qui per maggiori informazioni",,,,,,,,,http://media.beniculturali.it/mibac/files/boards/3866906f1017fc6aa15df7f749c01fec/2026_PORTOGRUARO/Portogruaro_Concerto%206%20settembre%202026.jpg
http://dati.beniculturali.it/mibact/eventi/resource/CulturalEvent/48011,ARGILLA’ ITALIA - Presenze di Alessandro Roma,Mostra,"Venerdì 4 settembre 2026Apertura 9.00-18.30 ARGILLA’
ITALIA





Ingresso gratuitoIn occasione di
Argillà Italia 2026, Festival internazionale della ceramica, Palazzo
Milzetti – Museo Nazionale dell’età neoclassica in Romagna ospita
Presenze, una mostra personale di Alessandro Roma promossa in
collaborazione con il Museo Internazionale delle Ceramiche in Faenza.
L’inaugurazione si terrà lunedì 31 agosto alle 17:00. 



L’esposizione,
curata da Domenico Iaracà, rappresenta una nuova tappa del pluriennale percorso
di ricerca di Alessandro Roma, artista milanese attivo in Italia e all’estero,
la cui pratica, nata da una formazione prevalentemente pittorica, si è
progressivamente aperta alla ceramica, al collage, alla scultura, alla stampa
su tessuto e alla sperimentazione di differenti tecniche e materiali. Filo
conduttore della mostra è la natura, presenza viva e generatrice che attraversa
le sale del palazzo e instaura un dialogo inedito con i dipinti murali, gli
stucchi e le decorazioni della dimora neoclassica. Le opere di Roma sembrano
riappropriarsi di spazi che, solo in apparenza, sono privi dell’elemento
naturale, dando vita a paesaggi interiori nei quali esperienze reali e
immaginazione si incontrano.Presenze – Alessandro
RomaPalazzo Milzetti – Museo
Nazionale dell’età neoclassica in RomagnaDal 1° settembre all’11 ottobre 2026Per orari di apertura
del museo, aperture speciali e visite guidate







https://palazzomilzetti.cultura.gov.it/",,,,,,,,,http://media.beniculturali.it/mibac/files/boards/0cdb6bb111e95298dcca90809b275370/Palazzo%20Milzetti/Alessandro%20Roma%201_page-0002.jpg
http://dati.beniculturali.it/mibact/eventi/resource/CulturalEvent/48012,"ARGILLA’ ITALIA - ""Presenze"" di Alessandro Roma - Visita guidata",Visita Guidata,"Sabato 5
settembre 2026Apertura straordinaria serale 18.30-22.30 ARGILLA’ ITALIAOre 18.00 Visita guidataA cura di Domenico IaracàIngresso gratuito In occasione di Argillà Italia 2026, Festival
internazionale della ceramica, Palazzo
Milzetti – Museo Nazionale dell’età neoclassica in Romagna ospita Presenze, una mostra personale di Alessandro Roma promossa in
collaborazione con il Museo Internazionale delle Ceramiche in Faenza. Durante l’apertura straordinaria serale di
sabato 5 settembre, alle ore 18.00, Domenico Iaracà, curatore dell’esposizione,
condurrà una visita guidata aperta al pubblico. 



















La mostra rappresenta una nuova tappa del pluriennale percorso
di ricerca di Alessandro Roma, artista milanese attivo in Italia e all’estero,
la cui pratica, nata da una formazione prevalentemente pittorica, si è
progressivamente aperta alla ceramica, al collage, alla scultura, alla stampa
su tessuto e alla sperimentazione di differenti tecniche e materiali. Filo
conduttore è la natura, presenza viva e generatrice che attraversa le sale del
palazzo e instaura un dialogo inedito con i dipinti murali, gli stucchi e le
decorazioni della dimora neoclassica. Le opere di Roma sembrano riappropriarsi
di spazi che, solo in apparenza, sono privi dell’elemento naturale, dando vita
a paesaggi interiori nei quali esperienze reali e immaginazione si incontrano.",,,,,,,,,http://media.beniculturali.it/mibac/files/boards/0cdb6bb111e95298dcca90809b275370/Palazzo%20Milzetti/opera_arte_pagina_4.jpg
http://dati.beniculturali.it/mibact/eventi/resource/CulturalEvent/48013,MIRABILI RELAZIONI - Incontro,Convegno/conferenza,"Sabato 12
settembre 2026Apertura straordinaria serale 19.00-23.00MIRABILI RELAZIONIOre
18.00IncontroIrene Biolchini in dialogo con Alessandro Roma Il
titolo anticipa il tema del dialogo tra Alessandro Roma, artista e docente
presso l'Accademia di Belle Arti di Carrara, e Irene Biolchini, critica
d'arte, curatrice e docente presso l'Accademia di Belle Arti di Verona, insieme
al pubblico invitato.Un'occasione
di confronto e di scambio dedicata alla materia ceramica, in cui il dialogo
diventa strumento di approfondimento e condivisione. La mostra allestita nello
splendido Palazzo Milzetti costituirà il punto di partenza per una
conversazione che, attraverso opere, linguaggi ed esperienze, esplorerà le
potenzialità espressive della ceramica nell'arte contemporanea. Ingresso
gratuito





















Si consiglia la
prenotazione scrivendo a mn-bo.pamilzetti-ra@cultura.gov.it o telefonando al
numero 0546 21015.",,,,,,,,,http://media.beniculturali.it/mibac/files/boards/0cdb6bb111e95298dcca90809b275370/Palazzo%20Milzetti/AlessandroRoma_stelle.jpg
http://dati.beniculturali.it/mibact/eventi/resource/CulturalEvent/48014,"MIRABILI RELAZIONI - Neoclassicismo inatteso: Felice Giani e Giuseppe Bossi, pittori 'avventurosi' di una grande stagione",Convegno/conferenza,"Giovedì
17 settembre 2026Apertura
9.00-18.30MIRABILI RELAZIONIOre
17.00Neoclassicismo inatteso:
Felice Giani e Giuseppe Bossi, pittori 'avventurosi' di una grande stagione
Conferenza a cura di Anna
TorteroloIngresso
gratuito

















Si consiglia la
prenotazione scrivendo a mn-bo.pamilzetti-ra@cultura.gov.it o telefonando al
numero 0546 21015.",,,,,,,,,http://media.beniculturali.it/mibac/files/boards/0cdb6bb111e95298dcca90809b275370/Palazzo%20Milzetti/U22_7183.JPG
http://dati.beniculturali.it/mibact/eventi/resource/CulturalEvent/48017,Vulci a Villa Giulia. Rileggere la Tomba François nel suo contesto,Convegno/conferenza,"In occasione dell'acquisizione degli 
affreschi della Tomba François da parte dello Stato Italiano e della 
loro esposizione presso il Museo Nazionale Etrusco di Villa Giulia, il 
Museo è lieto di presentare la giornata di studi&nbsp;""Vulci a Villa Giulia. &nbsp;Rileggere la Tomba François nel suo contesto"" a cura di Luana Toniolo, Laura Maria Michetti&nbsp;e Cristian Mazet, che si terrà il 16 settembre 2026 nella Sala della Fortuna.&nbsp;

Programma degli interventi

&nbsp;09.30
Saluti Istituzionali

Alfonsina Russo (Dipartimento per la Valorizzazione del Patrimonio Culturale)
Giuseppe Sassatelli (Istituto Nazionale di Studi Etruschi ed Italici)

Luana Toniolo, Christian&nbsp;Mazet, Laura Maria&nbsp;Michetti, ""Rileggere la tomba François nel suo contesto"".

10.00-11.30
Il contesto della Tomba François

Alessandro Conti (Sapienza Università di Roma), La François e “le altre”. La necropoli di Ponte Rotto: topografia e architettura funeraria.
Giulio Paolucci (Fondazione Luigi Rovati), Lionel Pernet (Musée cantonal d’archéologie et d'histoire Lausanne), Nuovi dati sul corredo della tomba François di Vulci.
Carmine Ampolo (Scuola Normale Superiore di Pisa), La Tomba François e Roma arcaica, tra storia e mito.


11.30-12.00 Pausa/discussione


12.00-13.30
Storie di ricezione

Laurent Haumesser (Musée du Louvre), La tomba dei destini incrociati: la tomba François e i suoi lettori.
Maurizio Sannibale (Pontificia Accademia Romana di Archeologia), L'ultima grande impresa di Carlo Ruspi: le copie della tomba François al Museo Gregoriano Etrusco.
Christian Mazet, Aude Mongiatti (British Museum), Nuovi dati sugli ori della Tomba François: i gioielli Castellani del British Museum.

13.30-15.00 Pausa

15.00-17.30
Vulci in età ellenistica

Anna Maria Moretti Sgubini (già Soprintendente per i Beni Archeologici dell'Etruria Meridionale), Esperienze di pittura parietale e scultura nelle tombe ellenistiche di Vulci.
Maurizio Harari (IUSS Pavia), Fenomenologia della parete dipinta nella Tomba François. La grande pittura a parete all'alba dell'età ellenistica.
Enrico Benelli (Università degli Studi Roma Tre), Scrivere nelle tombe. Note di epigrafia vulcente.
Alfonsina Russo (DiVA), Simona Carosi (SABAP Viterbo-Etruria Meridionale), Carlo Regoli, Carlo Casi (Fondazione Vulci), Vulci nel IV secolo: nuovi studi e scoperte.

Discussione e conclusioni

Ingresso libero in Sala della Fortuna fino ad esaurimento posti. Prenotazioni all'indirizzo: mn-etru.comunicazione@cultura.gov.it

Scarica il programma",,,,,,,,,http://media.beniculturali.it/mibac/files/boards/60ebf64f6a916e10f02923fcf8499dab/2026/tfincontri2_sito_chiuso.jpg
http://dati.beniculturali.it/mibact/eventi/resource/CulturalEvent/48023,12 settembre 2026 - Apertura serale straordinaria dell'Ex Ospedale San Rocco,Apertura Straordinaria,ND,,,,,,,,,
http://dati.beniculturali.it/mibact/eventi/resource/CulturalEvent/48026,GEP 2026 - Incontrare l’ambiente nel Parco Bioenergetico “IL REGNO MAGICO”,evento solo on site,"Domenica
27 settembre 2026 - Dalle ore 16.00 alle ore 19.30Incontrare
l’Ambiente nel Parco Bioenergetico “IL REGNO MAGICO” per Rivivere Resistere
ReimmaginareVivere
la Storia di un Territorio con osservazioni dinamiche tra
Geomorfologia-Agronomia-Spiritualità-Tecnologie estrattive e campi magnetici in
un patrimonio identitario molfettese 1^ in Italia nella sua tipologia di parco
bioenergetico occupato anche&nbsp; da importante attività produttiva con i
dottori agronomi (G.Minervini,A.Guerrieri)
PTI.P.LaTegola,,Geologi-Ordine-Puglia G. Caputo, SIGEA(S.Valletta,A.Fiore).
Incon- l’Ambiente con interiorità, autenticità, moralità insieme al Filosofo
A.Contaret resp. del Collegio Filosofico per la Salvaguardia Patrimonio
Mondiale della Saggezza e la Valorizzazione del Patrimonio naturale e culturale
con i Presidenti Clubs per l’UNESCO di Molfetta e Bisceglie avv. B.
Camporeale-PhR Pina Catino.TAPPE
DEL PERCORSO: a) OSSERVAZIONI DINAMICHE della Geomorfologia del Territorio –
Aree Bioenergetiche - visita all’antica architettura rurale e ai muretti a
secco; b) CONFERENZA Esperienziale correlata alla pratica di Qigong esseno; c)
FOCUS prodotti del Territorio&nbsp;·&nbsp;&nbsp;&nbsp;&nbsp;&nbsp;&nbsp;&nbsp;""Ai
Dottori Agronomi e Dottori Forestali, regolarmente iscritti, verranno
riconosciuti CFP caratterizzanti secondo il Regolamento CONAF approvato con
Delibera del Consiglio n. 162 del 27aprile 2022"".&nbsp;·&nbsp;&nbsp;&nbsp;&nbsp;&nbsp;&nbsp;&nbsp;Ai
Geologi saranno accreditati 3 CFPMassimo
50 ingressi; prenotazione obbligatoria tramite email o telefonando dalle ore
20.00 alle ore 21.00 ai seguenti numeri: Giuseppe Minervini 3895389110;
Clelia Antonia Facchini 3715536954













N.B.
Si consigliano scarpe chiuse e abbigliamento comodo, copricapo – boccetta
d’acqua, impermeabilino da viaggio/ombrello in caso di pioggia",,,,,,,,,
http://dati.beniculturali.it/mibact/eventi/resource/CulturalEvent/48043,Taranto guarda il Mediterraneo,Mostra,"In occasione dei XX Giochi del Mediterraneo che si terranno a Taranto dal 21 agosto al 3 settembre 2026, l'Archivio di Stato di Taranto apre le sue porte ai visitatori giunti in città per l'evento. Saranno effettuate visite gratuite al patrimonio documentario conservato dall'Istituto, per scoprire la storia della città dei due mari che guarda il Mediterraneo da quasi tremila anni.",,,,,,,,,
http://dati.beniculturali.it/mibact/eventi/resource/CulturalEvent/48044,Nuovi orari e aperture straordinarie al Palazzo Chigi Piccolomini alla Postierla,Apertura Straordinaria,"Nei mesi di settembre e ottobre il palazzo sarà aperto tutti i giorni con i seguenti orari:-lunedì, domenica e festivi: 9.00–13.30-martedì e mercoledì: 9.00–13.00-giovedì, venerdì e sabato: 9.00–19.00 Sarà inoltre possibile ammirare l’Allegoria delle Quattro Stagioni di Rutilio Manetti, monumentale dipinto a olio del Seicento, recentemente entrato nelle collezioni dei Musei Nazionali di Siena e ora esposto a Palazzo Chigi Piccolomini alla Postierla.Numerosi gli appuntamenti in programma per scoprire il Palazzo, le sue collezioni e la nuova acquisizione attraverso visite e iniziative dedicate:  16 settembre ore 12.00Presentazione della nuova acquisizione Allegoria delle Quattro Stagionia cura del prof. Alessandro Bagnoli_______________18 e 19 settembreIngresso gratuito al PalazzoVisite guidate al dipinto–venerdì 18 alle ore 17.00 e 18.00–sabato 19 alle ore 10.00 e 11.00_______________11 e 25 settembre ore 17.00 e 18.00Visite guidate al dipinto_______________2 ottobre ore 17.00visita con il Direttore Axel Hémery_______________10 ottobredalle 19.30 alle 23.30Apertura straordinaria seraleore 21.00Sic et simpliciter: sei corde a Palazzo Chigi PiccolominiVisita concerto con Silvia Tosi_______________11 ottobre ore 10.30Attività per famigliein occasione della Giornata Nazionale delle famiglie_______________Le iniziative sono incluse nel biglietto di ingresso.",,,,,,,,,http://media.beniculturali.it/mibac/files/boards/9c13ab39dbc3c39b5f8a8776e3fe6d18/2026/Manetti.jpg
http://dati.beniculturali.it/mibact/eventi/resource/CulturalEvent/48045,La Banda in musical,Concerto,"Domenica 6 settembre 2026, in occasione della prima domenica del mese ad ingresso gratuito, alle ore 11.30 il Museo Nazionale Etrusco di Villa Giulia ospita la Banda Musicale della Marina Militare con il concerto intitolato ""La Banda in musical - Suoni e colori da Broadway"".

Diretto dal Maestro Capitano di Vascello Antonio Barbagallo,
 il concerto accompagnerà il pubblico in un viaggio nel grande teatro 
musicale internazionale attraverso le pagine più celebri di Jesus Christ Superstar, Cats, The Phantom of the Opera, West Side Story, Les Misérables, Chess e The Greatest Showman.

A impreziosire l'evento saranno le splendide voci di Monica De Propris e Mary De Giorgio,
 che interpreteranno alcuni dei brani più famosi in programma, ricreando
 le atmosfere e le emozioni dei grandi spettacoli di Broadway.

L'evento rientra nel ciclo di cinque 
concerti tematici promosso grazie alla pluriennale collaborazione tra il
 Ministero della Cultura e la Marina Militare Italiana, nato per 
valorizzare le eccellenze del nostro Paese, come la straordinaria 
cornice del Museo Nazionale Etrusco di Villa Giulia.

Ingresso gratuito per la prima domenica del mese. Non è richiesta la prenotazione.",,,,,,,,,http://media.beniculturali.it/mibac/files/boards/60ebf64f6a916e10f02923fcf8499dab/2026/concerto-marina-3-maggio.jpeg
http://dati.beniculturali.it/mibact/eventi/resource/CulturalEvent/48046,Incontri con Schumann,Apertura Straordinaria,"Per sei serate il Museo Nazionale 
Etrusco di Villa Giulia cambierà volto. Non solo custode di un 
eccezionale patrimonio, ma scrigno in cui musica, arte e pensiero si 
incontrano dando vita a un'unica esperienza culturale. Dall'8 al 13 settembre, a partire dalle ore 20.15, Villa Giulia a Roma ospiterà la sesta edizione di ""Incontri con la Musica"",
 la rassegna promossa da Promu, realtà impegnata nella valorizzazione 
della musica da camera e nella sperimentazione di nuove forme di 
fruizione culturale.


Dopo aver dedicato le precedenti edizioni a Mozart, Beethoven, Schubert e Brahms, il progetto sceglie quest'anno di esplorare l'universo creativo di Robert Schumann.
 Non un semplice omaggio, ma un percorso costruito attorno a un solo 
autore, per restituirne la ricchezza, la profondità e la straordinaria 
capacità di trasformare il mondo interiore in musica. È questa la cifra 
distintiva della rassegna: fare di ogni edizione un viaggio dentro il 
pensiero di un compositore, più che una successione di concerti.

Nel cortile rinascimentale di Villa Giulia, residenza suburbana di Papa Giulio III, progettata alla metà del ‘500 da Vignola e Ammannati, con il contributo di Vasari e Michelangelo, oggi sede del Museo Nazionale Etrusco di Villa Giulia e custode della più importante raccolta etrusca al mondo, il fortunato pubblico potrà assistere a sei concerti preziosi quanto il luogo che li ospita. 

Ad accompagnare il pubblico saranno infine i dialoghi curati dal musicologo Guido Barbieri,
 che prima di ogni concerto incontrerà filosofi, scrittori, artisti e 
studiosi in conversazioni dedicate al rapporto tra musica, letteratura, 
arti visive e pensiero contemporaneo. Un invito ad avvicinarsi a 
Schumann da prospettive sempre diverse, facendo dell'ascolto il punto di
 arrivo di un'esperienza culturale più ampia.

CALENDARIO
8 Settembre 2026: Maurizio Baglini, Luca Ranieri, Alessandro Carbonare
ACQUISTA IL BIGLIETTO

9 Settembre 2026: Enrico Bronzi, Martina Consonni
ACQUISTA IL BIGLIETTO

10 Settembre 2026:  Quartetto Prometeo (Mirei Yamada, Aldo Campagnari, Danusha Waskiewicz, Francesco Dillon)
ACQUISTA IL BIGLIETTO

11 Settembre 2026: Trio Johannes (Francesco Manara, Massimo Polidori, Claudio Voghera)
ACQUISTA IL BIGLIETTO

12 Settembre 2026: Enrico Pace, Roman Simovic, Federico Piccotti, Milena Simovic, Erica Piccotti
ACQUISTA IL BIGLIETTO

13 Settembre 2026: Orchestra Filarmonica Umbra Vittorio Calamani, Luigi Carroccia e Nicola Paszkowski 
ACQUISTA IL BIGLIETTO
 

Inizio concerto ore 20.15, apertura biglietteria ore 19.30.

Direzione artistica: Riccardo Savinelli, Alessandro Muller

Biglietto: 20 euro (15€ concerto + 5€ ingresso al museo). 
Al biglietto del museo si applicano le riduzioni e le gratuità stabilite
 dalla normativa vigente, oltre alla gratuità per i possessori di 
ETRUCARD.
Concerto gratuito per under 18, disabili con certificazione e accompagnatori.


Durante l'apertura serale straordinaria la visita alla tomba 
François avviene senza prenotazione fra le ore 20.00 e le 23.00, in 
ordine di arrivo e con la formazione sul posto di gruppi di 30 persone 
ogni 20 minuti. Ultimo ingresso alla tomba ore 23.00.

Scopri come abbonarti al Museo: sottoscrivi la ETRUCARD e partecipa a tutti i concerti!

Scarica il comunicato stampa",,,,,,,,,http://media.beniculturali.it/mibac/files/boards/60ebf64f6a916e10f02923fcf8499dab/2026/p_schumann_1920x1080_info.jpg
http://dati.beniculturali.it/mibact/eventi/resource/CulturalEvent/48047,Incontri con Schumann,Apertura Straordinaria,"Promu - All For Music e il Museo 
Nazionale Etrusco di Villa Giulia,&nbsp;presentano: Incontri con Schumann, 
dall'8&nbsp;al 13&nbsp;settembre 2026. Sei concerti introdotti da Giulio Barbieri nel magnifico scenario dei giardini di Villa Giulia a Roma.

Primo appuntamento martedì 8&nbsp;settembre con&nbsp;Maurizio Baglini, Luca Ranieri, Alessandro Carbonare

ACQUISTA IL BIGLIETTO&nbsp;

Biglietto: 20 euro (15€ concerto + 5€ ingresso al museo).&nbsp;
I biglietti vanno acquistati separatamente. Al biglietto del museo si 
applicano le riduzioni e le gratuità stabilite dalla normativa vigente, 
oltre alla gratuità per i possessori di ETRUCARD.
Concerto gratuito per under 18, disabili con certificazione e accompagnatori.

PROGRAMMA

Introduzione&nbsp;di Giulio Barbieri, musicologo

Maurizio Baglini (pianoforte), Luca Ranieri (viola), Alessandro Carbonare (clarinetto)

Wolfgang Amadeus Mozart, Trio in mi bemolle maggiore per 
clarinetto, viola e pianoforte ""Kegelstatt-Trio"" (Trio dei birilli), K. 
498
1.&nbsp;&nbsp; &nbsp;Andante&nbsp;
2.&nbsp;&nbsp; &nbsp;Minuetto&nbsp;
3.&nbsp;&nbsp; &nbsp;Rondò

Robert Schumann, Arabeske in do maggiore per pianoforte solo, Op. 18

Robert Schumann, Märchenbilder per viola e pianoforte, Op. 113
1.&nbsp;&nbsp; &nbsp;Nicht schnell
2.&nbsp;&nbsp; &nbsp;Lebhaft
3.&nbsp;&nbsp; &nbsp;Rasch
4.&nbsp;&nbsp; &nbsp;Langsam, mit melancholischem Ausdruck

Stravinski, 3 pezzi per clarinetto solo
1.&nbsp;&nbsp; &nbsp;Sempre piano e molto tranquillo
2.&nbsp;&nbsp; &nbsp;Metronomo = 168
3.&nbsp;&nbsp; &nbsp;Metronomo = 160

Schumann, Märchenerzählungen, Quattro pezzi per clarinetto, viola e pianoforte, op. 132
1.&nbsp;&nbsp; &nbsp;Lebhaft, nicht zu schnell&nbsp;
2.&nbsp;&nbsp; &nbsp;Lebhaft und sehr markirt&nbsp;
3.&nbsp;&nbsp; &nbsp;Ruhiges Tempo, mit zartem Ausdruck&nbsp;
4.&nbsp;&nbsp; &nbsp;Lebhaft, sehr markirt&nbsp;

Inizio concerto ore 20.15, apertura biglietteria ore&nbsp;19.30.


In occasione di queste aperture serali straordinarie, la visita 
alla tomba François avviene senza prenotazione fra le ore 20.00 e le 
23.00. Formazione sul posto dei gruppi, in ordine di arrivo (massimo 30 
persone a gruppo, partenza ogni 20 minuti). Ultimo ingresso alla tomba 
ore 23.00.

Per maggiori informazioni sulla programmazione artistica scrivere all' indirizzo mail:eventi@promu.it
Scopri come abbonarti al Museo: sottoscrivi la ETRUCARD e partecipa a tutti i concerti!",,,,,,,,,http://media.beniculturali.it/mibac/files/boards/60ebf64f6a916e10f02923fcf8499dab/2026/p_schumann_programma_ig-02mod.jpg
http://dati.beniculturali.it/mibact/eventi/resource/CulturalEvent/48052,Serate ad arte  Visita guidata,Visita Guidata,"Giovedì 10 settembre, ore 20Serate ad arteVisita guidata Il percorso sui ritratti della Pinacoteca Nazionale di Bologna mette in evidenza volti e sguardi che raccontano emozioni e società tra Cinquecento e Seicento, offrendo una galleria di presenze vive e intense. Partecipazione gratuita fino a esaurimento dei posti disponibili, con prenotazione obbligatoria all'indirizzomn-bo.urp@cultura.gov.it, specificando i nomi completi dei partecipanti. La prenotazione alla visita permette anche di partecipare all'evento di Membrane Culturali in programma alle 21 della stessa sera.",,,,,,,,,
http://dati.beniculturali.it/mibact/eventi/resource/CulturalEvent/48053,TRA GESTO E MEMORIA:  DIALOGHI DEL PRIMO NOVECENTO,Concerto,"TRA GESTO E MEMORIA:DIALOGHI DEL PRIMO NOVECENTOGiovedì 10 settembre, ore 21 L’Ensemble Accademia Ducale nasce in Basilicata come nucleo artistico e concertistico della Fondazione Accademia Ducale - Centro Studi Musicali. Sotto la direzione artistica di Giuseppe D’Amico, prende parte alle stagioni e aiprogetti della Fondazione, sviluppando programmi che attraversano repertori, organici e linguaggi differenti.La sua natura a geometria variabile fa sì che l’ensemble assuma di volta in volta una diversa fisionomia in relazione al repertorio proposto. Il programma si presenta in una particolare formazione di cinque strumenti - oboe, clarinetto,violino, viola e contrabbasso - un organico insolito, nel quale il colore dei fiati si intreccia con quello degli archi e ogni strumento conserva, al tempo stesso, una forte individualità.Il programma mette a confronto due differenti modi di attraversare il primo Novecento. In Maurice Ravel, le forme e le danze del passato vengono filtrate attraverso una sensibilità moderna: nel Prélude, nel Menuet e nel Rigaudon da Le Tombeau de Couperin la scrittura è limpida, mobile e finemente cesellata, costruita su equilibri, trasparenze e continui mutamenti di colore. L’adattamento di Marco Monitto trasferisce queste pagine nel particolare organico del quintetto, facendo emergere nuove combinazioni tra il respiro dei fiati e la trama degli archi.Con il Quintetto in sol minore op. 39 “Trapèze” di Sergej Prokof’ev il paesaggio sonoro cambia radicalmente. Ritmo, energia, accenti improvvisi e contrasti più marcati danno vita a una musica inquieta e teatrale, nella quale i cinque strumenti sembrano di volta in volta allearsi, contrapporsi e rincorrersi. Alle sonorità più dense si alternano episodi rarefatti, al carattere ironico o spigoloso momenti di sorprendente lirismo.Due scritture profondamente diverse, affidate allo stesso organico, diventano così l’occasione per esplorare le molte possibilità del suono d’insieme: fusione e separazione dei timbri, leggerezza e densità, equilibrio e tensione, in un continuo dialogo tra identità individuali e colore collettivo. Programma Maurice Ravelda Le Tombeau de CouperinPrélude, Menuet e Rigaudonadattamento di Marco Monitto per oboe, clarinetto,violino, viola e contrabbassoSergej Prokof’evQuintetto in sol minore, op. 39 “Trapèze”per oboe, clarinetto, violino, viola e contrabbasso Ensemble Accademia Ducale Maria March Vazquez - OboeErminia Nigro - ClarinettoBrunella Cucumazzo - ViolinoGiuseppe Lo Sasso - ViolaGiuseppe D’Amico - ContrabbassoIngresso gratuito con prenotazione obbligatoria al link: https://www.eventbrite.it/e/membrane-culturali-2026-tickets-1987978089982?aff=oddtdtcreator",,,,,,,,,http://media.beniculturali.it/mibac/files/boards/730e35cd3a672cd50e6cd02512c3c8bb/2026/Laravel%202026_settembre5.jpg
http://dati.beniculturali.it/mibact/eventi/resource/CulturalEvent/48055,Al Museo delle Civiltà domenica 6 settembre ingresso gratuito,Apertura festiva,"Domenicalmuseo | 6 settembreIn occasione dell’iniziativa #DomenicalMuseo, che promuove l’accesso gratuito ai luoghi della cultura su tutto il territorio nazionale, il MUCIV-Museo delle Civiltà invita il pubblico a trascorrere una giornata dedicata alla scoperta e alla conoscenza.Domenica 6 settembre, il MUCIV apre le porte il Palazzo delle Scienze e del Palazzo delle Arti e Tradizioni Popolari, con ingresso gratuito per l’intera giornata.ore 15.00: Dallo scavo al Museo. Visita guidata alle Collezioni PreistoricheVisita per famiglie, a pagamento. Prenotazione obbligatoria+ 18: 7,50 €5-17 anni: 2,50 €0 – 4: partecipazione gratuita1 adulto + 1 bambino: 10,00 €2 adulti + 1 bambino: 15,00 €2 adulti + 2 bambini: 18,00 €Per maggiori informazioni e prenotazioni (entro le ore 13.00 di venerdì 4 settembre):e-mail: didatticamuciv@abintra.itore 17.00: LABORATORIO NEANDERTHAL. Le scoperte di Grotta Guattari. Visita guidata al nuovo spazio espositivo dedicato ai reperti Neanderthal dal sito di Grotta Guattari (promontorio del Circeo – San Felice Circeo, Latina) e alle ricerche in corsoVisita per famiglie, a pagamento. Prenotazione obbligatoria+ 18: 7,50 €5-17 anni: 2,50 €0 – 4: partecipazione gratuita1 adulto + 1 bambino: 10,00 €2 adulti + 1 bambino: 15,00 €2 adulti + 2 bambini: 18,00 €Per maggiori informazioni e prenotazioni (entro le ore 13.00 di venerdì 4 settembre):e-mail: didatticamuciv@abintra.it",,,,,,,,,http://media.beniculturali.it/mibac/files/boards/afc98eda9ab418a84cc5cb12e53fe1a5/Domeniche/Domenicalmuseo_6settembre2026_Card_Template.jpg
http://dati.beniculturali.it/mibact/eventi/resource/CulturalEvent/48056,GEP 2026,evento solo on site,"In occasione delle Giornate Europee del Patrimonio 2026, dedicate al tema “Proteggere il patrimonio. Rinnovare, resistere, reinventare”, il Museo Correale, con un dibattito aperto al pubblico ed un’apertura straordinaria, presenta i risultati finora conseguiti grazie al progetto “Adotta un’opera”. In un tempo in cui la tutela del patrimonio artistico richiede sempre maggiori energie e risorse, la collaborazione tra pubblico e privato sperimentata dal Museo Correale si è rivelata una risorsa preziosa, uno strumento efficace e lungimirante, capace di coniugare sensibilità culturale, responsabilità sociale e senso di appartenenza.Nato con l'intento di coinvolgere singoli cittadini, istituzioni, imprenditori ed associazioni nella conservazione del patrimonio artistico, il progetto di restauro ha saputo generare un fenomeno inatteso e straordinariamente positivo, una vera e propria gara di mecenatismo, nella quale la generosità si è tradotta in un concreto investimento nella tutela del patrimonio culturale del Museo Correale.",,,,,,,,,http://media.beniculturali.it/mibac/files/boards/3d4b62738d2cccfe44a560bc3b687299/GEP%202026/DRMNCAM_Museo%20Correale-01.jpg
http://dati.beniculturali.it/mibact/eventi/resource/CulturalEvent/48057,Museo Archeologico Nazionale di Verona | 6 aprile | DOMENICA AL MUSEO_Copia_Copia_Copia_Copia_Copia_Copia_Copia_Copia_Copia_Copia,Attività Didattica,"6 settembre | SCAVO IN MUSEOIn occasione della prima domenica del mese, il Museo archeologico nazionale offre al visitatore più curioso l’esperienza di un vero scavo archeologico… in museo! Dopo una breve passeggiata nel tempo scopriremo quali strategie gli archeologi usano per individuare giacimenti antichi, e quale è la vita dei reperti prima di arrivare in museo. Con le mani nella terra vivremo un’esperienza unica!  Ore 15.00. Attività per tutte le età.  COSTO: 10€ a persona (comprensivi di visita guidata e attività). Prenotazione obbligatoria scrivendo a museovr@archeologica.it, o chiamando il numero +39 346 5033652   Ore 15.00, prenotazione obbligatoria",,,,,,,,,http://media.beniculturali.it/mibac/files/boards/3866906f1017fc6aa15df7f749c01fec/2024_VERONA/domenicalmuseo_manverona.jpg
http://dati.beniculturali.it/mibact/eventi/resource/CulturalEvent/48058,Museo Archeologico Nazionale di Verona | 6 aprile | DOMENICA AL MUSEO_Copia_Copia_Copia_Copia_Copia_Copia_Copia_Copia_Copia_Copia,Visita Libera,"6 settembre | DOMENICA al MUSEOCome ogni prima domenica del mese vi aspettiamo per il consueto appuntamento con #domenicalmuseo, iniziativa del Ministero della Cultura che consente l’ingresso gratuito, ogni prima domenica del mese, nei musei e nei parchi archeologici statali. 10.00 – 18.00 – ingresso gratuito﻿",,,,,,,,,http://media.beniculturali.it/mibac/files/boards/3866906f1017fc6aa15df7f749c01fec/2025_VERONA/MANVerona_2025_b.jpg
http://dati.beniculturali.it/mibact/eventi/resource/CulturalEvent/48059,Museo Archeologico Nazionale di Verona | 6 aprile | DOMENICA AL MUSEO_Copia_Copia_Copia_Copia_Copia_Copia_Copia_Copia_Copia_Copia_Copia_Copia,Visita Guidata,"WALKING THE MUSEUM | 5 settembre 2026Il MANVerona nella giornata di sabato 1 agosto propone al pubblico 
due visite guidate a partenza fissa, della durata di 40 minuti. 
Approfittatene per scoprire le meraviglie preistoriche del territorio 
veronese! Ore 11.00 e ore 15.00. Visita guidata adatta a tutti e tutte.



Non è necessaria la prenotazione.



COSTO: biglietto d’ingresso 5€ (con eventuali riduzioni di legge) + visita guidata 5€.



INFORMAZIONI



SAP – Società Archeologica, 3465033652; museovr@archeologica.it







 Ore 11.00 e ore 15.00, visite guidate a pagamento﻿",,,,,,,,,http://media.beniculturali.it/mibac/files/boards/3866906f1017fc6aa15df7f749c01fec/2024_VERONA/1_giugno_domenicalmuseo_MANVerona.jpg
http://dati.beniculturali.it/mibact/eventi/resource/CulturalEvent/48060,Museo Archeologico Nazionale di Verona | 6 aprile | DOMENICA AL MUSEO_Copia_Copia_Copia_Copia_Copia_Copia_Copia_Copia_Copia_Copia_Copia,Incontro/presentazione,"2 e 3 settembre | Le Giornate della DidatticaIl Museo Archeologico Nazionale sarà presente anche quest’anno a 헟험 헚헜헢헥헡헔헧험 헗험헟헟헔 헗헜헗헔헧헧헜헖헔, giunte alla XXIV edizione, appuntamento imperdibile per conoscere tutte le proposte formative destinate al mondo della scuola.  Guarda il 헽헿헼헴헿헮헺헺헮 dettagliato dell’evento promosso dal Comune di Verona con il patrocinio dell’Ufficio Scolastico Regionale per il Veneto.헩헶 헮혀헽헲혁혁헶헮헺헼 presso la nostra postazione al 헣헮헹헮혇혇헼 헱헲헹헹헮 헚헿헮헻 헚혂헮헿헱헶헮 per scoprire 헶 헽헲헿헰헼헿혀헶 헱헶헱헮혁혁헶헰헶 헱헲헹 헠헔헡헩헲헿헼헻헮 attivati per l’anno scolastico ퟮퟬퟮ6/ퟮퟬퟮ7.INFORMAZIONI:SAP Società Archeologica: 3465033652 o mail a museovr@archeologica.it ingresso libero﻿",,,,,,,,,http://media.beniculturali.it/mibac/files/boards/3866906f1017fc6aa15df7f749c01fec/2025_VERONA/didattica_MANVERONA.png
http://dati.beniculturali.it/mibact/eventi/resource/CulturalEvent/48061,Museo Archeologico Nazionale di Verona | 6 aprile | DOMENICA AL MUSEO_Copia_Copia_Copia_Copia_Copia_Copia_Copia_Copia_Copia_Copia_Copia,Attività Didattica,"19-20 settenbre | GIOCHI SENZA TEMPO – TOCATÌ WORKSHOPIl MANVR partecipa alla XXIV edizione di TOCATÌ. Festival internazionale dei giochi in strada. Il nostro staff accoglierà i visitatori che potranno cimentarsi, e sfidarsi, in giochi divertenti e prove di abilità lungo il percorso museale. L’attività è gratuita e compresa nel regolare biglietto d’ingresso.Sabato 19, ore 15.00-17.00; Domenica 20, ore 15.00-17.00INFORMAZIONI: tel. 045.591211 o mail a drm-ven.museoverona@cultura.gov.it attività gratuita compresa nel regolare biglietto d’ingressoDurante le giornate di sabato e domenica ospiteremo inoltre un workshop dal titoloLA TRADIZIONE IN PRATICA, a cura di Associazione Giochi Antichi.Per info e modalità di partecipazione, cliccca sul titolo del workshop.Programma:Sabato 19 settembre:Maglione delle Isole Aran – Laboratorio di magliaDocente: Bríd Uí ChonghaileOre 10.00-11.00 – principiantiPausa 11.00-11:30Ore 11.30-12.30 – intermedi/avanzatiLingua gaelicaOre 14.30-15.30 – docente: Kathryn Mullan (insegnamento della lingua sulla base di cantitradizionali in gaelico)Intermezzo di musica e danza 15.30-16.00 con la delegazione irlandeseOre 16.00-17.00 – docenti: musicisti e ballerini della delegazione irlandeseDomenica 20 settembreMaglione delle Isole Aran – Laboratorio di magliaDocente: Bríd Uí ChonghaileOre 10.00-11.00 – principiantiPausa 11.00-11.30Ore 11:30-12:30 – intermedi/avanzatiLingua gaelicaOre 14.30-15.30 – docente: Kathryn Mullan (insegnamento della lingua sulla base di cantitradizionali in gaelico)Intermezzo di musica e danza 15.30-16.00 con Gens d’Ys (compagnia italiana di danze tradizionaliirlandesi, tbc)Ore 16.00-17.00 – docente: Kathryn Mullan (insegnamento della lingua sulla base di canti tradizionaliin gaelico﻿",,,,,,,,,http://media.beniculturali.it/mibac/files/boards/3866906f1017fc6aa15df7f749c01fec/2025_VERONA/workshop_MANVerona_.jpg
http://dati.beniculturali.it/mibact/eventi/resource/CulturalEvent/48062,Museo Archeologico Nazionale di Verona | 6 aprile | DOMENICA AL MUSEO_Copia_Copia_Copia_Copia_Copia_Copia_Copia_Copia_Copia,Visita Guidata,"﻿26 settembre | GIORNATE EUROPEE DEL PATRIMONIOApertura serale straordinariaIl Museo Archeologico Nazionale di Verona, in occasione delle Giornate Europee del Patrimonio 2026, vi aspetta sabato 26 settembre per un’apertura serale straordinaria dalle ore 18.00 alle ore 21.30, con visite guidate gratuite al museo (alle 18.30 e alle 20.00), a cura dello staff.Ingresso al prezzo simbolico di 1€. Per le visite guidate è gradita la prenotazione.Informazioni e Prenotazioni: tel. 045.591211 o mail a drm-ven.museoverona@cultura.gov.it sabato 26, apertura serale straordinaria (18.30 – 21.30) con ingresso a 1€",,,,,,,,,http://media.beniculturali.it/mibac/files/boards/3866906f1017fc6aa15df7f749c01fec/MANVE%201%20Facciata%20principale%20ManVerona.jpg
http://dati.beniculturali.it/mibact/eventi/resource/CulturalEvent/48064,Museo Archeologico Nazionale di Verona | 6 aprile | DOMENICA AL MUSEO_Copia_Copia_Copia_Copia_Copia_Copia_Copia_Copia_Copia_Copia_Copia,Attività Didattica,"﻿25 settembre | PRIMI PASSI NELLA STORIAVenerdì 25 settembre al MANVerona vi aspettiamo per Primi Passi nella Storia, il primo incontro di una nuova avventura museale per famiglie!Un appuntamento mensile gratuito dedicato ai bimbi e bimbe da 3 a 6 anni e ai loro affetti pensato per socializzare, scoprire, giocare, ascoltare, ridere, sperimentare…Un’ora tra letture animate “preistoriche”, chiacchiere e attività da svolgere insieme, piccoli e grandi, nella cornice delle sale del Museo Archeologico Nazionale di Verona.Attività gratuita. Biglietto bimbi gratuito, biglietto adulti 5€ salvo riduzioni e gratuità di legge.INFORMAZIONI E ISCRIZIONI045.591211; drm-ven.museoverona@cultura.gov.it 16.30, attività gratuità con prenotazione obbligatoria",,,,,,,,,http://media.beniculturali.it/mibac/files/boards/3866906f1017fc6aa15df7f749c01fec/2024_VERONA/MANVERONA_SCUOLE_PRIMARIE.PNG
http://dati.beniculturali.it/mibact/eventi/resource/CulturalEvent/48065,Nuovo percorso audio teatralizzato “Per lasciar fama e dilettar l’ingegno”. Casa Vasari raccontata dai suoi protagonisti,Altro,"Domenica 6 settembre, in occasione della prima domenica del mese a ingresso gratuito, il&nbsp; pubblico potrà immergersi nell’atmosfera accogliente e domestica di Casa Vasari con il nuovo percorso audio teatralizzato “Per lasciar fama e dilettar l’ingegno” Casa Vasari raccontata dai suoi protagonisti, durante un’intera giornata dalle 8:30 alle 13:30 e dalle 14:00 alle 18:00 con un’apertura straordinaria pomeridiana.“Per lasciar fama e dilettar l’ingegno” cita un verso tratto da un componimento dello stesso Vasari (Ms Riccardiano 2948, c. 11r.) che riassume l’intento programmatico del complesso impianto iconografico della dimora aretina dell’artista, manifesto della sua concezione dell’arte e della vita.Chi visita oggi Casa Vasari non può fare a meno di chiedersi: com’era la casa al tempo di Giorgio Vasari? Chi si incontrava fra queste stanze? Il percorso audio teatralizzato prova a immaginare una risposta a queste domande, animando le sale della Casa riportando in vita i protagonisti che le hanno abitate.Accolti come ospiti&nbsp; i visitatori potranno così ascoltare le narrazioni in viva voce e in prima persona di Giorgio Vasari /Rosario Ruggiero Terrone, di sua moglie Niccolosa Bacci/ Maria Iside Frisciae e dell’amico Don Vincenzo Borghini / Emanuele Baglioni mentre attraverseranno le stanze della dimora per una nuova visione di Casa Vasari coinvolgente, alternativa e complementare ai supporti didattici e informativi già presenti nel museo.Il percorso audio sarà disponibile gratuitamente su izi.TRAVEL, la piattaforma gratuita per la creazione e la fruizione di audioguide per musei, gallerie e tour turistici e sulla app scaricabile sul proprio dispositivo dal QRcode posizionato all’inizio del percorso di visita.Le sei tracce audio, una per ogni sala del museo, sono corredate di immagini, che rendono più agevole l’identificazione degli elementi decorativi all’interno delle sale, e della trascrizione testuale, con un breve glossario per favorire l’accessibilità dei contenuti.Il percorso audio è stato realizzato dalla Direzione regionale Musei nazionali Toscana nell’ambito dei progetti di miglioramento dei servizi culturali promossi dal Ministero della Cultura, volti ad ampliare e arricchire l’offerta culturale dei luoghi della cultura pubblici.Pensato come ausilio alla visita del museo, “Per lasciar fama e dilettar l’ingegno” amplia il ricco corredo di contenuti audiovisivi che sono parte integrante dell’esperienza di visita di Casa Vasari, come il video introduttivo Giorgio Vasari si racconta. Ritratto dell’artista aretino attraverso le vicende della sua dimora e QRdreria, serie di sei video-approfondimenti su altrettante opere della quadreria, offrendo un ulteriore strumento per una fruizione più agile e contemporanea del patrimonio culturale.",,,,,,,,,"http://media.beniculturali.it/mibac/files/boards/bec8803f226b6c1f1d4be3ed98d36b8e/DRM-TOSCANA/Arezzo%20(AR)%20-%20Museo%20di%20Casa%20Vasari,%20interno..jpg"
http://dati.beniculturali.it/mibact/eventi/resource/CulturalEvent/48067,Concerto “ARMONIE D'OPERETTA TRA GLI AFFRESCHI DI SAN BIAGIO DI BAVER”,Concerto,"﻿Concerto “Armonie d'operetta tra gli affreschi di San Biagio di Baver” Domenica 27 settembre 2026, ore 16:00 Il concerto “Armonie d'operetta tra gli affreschi di San Biagio di Baver” si tiene nell’antica chiesa di San Biagio che presenta un importante ciclo di affreschi del tardo Quattrocento, restaurato nel 2023 grazie ad un bando PNRR. La leggerezza di arie famose della tradizione dell’Operetta riporta in luce una fase della storia millenaria di questo edificio sacro quando, durante la Grande Guerra, era stato usato come sala da ballo dagli ufficiali austroungarici che si erano stanziati nella vicina villa veneta.Nel concerto, un soprano e un tenore, accompagnati dal pianoforte, ci faranno riscoprire un inedito pezzo di storia del nostro territorio, attraverso un repertorio musicale vivace, capace di far vibrare di nuova vita un luogo senza tempo dove ancora una volta storia, arte e musica si intrecciano.Orario apertura: 15.30Orario chiusura: 18.00Orario ultimo ingresso: 15.55L'evento è gratuito. Concerto al piano terra con presenza di pedana di accesso per persone con difficoltà motorie. Il parcheggio si trova sul piazzale antistante alla chiesa.",,,,,,,,,http://media.beniculturali.it/mibac/files/boards/3866906f1017fc6aa15df7f749c01fec/Affreschi_della_Chiesa_di_San_Biagio.jpg
http://dati.beniculturali.it/mibact/eventi/resource/CulturalEvent/48068,Dai Capodiferro agli Spada: architettura e illusione_Copia_Copia_Copia_Copia_Copia_Copia_Copia_Copia_Copia_Copia_Copia,Apertura Straordinaria,"Un giorno in più per conoscere una delle più
importanti collezioni barocche di Roma: la Galleria Spada propone una serie di
aperture pomeridiane straordinarie di martedì, giorno di chiusura settimanale
del museo.

Collocata appena dietro Piazza Farnese e Campo de’
Fiori, la Galleria espone celebri capolavori di Guido Reni, Guercino, Orazio e
Artemisia Gentileschi, assieme a un’ampia rassegna di opere che testimoniano la
diffusione dello stile caravaggesco e di quello classicista lungo il corso del Seicento.
I dipinti, ancora appesi “a tutta parete” come in una quadreria antica,
costituiscono tutti assieme una delle pagine più raffinate del collezionismo
romano in epoca barocca.

La visita si conclude nel Giardino
Segreto, dove si trova la più stupefacente illusione di epoca barocca, la
cosiddetta “Prospettiva” di Francesco Borromini.

Sarà possibile visitare la Galleria Spada martedì 1
settembre dalle ore 16.30 alle ore 19.30 (ultimo ingresso ore 19.00).",,,,,,,,,http://media.beniculturali.it/mibac/files/boards/8625b9078df5f65c4a2885c9f6f467d2/galleria%20spada%20podestà.jpg
http://dati.beniculturali.it/mibact/eventi/resource/CulturalEvent/48069,Tematiche ambientali e archivi: dal passato uno sguardo sul futuro,Convegno/conferenza,"A margine dell'apertura straordinaria dell'Archivio di Stato di Firenze nel weekend delle Giornate Europee del Patrimonio, la mattina di sabato 26 si terrà il convegno“Tematiche ambientali e archivi: dal passato uno sguardo sul futuro”, presso l'Auditorium dell’Istituto.Dalle ore 10 alle 13,30 si alterneranno interventi e presentazioni sul tema della sostenibilità, a ideale completamento della mostra ""Storia e storie di sostenibilità"", che ha accompagnato l'estate dell'Archivio, e che si conclude proprio con questo fine settimana di apertura straordinaria.Introduzione e saluti a cura di Paola d'Orsi, direttrice dell'Archivio di Stato di Firenze e di Dieter Schlenker, direttore degli Archivi storici europei.Interventi diCristina Tani, in qualità di curatrice della mostra per l''Archivio di Stato;Jacopo Cellini, curatore della mostra per gli Archivi storici europei;Donato Pasculli, direttore dell'Archivio di Stato di Lecce, con l'archivista Maria Romana Caforio;Leonardo Rombai;il sindaco di San Godenzo, Emanuele Piani;Francesco Pratesi di Italia Nostra;Roberto Carotenuto, documentarista, che presenterà il video dal titolo 'La difesa dei boschi sacri'.Ingresso libero e gratuito.",,,,,,,,,http://media.beniculturali.it/mibac/files/boards/4b12a7e4b11c385df5703ad75d8c5809/ASFi_7_Auditorium.JPG
http://dati.beniculturali.it/mibact/eventi/resource/CulturalEvent/48070,L'arte che custodisci,Mostra,"Un giorno, una squadra con i più abili illusionisti al mondo fece sparire diversi capolavori dalle città italiane. Da allora, anche alcune delle opere di Vittorio Veneto sembrano svanite nel nulla. Finché non verranno recuperate, l'unico modo per non dimenticarle è continuare a raccontarle.Attraverso schede didattiche, strumenti d'indagine e la creazione di una mappa concettuale, i bambini e le bambine impareranno a riconoscere e descrivere in modo semplice le meraviglie scomparse che fanno parte del patrimonio storico e artistico del nostro territorio. Il percorso tematico sarà un’occasione importante per riflettere sulla fragilità del patrimonio culturale in un mondo in continuo cambiamento.26 Settembre 2026Ore 16.30Visita guidata interattiva con l’utilizzo di schede didattiche e mappe concettuali.Evento rivolto a famiglie e bambini- età compresa tra i 6 e gli 11 anni Orario di apertura del Museo del Cenedese e Oratorio dei Battuti: Dal 1° ottobre al 31 maggiovenerdì, sabato, domenica e festivi dalle ore 10.00 alle ore 12.00 e dalle ore 15.00 alle 17.00. Dal 1° giugno al 30 settembre venerdì, sabato, domenica e festivi dalle ore 10.00 alle ore 12.00 e dalle ore 16.00 alle 18.00. Chiuso il 1° gennaio, Pasqua, 25 e 26 dicembre",,,,,,,,,
http://dati.beniculturali.it/mibact/eventi/resource/CulturalEvent/48071,Giornate Europee del Patrimonio,Incontro/presentazione,"Sabato 26 settembre alle ore 17 Debora Piroli, Direttrice dell'Archivio di Stato di Brescia, dialoga con Giovanni Spinelli, autore del libro Dopo l'esodo: da profughi, a cittadini.Domenica 27 settembre ore 17 Corinna Desole, Funzionaria archivista dell'Archivio di Stato di Brescia, dialoga con Guido Dalla Volta, autore del libro Vite da ariani.Sabato e domenica dalle ore 15 alle ore 17 sarà inoltre possibile la visita guidata all'archivio e alla mostra per gli 80 anni della Repubblica.",,,,,,,,,http://media.beniculturali.it/mibac/files/boards/154afe1cd46fcd932b507bc5f218026f/laravel_salastudio.jpg
http://dati.beniculturali.it/mibact/eventi/resource/CulturalEvent/48072,“Lectura Dantis” con Giampiero Mancini,Spettacolo Teatrale,"Spettacolo dal vivo consistente nella
rappresentazione della ""Lectura Dantis”.
Protagonista dello spettacolo sarà
Giampiero Mancini - attore, regista e actor coach di fama internazionale - affiancato
dai talenti della compagnia S.M.O. Village di Pescara: le voci di Emanuela Di
Nicola e Giulia Pellicciaro, il performer Gianmarco Camplone e le evoluzioni
della danzatrice Alessandra Odoardi. La regia propone un’esperienza immersiva e
multidisciplinare che fa dialogare recitazione, vocalità e danza, integrandosi
con le architetture storiche nel pieno rispetto e nella tutela del contesto monumentale.



L’iniziativa nasce con un forte rigore
scientifico per rendere omaggio alla profonda connessione tra la poesia di
Dante Alighieri e la corte di Federico II di Svevia. Come attesta lo stesso
Dante nel De vulgari eloquentia, fu proprio nell'alveo culturale federiciano
che la lingua volgare mosse i suoi primi passi con la Scuola Siciliana, ponendo
le basi per la successiva fioritura della Divina Commedia. Portare la parola
dantesca nel Castello Normanno-Svevo di Gioia del Colle rappresenta un vero e
proprio atto di restituzione culturale per il territorio.L’ingresso al monumento è gratuito. I biglietti per lo spettacolo sono in prevendita online sulla piattaforma DICE: https://link.dice.fm/Y3df6af0bbaePer informazioni: associazionevibrazioni.info@gmail.com",,,,,,,,,
http://dati.beniculturali.it/mibact/eventi/resource/CulturalEvent/48073,Incontri con Schumann,Apertura Straordinaria,"Promu - All For Music e il Museo Nazionale Etrusco di Villa 
Giulia,&nbsp;presentano: Incontri con Schumann, dall'8&nbsp;al 13&nbsp;settembre 2026&nbsp;sei concerti introdotti da Giulio Barbieri nel magnifico scenario dei giardini di Villa Giulia a Roma

Primo appuntamento mercoledì 9 settembre con&nbsp;Enrico Bronzi e Martina Consonni

ACQUISTA IL BIGLIETTO&nbsp;

Biglietto: 20 euro (15€ concerto + 5€ ingresso al museo).&nbsp;
I biglietti vanno acquistati separatamente. Al biglietto del museo si 
applicano le riduzioni e le gratuità stabilite dalla normativa vigente, 
oltre alla gratuità per i possessori di ETRUCARD.
Concerto gratuito per under 18, disabili con certificazione e accompagnatori.

PROGRAMMA

Introduzione&nbsp;di Giulio Barbieri, musicologo

Enrico Bronzi (violoncello) e Martina Consonni (pianoforte)

Robert Schumann, Phantasiestücke per violoncello e pianoforte, op. 73
1.&nbsp;&nbsp; &nbsp;Zart und mit Ausdruck&nbsp;
2.&nbsp;&nbsp; &nbsp;Lebhaft, leicht&nbsp;
3.&nbsp;&nbsp; &nbsp;Rasch, mit Feuer&nbsp;

Robert Schumann, Adagio e Allegro in la bemolle maggiore per violoncello e pianoforte, op. 70
1.&nbsp;&nbsp; &nbsp;Adagio. Langsam, mit innigem Ausdruck&nbsp;
2.&nbsp;&nbsp; &nbsp;Allegro. Rasch und feurig. Etwas ruhigert. Tempo I

Robert Schumann, dai Phantasiestücke per pianoforte, op. 12
1.&nbsp;&nbsp; &nbsp;Des Abends
2.&nbsp;&nbsp; &nbsp;In der Nacht&nbsp;
3.&nbsp;&nbsp; &nbsp;Grillen
4.&nbsp;&nbsp; &nbsp;Traumes Wirren
5.&nbsp;&nbsp; &nbsp;Aufschwung

Robert Schumann, Fünf Stücke im Volkston per violoncello e pianoforte, op. 102
1.&nbsp;&nbsp; &nbsp;Mit humor
2.&nbsp;&nbsp; &nbsp;Langsam&nbsp;
3.&nbsp;&nbsp; &nbsp;Nicht schnell, mit viel Ton zu spielen
4.&nbsp;&nbsp; &nbsp;Nicht zu rasch&nbsp;
5.&nbsp;&nbsp; &nbsp;Stark and markirt&nbsp;

Inizio concerto ore 20.15, apertura biglietteria ore&nbsp;19.30.

In occasione di queste aperture 
serali straordinarie, la visita alla tomba François avviene senza 
prenotazione fra le ore 20.00 e le 23.00. Formazione sul posto dei 
gruppi, in ordine di arrivo (massimo 30 persone a gruppo, partenza ogni 
20 minuti). Ultimo ingresso alla tomba ore 23.00.

Per maggiori informazioni sulla programmazione artistica scrivere all'indirizzo mail:eventi@promu.it
Scopri come abbonarti al Museo: sottoscrivi la ETRU CARD e partecipa a tutti i concerti!",,,,,,,,,http://media.beniculturali.it/mibac/files/boards/60ebf64f6a916e10f02923fcf8499dab/2026/p_schumann_programma_ig-03mod.jpg
http://dati.beniculturali.it/mibact/eventi/resource/CulturalEvent/48074,Incontri con Schumann,Apertura Straordinaria,"Promu - All For Music e il Museo Nazionale Etrusco di Villa 
Giulia,&nbsp;presentano: Incontri con Schumann, dall'8&nbsp;al 13&nbsp;settembre 2026&nbsp;sei concerti introdotti da Giulio Barbieri nel magnifico scenario dei giardini di Villa Giulia a Roma

Terzo appuntamento giovedì 10&nbsp;settembre con il Quartetto Prometeo

ACQUISTA IL BIGLIETTO

Biglietto: 20 euro (15€ concerto + 5€ ingresso al museo).&nbsp;
I biglietti vanno acquistati separatamente. Al biglietto del museo si 
applicano le riduzioni e le gratuità stabilite dalla normativa vigente, 
oltre alla gratuità per i possessori di ETRUCARD.
Concerto gratuito per under 18, disabili con certificazione e accompagnatori.

PROGRAMMA

Introduzione&nbsp;di Giulio Barbieri, musicologo

Mirei Yamada, Aldo Campagnari (violini);&nbsp;Danusha Waskiewicz (viola),&nbsp;Francesco Dillon&nbsp;(violoncello)

Robert Schumann, Quartetto per archi n. 1 in La minore, Op. 41 n. 1
1.&nbsp;&nbsp; &nbsp;Introduzione: Andante espressivo - Allegro
2.&nbsp;&nbsp; &nbsp;Scherzo. Presto - Intermezzo - Presto
3.&nbsp;&nbsp; &nbsp;Adagio
4.&nbsp;&nbsp; &nbsp;Presto - Moderato

Jean Sibelius, Quartetto per archi in re minore “Voces intimæ”
1.&nbsp;&nbsp; &nbsp;Andante – Allegro molto moderato
2.&nbsp;&nbsp; &nbsp;Vivace
3.&nbsp;&nbsp; &nbsp;Adagio di molto
4.&nbsp;&nbsp; &nbsp;Allegretto (ma pesante)
5.&nbsp;&nbsp; &nbsp;Allegro
&nbsp;

Inizio concerto ore 20.15, apertura biglietteria ore&nbsp;19.30.&nbsp;

In occasione di queste aperture serali straordinarie, la 
visita alla tomba François avviene senza prenotazione fra le ore 20.00 e
 le 23.00. Formazione sul posto dei gruppi, in ordine di arrivo (massimo
 30 persone a gruppo, partenza ogni 20 minuti). Ultimo ingresso alla 
tomba ore 23.00.

Per maggiori informazioni sulla programmazione artistica scrivere all' indirizzo mail:eventi@promu.it
Scopri come abbonarti al Museo: sottoscrivi la ETRU CARD e partecipa a tutti i concerti!",,,,,,,,,http://media.beniculturali.it/mibac/files/boards/60ebf64f6a916e10f02923fcf8499dab/2026/p_schumann_programma_ig-04-mod.jpg
http://dati.beniculturali.it/mibact/eventi/resource/CulturalEvent/48075,Incontri con Schumann,Apertura Straordinaria,"Promu - All For Music e il Museo 
Nazionale Etrusco di Villa Giulia,&nbsp;presentano: Incontri con Schumann, 
dall'8&nbsp;al 13&nbsp;settembre 2026&nbsp;sei concerti introdotti da Giulio Barbieri nel magnifico scenario dei giardini di Villa Giulia a Roma

Quarto&nbsp;appuntamento venerdi 11&nbsp;settembre con&nbsp;il Trio Johannes

ACQUISTA IL BIGLIETTO

Biglietto: 20 euro (15€ concerto + 5€ ingresso al museo).&nbsp;
I biglietti vanno acquistati separatamente. Al biglietto del museo si 
applicano le riduzioni e le gratuità stabilite dalla normativa vigente, 
oltre alla gratuità per i possessori di ETRUCARD.
Concerto gratuito per under 18, disabili con certificazione e accompagnatori.

PROGRAMMA

Introduzione&nbsp;di Giulio Barbieri, musicologo

Francesco Manara (violino); Massimo Polidori (violoncello); Claudio Voghera (pianoforte)

Robert Schumann, Trio n. 1 in re minore per violino, violoncello e pianoforte, op. 63
1.&nbsp;&nbsp; &nbsp;Mit Energie und Leidenschaft&nbsp;
2.&nbsp;&nbsp; &nbsp;Lebhaft, doch nicht zu rasch. Trio
3.&nbsp;&nbsp; &nbsp;Langsam, mit inniger Empfindung. Bewegter&nbsp;
4.&nbsp;&nbsp; &nbsp;Mit Feuer&nbsp;

Johannes Brahms, Trio n. 3 in do minore per violino, violoncello e pianoforte, op. 101
1.&nbsp;&nbsp; &nbsp;Allegro energico&nbsp;
2.&nbsp;&nbsp; &nbsp;Presto non assai&nbsp;
3.&nbsp;&nbsp; &nbsp;Andante grazioso&nbsp;
4.&nbsp;&nbsp; &nbsp;Allegro molto&nbsp;

&nbsp;

Inizio concerto ore 20.15, apertura biglietteria ore&nbsp;19.30.


In occasione di queste aperture serali straordinarie, la visita 
alla tomba François avviene senza prenotazione fra le ore 20.00 e le 
23.00. Formazione sul posto dei gruppi, in ordine di arrivo (massimo 30 
persone a gruppo, partenza ogni 20 minuti). Ultimo ingresso alla tomba 
ore 23.00.

Per maggiori informazioni sulla programmazione artistica scrivere&nbsp;all' indirizzo mail:eventi@promu.itScopri come abbonarti al Museo: sottoscrivi la ETRU CARD e partecipa a tutti i concerti!",,,,,,,,,
http://dati.beniculturali.it/mibact/eventi/resource/CulturalEvent/48076,"METAMORFOSI CAMPANE. Teatro, mito e storia nei musei della Campania - ""NESSUNO""",Spettacolo Teatrale,"Venerdì 4
settembre 2026, alle ore 18:00,
presso il Museo archeologico della Penisola Sorrentina ""Georges
Vallet""
di Piano di Sorrento, andrà in scena NESSUNO di
Pako Ioffredo, nell'ambito della rassegna diffusa di spettacolo dal
vivo ""METAMORFOSI
CAMPANE""
che, dal 4 settembre al 17 ottobre 2026, animerà sei luoghi della
cultura della Direzione regionale Musei nazionali Campania tra le
province di Napoli e Caserta. Il progetto è realizzato con il
sostegno della Direzione generale Spettacolo del Ministero della
Cultura, nell’ambito delle iniziative dedicate alla valorizzazione
dello spettacolo dal vivo negli istituti e nei luoghi della cultura
statali.

La pièce teatrale prende le mosse
dall'espediente narrativo di Ulisse che, per sottrarsi al Ciclope,
sceglie di chiamarsi ""Nessuno"". Da quel gesto nasce una
riflessione sull'identità, sull'invisibilità e sul bisogno di
resistere in un tempo che misura il valore delle persone attraverso
la visibilità, il successo e il potere. Il protagonista è, a
seconda dei momenti, ""Nessuno"" agli occhi degli
indifferenti e ""Nessuno"" per scelta, come forma di difesa.
Attraversa il mare sterminato e apparentemente infecondo della
propria coscienza, dove memoria, mito e presente si intrecciano in un
continuo viaggio interiore. Affiorano così racconti di
peregrinazioni, storie attraversate dall'ossessione della fama, del
consenso e dell'affermazione personale, accanto alle vicende di eroi
anonimi che danno voce alle proprie frustrazioni e alla propria
rabbia. In 70 minuti, lo spettacolo attraversa tempi e linguaggi,
alternando scene ispirate alla tradizione teatrale napoletana e al
mito a momenti di intensa poesia contemporanea. Ne scaturisce un
flusso narrativo continuo, in cui il protagonista riconosce nel
proprio esilio interiore il riflesso di una realtà sempre più
grottesca, trasformando il viaggio personale in una riflessione
universale sulla condizione umana.

NESSUNO di Pako Ioffredo, con Pako
Ioffredo, Fabio Rossi, Ingrid Sansone, musiche in scena di Fabio
Renzullo e Marco di Palo, una produzione Ente Teatro Cronaca in
collaborazione con Cantiere Teatrale Flegreo, Compagnie Mia
(Francia).

Sarà possibile assistere allo
spettacolo, itinerante negli spazi del Museo archeologico della
Penisola Sorrentina e nel giardino di Villa Fondi de Sangro,
acquistando il biglietto di ingresso al museo dedicato all'evento
""Metamorfosi Campane"" sull'app Musei Italiani. Posti
limitati (max 70 spettatori).",,,,,,,,,http://media.beniculturali.it/mibac/files/boards/3d4b62738d2cccfe44a560bc3b687299/Museo%20archeologico%20territoriale%20della%20Penisola%20sorrentina%20Georges%20Vallet/DRMN_CAM_Vallet_Metamorfosi_banner.png
http://dati.beniculturali.it/mibact/eventi/resource/CulturalEvent/48077,Forme dell’arte buddhista. Opere della donazione Finzi Guetta al Museo d’Arte Orientale_Copia_Copia_Copia_Copia_Copia_Copia_Copia_Copia_Copia_Copia_Copia_Copia_Copia_Copia_Copia_Copia_Copia,Incontro/presentazione,"Venerdì 4 settembre 2026, ore 16.00

Byōbu, paraventi giapponesi. Studio e valorizzazione del patrimonio museale attraverso un applicativo digitale

Dal 4 settembre 2026 sarà disponibile in Museo una nuova applicazione digitale, fruibile da touch screen, che consentirà di esplorare i paraventi della collezione abitualmente conservati in deposito. Alle ore 16 i visitatori saranno accompagnati da Irene Cazzaro alla scoperta della applicazione e da Sara Visani che illustrerà due paraventi con scene di battaglia esposti per l’occasione in sala 4. Introdurranno la visita il prof. Antonio Calandriello dell’Università IUAV e la direttrice Marta Boscolo Marchi. Il progetto è stato promosso e sostenuto dalla Fondazione Scuola del Patrimonio e delle attività culturali, soggetto attuatore del sub investimento 1.1.6 “Formazione e miglioramento delle competenze digitali” - nella comunicazione pubblica “Dicolab. Cultura al digitale” - del PNRR Cultura 4.0 (PNRR - M1C3 – Strategie e piattaforme digitali per il patrimonio culturale) per la programmazione, lo sviluppo e l’erogazione di iniziative formative, divulgative, informative e di ricerca, in modalità online e in presenza, volte a sostenere la transizione digitale nel settore culturale. L’Università IUAV di Venezia – Dipartimento di Culture del progetto con il Museo d’Arte Orientale ha progettato e realizzato una applicazione digitale fruibile da touchscreen, che consente al visitatore di conoscere i paraventi giapponesi, abitualmente conservati nei depositi. 

Ingresso gratuito su invito, fino esaurimento posti disponibili. Tel: 041-5241173",,,,,,,,,http://media.beniculturali.it/mibac/files/boards/3866906f1017fc6aa15df7f749c01fec/2026_MAOVE/2026.09/MAOVE%20banner%204-9.png
http://dati.beniculturali.it/mibact/eventi/resource/CulturalEvent/48078,#domenicalmuseo - Domenica 1 dicembre 2024_Copia_Copia_Copia_Copia_Copia_Copia_Copia_Copia_Copia_Copia_Copia_Copia_Copia_Copia_Copia_Copia_Copia_Copia_Copia,Apertura Straordinaria,"Domenica 6 settembre la Galleria dell’Accademia di Firenze, il Museo Nazionale del Bargello, il Museo delle Cappelle Medicee, il Museo di Palazzo Davanzati e il Complesso di Orsanmichele apriranno gratuitamente al pubblico in occasione della #domenicalmuseo, l’iniziativa del Ministero della Cultura che ogni prima domenica del mese promuove l’accesso libero ai musei e ai parchi archeologici statali.In occasione della #domenicalmuseo non sarà possibile effettuare prenotazioni.",,,,,,,,,http://media.beniculturali.it/mibac/files/boards/d5332d6106dca85048e349e6300a6107/MAPPA%20MUSEI%20DEL%20BARGELLO.jpeg
http://dati.beniculturali.it/mibact/eventi/resource/CulturalEvent/48079,"METAMORFOSI CAMPANE. Teatro, mito e storia nei musei della Campania",Spettacolo Teatrale,"La Direzione regionale Musei nazionali Campania presenta METAMORFOSI CAMPANE, una rassegna diffusa di spettacolo dal vivo che, dal 4 settembre al 17 ottobre 2026, animerà sei luoghi della cultura tra le province di Napoli e Caserta.Il progetto, realizzato con il sostegno della Direzione generale Spettacolo del Ministero della Cultura, nell'ambito delle iniziative dedicate alla valorizzazione dello spettacolo dal vivo negli istituti e nei luoghi della cultura statali, intende favorire l'incontro tra la produzione artistica contemporanea e il patrimonio storico, archeologico e architettonico, ampliando le occasioni di partecipazione culturale e avvicinando nuovi pubblici ai musei statali.METAMORFOSI CAMPANE nasce dall'idea del patrimonio culturale come organismo vivo, capace di rinnovarsi attraverso i linguaggi della scena. Musei, parchi archeologici e monumenti non costituiscono semplici cornici, ma diventano protagonisti delle rappresentazioni: ogni spettacolo è concepito in relazione alla storia, all'identità e alle suggestioni del luogo che lo ospita. Mito, memoria, tradizioni popolari e temi del presente si intrecciano così in un'esperienza culturale coinvolgente, capace di offrire al pubblico occasioni di intrattenimento e, al tempo stesso, di riflessione su questioni ancora oggi attuali.La rassegna disegna un itinerario attraverso musei e siti archeologici della rete museale della Direzione regionale accomunati dalla capacità di raccontare, attraverso il proprio patrimonio, le molteplici identità culturali della Campania. Gli spettacoli, ideati secondo un approccio site-responsive, instaurano un dialogo tra le stratificazioni del passato e i linguaggi del teatro, della performance e della scena multidisciplinare contemporanea, valorizzando l'identità di ciascun luogo.Il progetto si avvale della collaborazione di alcune tra le più autorevoli realtà della scena teatrale campana e nazionale – Ente Teatro Cronaca, Vesuvioteatro e Teatro Stabile delle Arti Medioevali – che, anche grazie al coinvolgimento di autori, registi e interpreti italiani e internazionali, propongono produzioni capaci di coniugare drammaturgia contemporanea, rilettura del mito, ricerca performativa e valorizzazione del patrimonio culturale. Ne nasce un dialogo diretto tra artisti, pubblico e luoghi della cultura, attraverso spettacoli ideati o adattati in funzione delle specificità storiche e simboliche dei musei e dei siti archeologici coinvolti.Con METAMORFOSI CAMPANE, la Direzione regionale Musei nazionali Campania propone una modalità diffusa, inclusiva e sostenibile di fruizione del patrimonio culturale. Il dialogo tra produzioni teatrali, istituzioni e territori trasforma lo spettacolo dal vivo in uno strumento di conoscenza e partecipazione, capace di riattivare i luoghi della memoria e di offrire nuove chiavi di lettura della storia e dell'identità culturale della Campania.Il programma si apre venerdì 4 settembre, alle ore 18.00, al Museo archeologico della Penisola Sorrentina ""Georges Vallet"" con Nessuno, scritto e interpretato da Pako Ioffredo: un viaggio ispirato alla figura di Ulisse che affronta i temi dell'identità, dell'invisibilità e della resistenza alle logiche contemporanee dell'apparenza e del successo.Il 5 settembre all'Anfiteatro Campano, il 12 settembre al Museo archeologico nazionale di Sessa Aurunca e il 26 settembre al Parco delle Tombe di Virgilio e Leopardi, nell'ambito delle Giornate Europee del Patrimonio, andrà in scena Progetto Cuccagna di Gian Maria Cervo, Charis Pechlivanidis e Pablo Girolami. Tra teatro, documentario, mito e performance, lo spettacolo ripercorre le forme di intrattenimento e di manipolazione collettiva che, dai giochi gladiatori alle feste popolari, hanno attraversato la storia di Napoli.Il Museo storico archeologico di Nola ospiterà il 20 settembre Raccontami una tavola, con la regia di Claudio Di Palma. Attraverso testi di Anton Čechov, Charles Lamb, Jack London ed Edgar Allan Poe, il cibo e il vino diventano strumenti per raccontare desideri, sconfitte e relazioni umane.Il 26 settembre, sempre nell'ambito delle Giornate Europee del Patrimonio, il Museo archeologico nazionale di Calatia presenterà Favorite e Favoriti, tre drammaturgie al femminile dedicate ai rapporti tra amore, desiderio e potere nella storia del Regno di Napoli. La rassegna si concluderà nello stesso museo il 17 ottobre con la prima nazionale di Di Vie e di Amanti, drammaturgia e regia di Matteo Bertolotti, che mette in relazione il tema della viabilità antica con le questioni dell'amore, dell'identità e delle relazioni di genere.Gli spettacoli sono compresi nel biglietto di ingresso ai musei, informazioni e modalità di partecipazione sono disponibili nel programma della rassegna.PROGRAMMA:Museo archeologico della Penisola Sorrentina ""Georges Vallet""4 settembre 2026, ore 18:00NESSUNOdi Pako Ioffredocon Pako Ioffredo, Fabio Rossi, Ingrid Sansonemusiche in scena Fabio Renzullo, Marco di Paloproduzione Ente Teatro Cronacain collaborazione con Cantiere Teatrale Flegreo, Compagnie Mia (Francia)Il punto di partenza è l'espediente narrativo di Ulisse che, per sottrarsi al Ciclope, sceglie di  chiamarsi ""Nessuno"". Da quel gesto nasce una riflessione sull'identità, sull'invisibilità e sul bisogno di resistere in un tempo che misura il valore delle persone attraverso la visibilità, il successo e il potere. Il protagonista è, a seconda dei momenti, ""Nessuno"" agli occhi degli indifferenti e ""Nessuno"" per scelta, come forma di difesa. Attraversa il mare sterminato e apparentemente infecondo della propria coscienza, dove memoria, mito e presente si intrecciano in un continuo viaggio interiore. Affiorano così racconti di peregrinazioni, storie attraversate dall'ossessione della fama, del consenso e dell'affermazione personale, accanto alle vicende di eroi anonimi che danno voce alle proprie frustrazioni e alla propria rabbia. Figure marginali, invisibili, ma capaci di custodire una forma di resistenza silenziosa. Essere ""Nessuno"" diventa allora una condizione esistenziale prima ancora che una sconfitta: un modo di sottrarsi alle logiche dell'apparenza per ritrovare un'identità autentica. Antieroi per vocazione, questi personaggi dimostrano che è possibile lasciare un segno anche senza medaglie, applausi o riconoscimenti pubblici. Nessuno è un viaggio dentro l'intima costruzione del sé, una riflessione sul nostro tempo e sullalotta quotidiana contro i giganti contemporanei - l'indifferenza, il conformismo, il culto  dell'immagine - nella ricerca ostinata della propria Itaca, quel luogo reale o simbolico in cui poter finalmente riconoscersi. In 70 minuti, lo spettacolo attraversa tempi e linguaggi, alternando scene ispirate alla tradizione teatrale napoletana e al mito a momenti di intensa poesia contemporanea. Ne scaturisce un flusso narrativo continuo, in cui il protagonista riconosce nel proprio esilio interiore il riflesso di una realtà sempre più grottesca, trasformando il viaggio personale in una riflessione universale sulla condizione umana. Itaca è lontana. Quando approderemo?Info e contatti: Via Ripa di Cassano, Piano di Sorrento (Na), +39 081 8087078, drm-cam.georgevallet@cultura.gov.itBiglietti: posti limitati (max 70 spettatori), i biglietti si acquistano online su https://www.museiitaliani.it/acquista-bigliettoAnfiteatro Campano5 settembre 2026, ore 18:00PROGETTO CUCCAGNAdi Gian Maria Cervo, Charis Pechlivanidis e Pablo Girolamicon Charis Pechlivanidis, Annalisa Arbolino, Eugenio Castaldo, Antonio Ciorfito, Graziano Purgante e Giovanni Schiavoco-produzione Teatro Stabile delle Arti Medioevali con NoveTeatro e House of IvonaTra teatro-documentario e riscoperta del mito, “Progetto Cuccagna” prende le mosse dalla leggenda medievale che attribuisce al poeta Virgilio l’istituzione dei giochi gladiatori a Napoli, attraverso la creazione magica di un'arena di combattenti invulnerabili e immortali. Una narrazione che, nei secoli, giustificò lo spargimento di sangue di tanti giovani napoletani nei violenti ludi di Carbonara, nell’area dove oggi sorge la Chiesa della Pietatella, protrattisi fino al XIV secolo. Da questo episodio prende avvio un percorso scenico che ripercorre le diverse forme di manipolazione del consenso esercitate dal potere, attraverso il principio del panem et circenses,  mostrando come spettacolo, propaganda e controllo sociale abbiano attraversato la storia della città.Lo spettacolo si fonda sugli studi di importanti artisti e antropologi napoletani e nasce dall'incontro di tre autorevoli personalità della scena contemporanea: il drammaturgo Gian Maria Cervo, autore rappresentato nei principali teatri europei e internazionali; Charis Pechlivanidis, attore, regista, coreografo e ricercatore teatrale greco, collaboratore del National Theatre of Northern Greece; e Pablo Girolami, coreografo italo-svizzero premiato dalla Biennale Danza di Venezia diretta da Wayne McGregor. Dalla loro collaborazione prende forma un'esperienza immersiva dal carattere inedito.Info e contatti: Piazza I Ottobre, Santa Maria Capua Vetere (Ce), drm-cam.museoanticacapua@cultura.gov.itBiglietti: posti limitati (max 70 spettatori), i biglietti si acquistano online su https://www.museiitaliani.it/acquista-bigliettoMuseo archeologico nazionale di Sessa Aurunca12 settembre 2026, ore 11:00 PROGETTO CUCCAGNAdi Gian Maria Cervo, Charis Pechlivanidis e Pablo Girolamicon Charis Pechlivanidis, Annalisa Arbolino, Eugenio Castaldo, Antonio Ciorfito, Graziano Purgante e Giovanni Schiavoco-produzione Teatro Stabile delle Arti Medioevali con NoveTeatro e House of IvonaTra teatro-documentario e riscoperta del mito, “Progetto Cuccagna” prende le mosse dalla leggenda medievale che attribuisce al poeta Virgilio l’istituzione dei giochi gladiatori a Napoli, attraverso la creazione magica di un'arena di combattenti invulnerabili e immortali. Una narrazione che, nei secoli, giustificò lo spargimento di sangue di tanti giovani napoletani nei violenti ludi di Carbonara, nell’area dove oggi sorge la Chiesa della Pietatella, protrattisi fino al XIV secolo. Da questo episodio prende avvio un percorso scenico che ripercorre le diverse forme di manipolazione del consenso esercitate dal potere, attraverso il principio del panem et circenses,  mostrando come spettacolo, propaganda e controllo sociale abbiano attraversato la storia della città.Lo spettacolo si fonda sugli studi di importanti artisti e antropologi napoletani e nasce dall'incontro di tre autorevoli personalità della scena contemporanea: il drammaturgo Gian Maria Cervo, autore rappresentato nei principali teatri europei e internazionali; Charis Pechlivanidis, attore, regista, coreografo e ricercatore teatrale greco, collaboratore del National Theatre of Northern Greece; e Pablo Girolami, coreografo italo-svizzero premiato dalla Biennale Danza di Venezia diretta da Wayne McGregor. Dalla loro collaborazione prende forma un'esperienza immersiva dal carattere inedito.Info e contatti: Piazza Castello, 2 Sessa Aurunca (Ce), +39 0823 936455, drm-cam.sessa@cultura.gov.itBiglietti: posti limitati (max 70 spettatori), i biglietti si acquistano online su https://www.museiitaliani.it/acquista-bigliettoMuseo storico archeologico di Nola 20 settembre 2026, ore 17:30RACCONTAMI UNA TAVOLAda Anton Cechov, Charles Lamb, Jack London, Edgar Allan Poecon Carlo Caracciolo, Renato De Simone, Sara Missaglia, Domenico Mocciaregia di Claudio Di Palmaproduzione Casa del ContemporaneoSiedono idealmente intorno ad una tavola imbandita Cechov, Lamb, London e Poe. Le loro parole, traslate da personaggi imparentati strettamente con quelli delle scritture originali, restituiscono cibo e vino come segni emblematici di desideri corteggiati, risolti o già mancati. Un ragazzo allucinato e povero, un cuoco “filosofo”, una spietata vendicatrice ed un pugile sconfitto celebrano, dalle loro diverse prospettive, le virtù e le ambiguità dei nostri pasti quotidiani.Uno spettacolo che celebra il piacere della tavola come spazio universale di racconto, capace di unire epoche, paesi e sensibilità diverse attorno a un gesto antico quanto necessario: sedersi insieme e ascoltare una storia.Info e contatti: Via Senatore Cocozza, 2 (Na), +39 081 5127184, drm-cam.nola@cultura.gov.itBiglietti: posti limitati (max 70 spettatori), i biglietti si acquistano online su https://www.museiitaliani.it/acquista-bigliettoParco delle Tombe di Virgilio e Leopardi26 settembre 2026, ore 18:00 nell'ambito dell'apertura straordinaria  per le Giornate Europee del Patrimonio 2026PROGETTO CUCCAGNAdi Gian Maria Cervo, Charis Pechlivanidis e Pablo Girolamicon Charis Pechlivanidis, Annalisa Arbolino, Eugenio Castaldo, Antonio Ciorfito, Graziano Purgante e Giovanni Schiavoco-produzione Teatro Stabile delle Arti Medioevali con NoveTeatro e House of IvonaTra teatro-documentario e riscoperta del mito, “Progetto Cuccagna” prende le mosse dalla leggenda medievale che attribuisce al poeta Virgilio l’istituzione dei giochi gladiatori a Napoli, attraverso la creazione magica di un'arena di combattenti invulnerabili e immortali. Una narrazione che, nei secoli, giustificò lo spargimento di sangue di tanti giovani napoletani nei violenti ludi di Carbonara, nell’area dove oggi sorge la Chiesa della Pietatella, protrattisi fino al XIV secolo. Da questo episodio prende avvio un percorso scenico che ripercorre le diverse forme di manipolazione del consenso esercitate dal potere, attraverso il principio del panem et circenses,  mostrando come spettacolo, propaganda e controllo sociale abbiano attraversato la storia della città.Lo spettacolo si fonda sugli studi di importanti artisti e antropologi napoletani e nasce dall'incontro di tre autorevoli personalità della scena contemporanea: il drammaturgo Gian Maria Cervo, autore rappresentato nei principali teatri europei e internazionali; Charis Pechlivanidis, attore, regista, coreografo e ricercatore teatrale greco, collaboratore del National Theatre of Northern Greece; e Pablo Girolami, coreografo italo-svizzero premiato dalla Biennale Danza di Venezia diretta da Wayne McGregor. Dalla loro collaborazione prende forma un'esperienza immersiva dal carattere inedito.Info e contatti: Salita della Grotta, 20 Napoli, +39 081 669390, drm-cam.tombadivirgilio@cultura.gov.itBiglietti: ingresso gratuito, prenotazione obbligatoria a ufficiostampaquartieridellarte@gmail.com (posti limitati, max 70 spettatori)Museo archeologico nazionale di Calatia26 settembre 2026, ore 18:00nell'ambito dell'apertura straordinaria delle Giornate Europee del Patrimonio FAVORITE E FAVORITIdi Elisabetta D’Acunzo, Anna Marchitelli, Sara Sole Notarbartolocon Chiara Baffi, Viviana Curcio, Federica Sandriniregia Claudio Di Palma produzione Ente Teatro CronacaLe storie del regno di Napoli, come d’altronde quelle di ogni corte reale, sono abitate da figure ambigue: le favorite ed i favoriti. Sia i Re che le Regine si circondavano dei loro servizi, dalla pura condivisione di interessi formali fino a stretti e duraturi rapporti d’amore. Nell’ampio panorama possibile, l’attenzione delle autrici si è soffermata su Zenobia Revertera, favorita di Maria Amalia di Sassonia, Lucrezia D’Alagno, favorita ed amante di Alfonso V d’Aragona, sui numerosi ed occasionali amanti di Giovanna II di Napoli e su Lucia Migliaccio, favorita e moglie morganatica di Ferdinando IV di Borbone. Perversioni, vizi, ma anche sentimenti profondi restituiti da quattro drammaturgie al femminile in cui si delineano varianti e devianze delle forme dell’amore e del potere.Info e contatti: Via Caudina, 353 Maddaloni (Ce), +39 0823 200065, drm-cam.maddaloni@cultura.gov.itBiglietti: posti limitati (max 70 spettatori), i biglietti si acquistano online su https://www.museiitaliani.it/acquista-bigliettoMuseo archeologico nazionale di Calatia17 ottobre 2026, ore 18:00 DI VIE E DI AMANTIdrammaturgia e regia di Matteo Bertolottiproduzione Teatro Stabile delle Arti MedioevaliPresentato in prima nazionale, lo spettacolo del giovane drammaturgo Matteo Bertolotti propone una riflessione sul rapporto tra la viabilità e i temi dell'amore, dell'identità e delle relazioni di genere, ispirandosi alla sezione del Museo dedicata agli itinerari dell'antichità.Info e contatti: Via Caudina, 353 Maddaloni (Ce), +39 0823 200065, drm-cam.maddaloni@cultura.gov.itBiglietti: posti limitati (max 70 spettatori), i biglietti si acquistano online su https://www.museiitaliani.it/acquista-biglietto",,,,,,,,,http://media.beniculturali.it/mibac/files/boards/3d4b62738d2cccfe44a560bc3b687299/Metamorfosi%20campane/DRMNCAM_Metamorfosi%20campane_banner.png
http://dati.beniculturali.it/mibact/eventi/resource/CulturalEvent/48080,Giornate Europee del Patrimonio 2026,Visita Guidata,"Una visita guidata alla scoperta di Cesa (CE) e delle Alberate, le tipiche viti maritate ai pioppi che raggiungono l’eccezionale altezza di 20 metri, per conoscere la storia e le tecniche della Vendemmia eroica, una pratica agricola tradizionale che resiste da secoli, come traccia indelebile delle civiltà mediterranee più antiche, per la produzione del vino Asprinio, ancora conservato nelle grotte tufacee che caratterizzano il paesaggio locale.La Viticoltura eroica dell’Alberata aversana è iscritta nell’Inventario del Patrimonio Culturale Immateriale della Regione Campania (IPIC) e nel Registro Nazionale dei Paesaggi Rurali del MASAF.La comunità patrimoniale di Cesa è coadiuvata scientificamente dal gruppo d ilavoro Rete Faro del CNR-ISPC.Programma:•	Asprinum Museum Art•	Chiesa Maria Ss Del Rosario•	Tour delle Alberate e tecniche della vendemmia: lo “scalillo” e la “fescina”•	Chiesa San Cesario•	Grotte TufaceeIl percorso inizierà alle ore 10.30 con durata di circa 2 ore e 30 minuti. Si consiglia abbigliamento e calzature comode– percorso con presenza di scale.",,,,,,,,,http://media.beniculturali.it/mibac/files/boards/3d4b62738d2cccfe44a560bc3b687299/GEP%202026/DRMNCAM_Comune%20Cesa_Fescina%20e%20scalillo.jpeg
http://dati.beniculturali.it/mibact/eventi/resource/CulturalEvent/48081,"CUBO e la cura del patrimonio. Rinnovare ciò che evolve, custodire ciò che conta, valorizzare ciò che ispira.   Visite guidate tra mostre e valorizzazione del patrimonio.",Visita Guidata,"CUBO e la cura del patrimonio. Rinnovare ciò che evolve, custodire ciò che conta, valorizzare ciò che ispira.   Visite guidate tra mostre e valorizzazione del patrimonio.I percorsi espositivi di CUBO valorizzano il patrimonio culturale come organismo vivo, capace di trasformarsi e dialogare con il presente. Nella sede di Porta Europa a Bologna, la mostra “Nessi storici” custodisce il valore del passato, restituendo memoria, identità e permanenza. Nella sede di Milano, la mostra del patrimonio “Sliding” si rinnova attraverso un progetto che interpreta il cambiamento come movimento naturale, fluido, generativo. In Torre Unipol a Bologna, le opere del patrimonio incontrano gli sguardi degli artisti contemporanei nella mostra “Organico fantastico”, aprendo un dialogo fertile tra epoche, linguaggi e visioni. Un itinerario che unisce radici, trasformazione e futuro, invitando il pubblico a esplorare la cultura come esperienza in evoluzione.",,,,,,,,,http://media.beniculturali.it/mibac/files/boards/0cdb6bb111e95298dcca90809b275370/GEP%202026/Organico%20fantastico%20-%20CUBO%20in%20Torre%20Unipol_piccola.jpg
http://dati.beniculturali.it/mibact/eventi/resource/CulturalEvent/48082,"CUBO e la cura del patrimonio. Custodire ciò che conta, rinnovare ciò che evolve, valorizzare ciò che ispira.",evento solo on site,"CUBO e la cura del patrimonio. Custodire ciò che conta, rinnovare ciò che evolve, valorizzare ciò che ispira.I percorsi espositivi di CUBO valorizzano il patrimonio culturale come organismo vivo, capace di trasformarsi e dialogare con il presente. Nella sede di Porta Europa a Bologna, la mostra “Nessi storici” custodisce il valore del passato, restituendo memoria, identità e permanenza. Nella sede di Milano, la mostra del patrimonio “Sliding” si rinnova attraverso un progetto che interpreta il cambiamento come movimento naturale, fluido, generativo. In Torre Unipol a Bologna, le opere del patrimonio incontrano gli sguardi degli artisti contemporanei nella mostra “Organico fantastico”, aprendo un dialogo fertile tra epoche, linguaggi e visioni. Un itinerario che unisce radici, trasformazione e futuro, invitando il pubblico a esplorare la cultura come esperienza in evoluzione.",,,,,,,,,http://media.beniculturali.it/mibac/files/boards/0cdb6bb111e95298dcca90809b275370/GEP%202026/Nessi%20storici%20-%20CUBO%20in%20Porta%20Europa_piccola.jpg
http://dati.beniculturali.it/mibact/eventi/resource/CulturalEvent/48083,"La Soprintendenza Abap per le province di Caserta e Benevento organizza visite guidate gratuite all'Abbazia di San Salvatore Telesino: un viaggio nella storia tra archeologia, memoria e valorizzazione",Apertura Straordinaria,"Un’opportunità rara per riscoprire uno dei luoghi più affascinanti del patrimonio culturale del Sannio. Sabato 12 e domenica 13 settembre 2026 la Soprintendenza Archeologia, Belle Arti e Paesaggio per le province di Caserta e Benevento aprirà al pubblico l’Abbazia di San Salvatore Telesino, offrendo ai visitatori la possibilità di conoscere da vicino un complesso monumentale di straordinario valore storico e archeologico. L’iniziativa gratuita rientra nel Piano di Valorizzazione 2026 del Ministero della Cultura, che promuove l’apertura gratuita di siti generalmente limitatamente accessibili, con l’obiettivo di ampliare la fruizione del patrimonio culturale e restituire visibilità a luoghi meno conosciuti ma fondamentali per comprendere la storia e l’identità dei territori. In un tempo in cui gran parte della conoscenza passa attraverso gli strumenti digitali, l’esperienza diretta del patrimonio conserva un valore insostituibile. Camminare tra le testimonianze del passato vuol dire trasformare la visita in un’occasione di scoperta, partecipazione e consapevolezza, creando un legame autentico tra i cittadini e i luoghi della cultura.

L’iniziativa, promossa dalla Soprintendenza Abap per le province di Caserta e Benevento, prevede il seguente calendario di apertura:

Sabato 12 settembre 2026: dalle ore 17.00 alle 21.00;
Domenica 13 settembre 2026: dalle ore 9.00 alle 13.00.
Il Soprintendente Mariano Nuzzo ha dichiarato: “Aprire le porte dell’Abbazia di San Salvatore Telesino è un messaggio di condivisione con la comunità di un luogo che custodisce secoli di storia, spiritualità e identità. La valorizzazione del patrimonio non può limitarsi alla conservazione: deve tradursi nella possibilità concreta di vivere questi luoghi, di conoscerli e di riconoscerli come parte della nostra memoria collettiva. Ogni apertura straordinaria rappresenta un investimento culturale sul territorio, perché crea consapevolezza, rafforza il senso di appartenenza e rende il patrimonio un bene realmente condiviso”.

Le visite guidate a cura del personale Sabap si svolgeranno nel pieno rispetto delle prescrizioni previste dalla Soprintendenza per la tutela del complesso monumentale e della normativa vigente in materia di sicurezza, offrendo ai partecipanti un percorso di approfondimento dedicato alla storia, all’archeologia e al valore culturale dell’Abbazia di San Salvatore Telesino, con il contributo del funzionario archeologo Andrea Martelli.Grafica Francesco Balletta",,,,,,,,,http://media.beniculturali.it/mibac/files/boards/649d577dfde502534e670781c72a1b66/2026/SABAP-CE-E-BN_APERTURE-STRAORDINARIE-12-E-13-SETTEMBRE-A-SAN-SALVATORE-TELESINI.-GRAFICA-FRANCESCO-BALLETTA_page-0001.jpg
http://dati.beniculturali.it/mibact/eventi/resource/CulturalEvent/48084,Giornate Europee del Patrimonio – Cesena 2026,evento solo on site,"Giornate Europee del Patrimonio – Cesena 2026: Biblioteca Malatestiana, Cantiere archeologico di Diegaro, Casa Museo Renato Serra, Cimitero Monumentale e Storico, Museo dell’Ecologia, Pinacoteca, Rifugio Antiaereo, Rocca Malatestiana, Villa Silvia Carducci, Galleria del Ridotto.26/9 dalle 10 alle 23; 27/9 dalle 10 alle 19.30. Ogni sito coinvolto effettuerà orari specifici all’interno di queste fasce orarie. Si consiglia di consultare il programma dettagliato on line.Il Comune di Cesena propone aperture straordinarie dei più importanti siti di interesse storico-artistico per proporre ai visitatori una passeggiata culturale in più tappe, ispirata al tema “Proteggere il patrimonio. Rinnovare, resistere, reinventare”. Saranno proposte visite gratuite alla Biblioteca Malatestiana Antica, alla Casa Museo Renato Serra, Rifugio Antiaereo, Museo dell’Ecologia, Galleria del Ridotto, Rocca Malatestiana, Villa Silvia Carducci e  al Cimitero Monumentale e Storico. La Soprintendenza ABP per le province di RA, FC e RN, aprirà ai visitatori il cantiere archeologico di Diegaro e introdurrà in Pinacoteca il restauro a porte aperte dell’opera “Ritratto di giovane musico”, attribuito alla bottega di Bartolomeo Passerotti.Il programma dettagliato delle singole iniziative è in via di perfezionamento e sarà consultabile sul sito istituzionale dell’ente alla pagina:https://sititematici.comune.cesena.fc.it/flex/cm/pages/ServeBLOB.php/L/IT/IDPagina/55970",,,,,,,,,http://media.beniculturali.it/mibac/files/boards/0cdb6bb111e95298dcca90809b275370/GEP%202023/1_biblioteca_malatestiana.jpg
http://dati.beniculturali.it/mibact/eventi/resource/CulturalEvent/48085,"Miti, romance e scrittura creativa: Game of Gods - Laboratorio didattico - 01 settembre 2026 - Musei archeologico nazionale della Sibaritide",Attività Didattica,"Miti, romance e scrittura creativa: Game of Gods - Laboratorio didatticoMartedì 01 settembre, alle ore 18:00, presso il Museo archeologico nazionale della Sibaritide, un incontro di lettura e dibattito sulla celebre serie letteraria Game of Gods di Hazel Riley, posseduta dalla biblioteca popolare del Museo.Il laboratorio è dedicato a ragazze e ragazzi, per rileggere miti e divinità attraverso il linguaggio della narrativa contemporanea e della scrittura creativa. Fascia di età consigliata 14-17 anni.Laboratorio compreso nel costo del biglietto d'ingessoPrenotazione obbligatoriaInfo e prenotazioniTel. 337 1603495; pa-sibari.didattica@cultura.gov.it",,,,,,,,,http://media.beniculturali.it/mibac/files/boards/459fc684ca7182e301ed86b9a5c3721b/2026/ORGHIA_1%20SETTEMBRE.jpg
http://dati.beniculturali.it/mibact/eventi/resource/CulturalEvent/48086,"UDINE, Palazzo Clabassi | giovedì 3 settembre, h 20.00 - Concerto ""L’ETÀ DEI BENANDANTI. Viaggio nel Friuli del XVI e XVII secolo""",Concerto,"COMUNICATO
STAMPA







GIOVEDÌ
3 SETTEMBRE 2026
ore
20.00




Palazzo
Clabassi
Via
Zanon, 22 - Udine




  




CONCERTO
L’ETÀ
DEI BENANDANTI
Viaggio
nel Friuli del XVI e XVII secolo



liberamente
tratto da “I
Benandanti”
di Carlo Ginzburg
...io
sonno Benandante perché vò con li altri a
combattere
quattro volte l'anno, cioè nelle quatro
tempora,
di notte, invisibilmente con lo spirito,
perché
resta lo corpo in suo letto...



Ingresso
libero fino a esaurimento posti






Giovedì
3 settembre a
partire dalle
ore 20.00 si
terrà nel
Cortile storico
di Palazzo Clabassi, sede della Soprintendenza ABAP FVG a Udine, il
concerto
“L’età
dei Benandanti. Viaggio nel Friuli del XVI e XVII secolo”,
organizzato dalla Camerata
Strumentale Italiana.
In
caso di maltempo il concerto si terrà all’interno del Palazzo.



Il
concerto è aperto al pubblico e gratuito (posti limitati, ingresso
libero fino a esaurimento posti).
La
Camerata Strumentale Italiana
è un’orchestra da camera costituita da un gruppo di musicisti
riunitisi nel 1991, che inizialmente ha finalizzato l’attività
alla promozione e divulgazione del repertorio cameratistico del XX
secolo, con l’intento di valorizzare anche autori italiani e
contemporanei.



*
* *



PROGRAMMA



Direttore:
Fabrizio Ficiur



L’Inquisitore:
Maurizio Zacchigna
Il
Benandante: Ennio Ficiur



Quintetto
della Camerata Strumentale Italiana
violini:
Elia Vigolo – Anna Savitska Biasutti      

viola:
Rachele Castellano
violoncello:
Nicolò Bernes
contrabbasso:
Luigi Cimarosti



arpa:
Paola Gregoric






LOCANDINA",,,,,,,,,
http://dati.beniculturali.it/mibact/eventi/resource/CulturalEvent/48087,Miti ed eroi dell’Olimpo: la saga di Percy Jackson - Laboratorio didattico - 03 settembre 2026 - Museo archeologico nazionale della Sibaritide,Attività Didattica,"Miti ed eroi dell'Olimpo: Percy Jackson - Laboratorio didatticoGiovedì 3 settembre, alle ore 18:00, presso il Museo archeologico nazionale della Sibaritide, un laboratorio incentrato sugli dei, eroi e avventure del mondo antico, attraverso una delle saghe a sfondo mitologico più conosciute dalle nuove generazioni, per avvicinarsi alla mitologia attraverso un linguaggio contemporaneo. Fascia di età consigliata 11-13 anni.Laboratorio compreso nel costo del biglietto d'ingessoPrenotazione obbligatoriaInfo e prenotazioniTel. 337 1603495; pa-sibari.didattica@cultura.gov.it",,,,,,,,,http://media.beniculturali.it/mibac/files/boards/459fc684ca7182e301ed86b9a5c3721b/2026/ORGHIA_3%20SETTEMBRE.jpg
http://dati.beniculturali.it/mibact/eventi/resource/CulturalEvent/48088,FORTUNA IN MUSICA 2026,Concerto,"Dal Santuario della Fortuna Primigenia di Palestrina al Parco archeologico di Gabii: il festival dei Musei e Parchi archeologici di Praeneste e Gabii raddoppia i luoghi della sua offerta e inaugura il nuovo Teatro campestre nel Parco archeologico.Il 6, l'11 e il 12 settembre Fortuna in Musica propone tre appuntamenti tra Palestrina e Gabii con:Clara Graziano & Circo Diatonico Simone Prattico - Oriundo QuartetJavier Girotto & Aires TangoIl festival, nato dal legame profondo con il Santuario della Fortuna Primigenia di Palestrina, quest’anno amplia il proprio percorso fino a Gabii, creando una connessione ideale tra due straordinari luoghi del Lazio antico, accomunati da una storia millenaria e da un patrimonio culturale di eccezionale valore. Per la prima volta il Parco archeologico di Gabii accoglie una rassegna musicale e si apre al pubblico attraverso la realizzazione di un suggestivo Teatro campestre, struttura appositamente progettata da Cactus art e dal collettivo GRRIZ, per ospitare spettacoli dal vivo in dialogo con il paesaggio, la storia e la memoria archeologica del luogo.PROGRAMMA*6 settembre 2026, ore 19:30 a Palestrina: la cavea teatrale del Santuario, monumentale accesso al Museo archeologico nazionale Prenestino accoglierà il Circo Diatonico – Acrobazie, ritmo ed emozioni dello spettacolo viaggiante, progetto dell’organettista campana Clara Graziano.*11 settembre, ore 19:30 il festival si sposterà al Parco archeologico di Gabii, dove il Teatro campestre ospiterà il concerto del Simone Prattico - Oriundo Quartet, guidato dal batterista e compositore Simone Prattico.*12 settembre, ore 19:30, il concerto di Javier Girotto & Aires Tango, protagonisti del progetto 30, con cui celebrano trent’anni di attività artistica, al Teatro campestre del Parco archeologico di Gabii.Cancelli aperti a partire dalle 19:00",,,,,,,,,http://media.beniculturali.it/mibac/files/boards/7fb8d04a1185a99c2ef392f693139836/FB%20COVER.png.png
http://dati.beniculturali.it/mibact/eventi/resource/CulturalEvent/48089,Giornate Europee del Patrimonio 2026,Visita Guidata,"La villa, scavata  nel 2005 , presenta un impianto quadrangolare preceduto da un cortile con portico su pilastri. Il rinvenimento di un torcularium e di una cella vinaria, consente di ipotizzare che l'edificio fosse un centro di produzione di vino dell’area flegrea.",,,,,,,,,http://media.beniculturali.it/mibac/files/boards/3d4b62738d2cccfe44a560bc3b687299/GEP%202026/DRMNCAM_Gruppo%20archeologico%20Campi%20Flegrei.JPG
http://dati.beniculturali.it/mibact/eventi/resource/CulturalEvent/48090,Giornate Europee del Patrimonio 2026,Apertura Straordinaria,"Il Museo Civico Archeologico di Bisaccia aderisce alle Giornate Europee del Patrimonio 2026 con l’apertura straordinaria serale di sabato 26 settembre e con il percorso libero tematico «Proteggere la memoria. Dalla terra alla vetrina». Nelle sale del Castello Ducale il visitatore potrà seguire idealmente il viaggio dei reperti dalla scoperta nella necropoli di Cimitero Vecchio alla tutela, alla conservazione e all’esposizione museale. I pannelli didattici e una scheda introduttiva accompagneranno la visita autonoma, richiamando il tema GEP 2026 «Proteggere il patrimonio. Rinnovare, resistere, reinventare» e il valore della trasmissione della memoria alle generazioni future. Sabato il Museo prolungherà l’apertura fino alle ore 22.00.",,,,,,,,,http://media.beniculturali.it/mibac/files/boards/3d4b62738d2cccfe44a560bc3b687299/GEP%202026/DRMNCAM_Museo%20archeologico%20Bisaccia_Sala_Bailo_Modesti.png
http://dati.beniculturali.it/mibact/eventi/resource/CulturalEvent/48091,Settembre 2026 ad Altino,evento solo on site,"Cara visitatrice, caro visitatore,

a settembre, il Parco archeologico di
Altino apre:

·       dal martedì al sabato dalle 8:00 alle
19:00

·       la domenica e festivi dalle 14:00 alle 19:00 

·       sabato 26 settembre dalle 8:00 alle 22:00

·       domenica 27 settembre dalle 10:00 alle 19:00

La prenotazione è obbligatoria per le
scuole e i gruppi. Per prenotare si prega di scrivere all’indirizzo man-ve-lag.didattica@cultura.gov.it.

 

Da non perdere

 

Per tutte e tutti:

 

·       domenica 6 settembre, dalle
10:00 alle 19:00, Apertura Straordinaria, in occasione  della #domenicalmuseo, il Parco sarà
aperto con ingresso gratuito per la prima domenica del mese;

·       giovedì 17 settembre, alle 15:30, #Novità,Doc? Indagare il sottosuolo
con la Geofisica: dal dato al modello 3DIncontro con Rita Deiana, professoressa
e ingegnera, Dipartimento dei Beni Culturali dell’Università degli studi di
Padova, conferenza gratuita per gli abbonati, inclusa nel biglietto d’ingresso per gli altri, su
prenotazione;

·       sabato 26 settembre, dalle 8:00 alle 22:00, Apertura straordinaria,
in occasione delle Giornate europee del Patrimonio il Parco sarà aperto fino
alle 22:00, ingresso a 1 euro dalle 19:00. Alle 20:00, Antichi rinnovamenti.
La Risiera: magazzino, caserma, museo, visita accompagnata gratuita per gli
abbonati, inclusa nel biglietto d’ingresso per gli altri, su prenotazione;

·       domenica 27 settembre, dalle 10:00 alle 19:00, Apertura
straordinaria, in occasione delle Giornate europee del Patrimonio il Parco
sarà aperto con orario prolungato. Alle 10:30, Antichi rinnovamenti. La
nuova Altino antica, visita accompagnata gratuita per
gli abbonati, inclusa nel biglietto d’ingresso per gli altri, a cura dello
staff del Parco, su prenotazione.

 

Fuori Museo:

·      
5
maggio-22 novembre 2026, Amoako Boafo – It’s Doesn’t Have To Always Make Sense,
prima mostra
personale dell’artista ghanese Amoako Boafo in Italia. L’esposozione è prodotta
da Gagosian e organizzata in collaborazione con il Museo di Palazzo Grimani,
Venezia.

·      
6
marzo-29 settembre 2026, Etruschi e Veneti. Acque, culti e santuari, l’esposizione prende l’avvio
dal tema del sacro nel mondo etrusco per analizzare le molteplici declinazioni
e manifestazioni del culto legato alle acque, Museo di Palazzo Ducale, Venezia 

 

IMPORTANTE

Richiedi AltinoEdu! Tutte le proposte
didattiche convenzionate con il Parco archeologico. Per riceverlo: man-ve-lag.didattica@cultura.gov.it

L'abbonamento annuale #Altino365 è
disponibile a soli 15 €! Oltre agli ingressi illimitati al Parco
archeologico di Altino, sarà possibile ricevere gli inviti per eventi esclusivi
dedicati.

Il biglietto
d’ingresso e l’abbonamento sono ora acquistabili
anche tramite app Musei Italiani

Seguite il Parco archeologico di
Altino sulle pagine Facebook e Instagram
@parcoarcheologicoaltino per conoscere tutte le novità in
arrivo! 

 

Lo staff",,,,,,,,,http://media.beniculturali.it/mibac/files/boards/ed7d22490a255307e497167bbda83a55/Parco%20Altino/Settembre2026/ALTINO%20INTESTAZIONE%20SETTEMBRE2026.jpg
http://dati.beniculturali.it/mibact/eventi/resource/CulturalEvent/48096,Edu Day 2026: 3 settembre 2026,evento solo on site,"Gentile
Docente, ritorna Edu Day, l’appuntamento che mira a mettere in diretto contatto
Scuole, Istituzioni Culturali e Servizi per la Cultura del Veneto. 

Il museo
rappresenta il luogo dell’incontro con la cultura; uno scrigno che contiene il
passato e il futuro, la tradizione e l’innovazione e che favorisce
l’apprendimento multidisciplinare. 

 

L’iniziativa,
alla sua ottava edizione, nasce dall’idea di una rete di oltre 35 istituzioni
culturali e museali che operano in Veneto con l’obiettivo di venire incontro
alle esigenze del mondo della scuola. 

L’edizione
2026 di Edu Day si terrà il prossimo 3 settembre dalle ore 14 alle 18
nel Chiostro M9 e al Centro Culturale Candiani. 

Sarà un
pomeriggio dedicato all’incontro tra le istituzioni culturali e museali e gli
insegnanti delle scuole dell’infanzia, primarie, secondarie i I e II grado. In
questa occasione i docenti potranno avere una panoramica esaustiva sui programmi
educativi proposti da musei, centri espositivi, biblioteche, fondazioni e
servizi per la cultura della regione. 

 

La
partecipazione è gratuita e senza prenotazione. 

 

Anche quest'anno l’edizione si
arricchisce di un ulteriore appuntamento dedicato alla formazione docenti,
in collaborazione con Minotauro – Istituto di Analisi dei Codici Affettivi, e in collaborazione con Rete Biblioteche Venezia - Piano
Triennale di intervento in materia di politiche giovanili Prendo Spazio - DGR
n. 66/2025 -DDR n. 36/2025. Piano di intervento ""Trame urbane: storie a
colori di città in movimento” Ente titolare del Piano Comune di Venezia - ATS
VEN_12 Progetto ""Officina delle Competenze"" Ente titolare di progetto
Comune di Venezia, la formazione è dedicata a tutti gli ordini scolastici.

 

Scuola e famiglia, alleanze possibili

Nuovi modelli educativi e ruoli genitoriali: strumenti e
laboratori per costruire una comunità educante

 

Temi della formazione sanno il
cambiamento dei modelli educativi e dei ruoli genitoriali e la relazione scuola-famiglia oggi.

Al termine dell’incontro verranno presentati dei
laboratori dedicati ai ragazzi e informazioni utili all'accesso.

 

Verrà rilasciato un attestato di
partecipazione per le/gli insegnanti.

 

La formazione
si terrà al quarto piano del Centro Culturale Candiani dalle ore 17.00 alle ore
19.00, è prevista la prenotazione obbligatoria fino ad esaurimento posti,
compilando il seguente forms: 


https://forms.gle/sM3RfGRRpGffkQLy9

 

Edu Day 2026
coinvolge alcune tra le più importanti istituzioni culturali presenti sul
territorio, testimoniando la volontà di fare rete per costruire una didattica
sempre più d’eccellenza: 

 

Collezione
Peggy Guggenheim, Comune di Venezia - Settore Cultura – Candiani, Settore
Cultura – Teatri, Settore Servizi Educativi e Biblioteche e Area Coesione
Sociale – Servizio Attività Strategiche, Direzione Regionale Musei Veneto -
DRMV, Distretto Veneziano della ricerca e dell’innovazione - DVRI, EcoMuseo
Lazzaretti Veneziani, Fablab Venezia - Education, FAI - Negozio Olivetti Villa
dei Vescovi e Memoriale Brion, Fondazione di Venezia, Fondazione Musei Civici
di Venezia - MUVE - MUVEC, Fondazione Scientifica Querini Stampalia Onlus,
Gallerie d’Italia - Palazzo Leoni Montanari, Gallerie dell’Accademia, Le Stanze
della Fotografia, Le Stanze del Vetro, Istituto Regionale Ville Venete, Iuav, Musei Civici
di Vicenza, Museo della
Centuriazione Romana - Borgoricco, Museo Diocesano Vicenza, Museo Emergency,
Museo Gypsotheca Antonio Canova, M9 - Museo del ‘900, Ocean Space, Palazzetto
Bru Zane, Palazzo Grassi - Pinault Collection, Palladio Museum, Regione Veneto
- Direzione Prevenzione, Sicurezza Alimentare, Veterinaria, The Home of The
Human Safety Net, Europedirect, Musei Archeologici Nazionali di
Venezia e della Laguna, Museo della Calzatura - Villa Foscarini Rossi,
Fondazione Ugo e Olga Levi, UNESCO.

 

Con l’augurio
di una buona prosecuzione di estate, rimaniamo a disposizione per informazioni
e inviamo un cordiale saluto, in attesa di incontrarci a settembre. 

 

Parco
archeologico di Altino",,,,,,,,,http://media.beniculturali.it/mibac/files/boards/ed7d22490a255307e497167bbda83a55/Parco%20Altino/Settembre2026/ALTINOEDUDAY2026.jpg
http://dati.beniculturali.it/mibact/eventi/resource/CulturalEvent/48097,GEP 2026 - Passeggiata patrimoniale di Petrolla,Apertura Straordinaria,"Proteggere la Memoria. Resistere ai selvaggi processi di cementificazione della costa. Reinventare la trasmissione dei saperi con forme di Conservazione Integrata, ai sensi della Convenzione di FARO.L’evento si condensa nella passeggiata patrimoniale giunta al suo quarto appuntamento annuale di settembre, perché per il tramite della Comunità Patrimoniale di Petrolla si possa proteggere la Memoria storica dei luoghi identitari del territorio; resistere alla cementificazione della costa, rinnegando questa stroppiata visione della crescita economica; Reinventare la Conservazione per il tramite del coinvolgimento critico e attivo della Comunità Patrimoniali ai sensi della Convenzione di Faro.L’attività si svolge solo di sabato mattina, con il coinvolgimento della Comunità Patrimoniale di Petrolla, di Italia Nostra sezione Messapia e della proprietaria Gabriella Leone, circondati dalla gioventù delle scuole locali che in quel periodo avranno svolto lo scavo archeologico preventivo del sito.",,,,,,,,,
http://dati.beniculturali.it/mibact/eventi/resource/CulturalEvent/48098,GEP 2026 - Inaugurazione dell'antica tipografia già Ennio Tamborrino,Inaugurazione,"INAUGURAZIONE DELL’ANTICA TIPOGRAFIA GIA’ ENNIO TAMBORRINO, library galleru spaceInaugurazione della antica Tipografia già Ennio Tamborrino, luogo di memoria di una attività artigianale dell’Ottocento da custodire e tramandare alle future generazioni, attraverso la organizzazione di spazi di cultura aperti alla cittadinanza attiva e alle associazione del luogo, come Biblioteca di Storia dell’Arte, Galleria e Spazio Espositivo.Reinventare il Patrimonio Culturale per Conservarlo. Con l’evento GEP 2026 si riapre in Ostuni la TIPOGRAFIA già Ennio Tamborrino, quale Biblioteca, Galleria d’arte, Agorà d’incontro. Luogo della riscoperta del ricco patrimonio di Arte e di Storia, sarà il nuovo cuore critico e creativo della città, con il supporto di Italia Nostra sezione Messapia e di altre associazioni locali.Si contempla un percorso artistico e umano, che lega tre storie di eroine del quotidiano nella Puglia e nel mondo del ‘900 - donne tenaci, colte, intelligenti, dedite all’educazione di giovani e alla tutela del bagaglio culturale pugliese (la prof.ssa di francese Maria Antonietta Leggiero; la maestra Anita Margiotta Pascali; la cuoca-imprenditrice Filomena Fanizzi Anaclerio) - alle tre sale in cui saranno esposte le opere di pittura di Cosimo Monticchio (sala Maria Antonietta Leggiero), di scultura di Adriano Settimo Radeglia (sala Mimì Fanizzi Anaclerio), di architettura delle volte stellate salentine (sala Anita Margiotta Pascali).",,,,,,,,,
http://dati.beniculturali.it/mibact/eventi/resource/CulturalEvent/48099,GEP 2026 - Visita guidata al Museo del territorio di Neviano,Apertura Straordinaria,"Sabato 26 settembre 2026, dalle ore 9.30 alle 12.30 VISITA
GUIDATA AL MUSEO DEL TERRITORIO E ALL'AREA ARCHEOLOGIA",,,,,,,,,
http://dati.beniculturali.it/mibact/eventi/resource/CulturalEvent/48100,L'arte è sempre contemporanea - Museo d'arte Lercaro,Visita Guidata,"L'arte è sempre contemporanea – visita guidata speciale
Il Museo Lercaro partecipa alle Giornate Europee del Patrimonio 2026 con una visita guidata
speciale, sabato 26 settembre alle ore 17.30, dedicata al tema “Proteggere il patrimonio. Rinnovare,
resistere, reinventare”.
Attraverso la ricca collezione del Museo, la visita propone un percorso tra epoche, linguaggi e
sensibilità differenti, mettendo in dialogo le opere del patrimonio antico con le suggestioni dell’arte
moderna e contemporanea. Le connessioni tra le opere diventano così occasione per riflettere su un
patrimonio vivo, capace di rinnovarsi e trovare sempre nuove forme di interpretazione.
Un percorso per riscoprire la collezione del Museo Lercaro come uno spazio di dialogo tra passato e
presente, dove l’arte continua a reinventarsi e a parlare al nostro tempo: perché l’arte è sempre
contemporanea.",,,,,,,,,http://media.beniculturali.it/mibac/files/boards/0cdb6bb111e95298dcca90809b275370/GEP%202026/lercaro%2089681692.jpg
http://dati.beniculturali.it/mibact/eventi/resource/CulturalEvent/48101,"We LOVE Lis, al Museo Archeologico Nazionale di Caorle_Copia_Copia_Copia_Copia_Copia_Copia_Copia_Copia_Copia_Copia_Copia_Copia_Copia_Copia_Copia_Copia_Copia_Copia_Copia_Copia_Copia_Copia_Copia_Copia_Copia_Copia_Copia_Copia_Copia_Copia_Copia_Copia_Copia",evento solo on site,"SETTEMBRE 2026 al Museo Nazionale di Archeologia del Mare di CaorleORARI E GIORNI DI APERTURA:Lunedì e martedì: 9.00 - 13.00 (ultimo ingresso alle 12.00)Venerdì e domenica: 10.00 - 18.00 (ultimo ingresso alle 17.00)Domenica 6In occasione della prima domenica del mese: ingresso gratuitoSabato 12Apertura straordinaria dalle 16.00 alle 19.00Ore 17.00: conferenza di Martina Tapinassi ""L'archeologia del cibo marittimo"" inclusa nel costo del biglietto di ingressoDomenica 13 e 20Ore 16.00Visita accompagnata a cura del personale del Museo, inclusa nel costo del biglietto e in lingua italianaSabato 26In occasione delle Giornate Europee del Patrimonio: apertura straordinaria dalle 14.00 alle 18.00Ore 16.00: visita accompagnata ""Storia di un'azienda agricola che diventò museo""Attività a cura del personale del museo e inclusa nel costo del bigliettoDomenica 27In occasione delle Giornate Europee del PatrimonioOre 16.30: finissage e presentazione del catalogo della mostra "" Com'è profondo il mar""Evento a ingresso gratuitoMostra d'arte contemporanea""Com'è profondo il mar""A cura di Boris BrolloInclusa nel costo del biglietto del MuseoInformazioni e prenotazionidrm-ven.museocaorle@cultura.gov.it0421 83149 – 379 1805649",,,,,,,,,http://media.beniculturali.it/mibac/files/boards/3866906f1017fc6aa15df7f749c01fec/2026_Caorle/Caorle_settembre%202026.jpg
http://dati.beniculturali.it/mibact/eventi/resource/CulturalEvent/48102,Una storia riemersa dal passato: la Iulia Felix e il suo carico,Visita Guidata,"Giornate Europee del Patrimonio – 26 e 27 settembre 2026

Sabato 26 e domenica 27 settembre ritornano le GEP –
Giornate Europee del Patrimonio, la più estesa e partecipata manifestazione
culturale d’Europa, promossa dal Consiglio d’Europa e dalla Commissione Europea
e coordinata per l’Italia dal Ministero della Cultura.

Il tema dell’edizione 2026 è “Proteggere il patrimonio.
Rinnovare, resistere, reinventare”. Il Museo nazionale di archeologia subacquea
dell’Alto Adriatico e il Museo archeologico nazionale di Aquileia vi aspettiamo
con un fitto programma di iniziative.

""Una storia riemersa dal passato: la Iulia Felix e il suo carico""DOMENICA 27 SETTEMBRE, ore 18.00 - MNAS, Via dei Provveditori 14, Grado.Al Museo nazionale di archeologia subacquea di Grado
l’appuntamento è domenica 27 settembre alle 17 per una visita guidata a cura
dell’archeologa Alissa Pallich. Sarà un’occasione per parlare del nostro mare,
dei tesori del passato che ancora nasconde e che talvolta restituisce a chi ha
il compito e il privilegio di recuperarli, proteggerli, studiarli e raccontarvi
la loro storia. Come nel caso della Iulia Felix, una nave mercantile di età
romana naufragata con il suo carico di anfore e frammenti di vetro al largo di
Grado quasi duemila anni fa e ora al cuore del racconto pensato per voi nel
recente allestimento del museo.

La partecipazione è compresa nel costo del biglietto di
ingresso al museo. Prenotazione raccomandata a
museogradobiglietteria@cultura.gov.it / 0431 85783.﻿﻿",,,,,,,,,
http://dati.beniculturali.it/mibact/eventi/resource/CulturalEvent/48103,Giornate Europee del Patrimonio: apertura serale,Apertura Straordinaria,"Giornate Europee del Patrimonio – 26 e 27 settembre 2026

Sabato 26 e domenica 27 settembre ritornano le GEP –
Giornate Europee del Patrimonio, la più estesa e partecipata manifestazione
culturale d’Europa, promossa dal Consiglio d’Europa e dalla Commissione Europea
e coordinata per l’Italia dal Ministero della Cultura. Il tema dell’edizione 2026 è “Proteggere il patrimonio.
Rinnovare, resistere, reinventare”.

Per l'occasione, nella serata di sabato 26 settembre 2026, il Museo archeologico nazionale resterà aperto fino alle 23 con ultimo ingresso entro le 22. Dalle 19 il prezzo del biglietto scenderà alla tariffa speciale di 1 euro. Sarà l'ultimo fine settimana per scoprire la mostra ""Contemporaneità Costante. Pop Art"" co-progettata con Fondazione Synkretica ETS, visitabile fino al 27 settembre. L' esposizione invita i visitatori a osservare, immaginare
e creare collegamenti di senso tra le opere della pop art americana e italiana
e i reperti della collezione archeologica del museo. Alle 21.00 è in programma il laboratorio partecipato “IMMAGINARE IL
MAN”: il nostro Servizio Educativo vi condurrà in una visita
alla mostra, che sarà allo stesso tempo un'occasione di dialogo, partecipazione e
divertimento!La partecipazione è compresa nel costo del biglietto di
ingresso al museo. Prenotazione obbligatoria a museoaquileiaeventi@cultura.gov.it / 0431 91016.",,,,,,,,,
http://dati.beniculturali.it/mibact/eventi/resource/CulturalEvent/48104,Raccontare un patrimonio antico con una luce nuova: il MAN di Aquileia,Visita Guidata,"Giornate
Europee del Patrimonio – 26 e 27 settembre 2026

Sabato 26 e
domenica 27 settembre ritornano le GEP – Giornate Europee del Patrimonio, la
più estesa e partecipata manifestazione culturale d’Europa, promossa dal
Consiglio d’Europa e dalla Commissione Europea e coordinata per l’Italia dal
Ministero della Cultura. Il tema dell’edizione 2026 è “Proteggere il
patrimonio. Rinnovare, resistere, reinventare”.

Tra le iniziative in programma al Museo archeologico nazionale di Aquileia, domenica 27 settembre alle 10.30 è prevista una visita guidata alle collezioni. A partire dal 2016 il complesso museale di Aquileia ha trasformato completamente il suo modo di raccontare il patrimonio: spazi rinnovati, riorganizzazione delle collezioni e nuovi strumenti di fruizione consentono oggi a tutti i visitatori di vivere un'esperienza di visita piacevole e arricchente. Per chi di voi non avesse ancora ""riscoperto"" il nuovo Museo archeologico nazionale di Aquileia, questa è l'occasione perfetta!La
partecipazione è compresa nel costo del biglietto di ingresso al museo.
Prenotazione obbligatoria a museoaquileiaeventi@cultura.gov.it / 0431 91016.",,,,,,,,,
http://dati.beniculturali.it/mibact/eventi/resource/CulturalEvent/48105,Giornate Europee del Patrimonio: apertura serale_Copia,Visita Guidata,"Giornate Europee del Patrimonio – 26 e 27 settembre 2026Sabato 26 e domenica 27 settembre ritornano le GEP –
Giornate Europee del Patrimonio, la più estesa e partecipata manifestazione
culturale d’Europa, promossa dal Consiglio d’Europa e dalla Commissione Europea
e coordinata per l’Italia dal Ministero della Cultura. Il tema dell’edizione 2026 è “Proteggere il patrimonio.
Rinnovare, resistere, reinventare”.

Speciale mostra “Contemporaneità Costante. Pop Art” – Visita guidata con il
curatore SABATO 26 SETTEMBRE,
ore 11 - Museo archeologico nazionale di Aquileia, via Roma 1

 

La Pop Art
dialoga con l’archeologia al Museo archeologico nazionale di Aquileia nell’esposizione
“Contemporaneità Costante. Pop Art”, promossa da Fondazione Syncretika – Arte e
Cultura ETS e realizzata in coprogettazione con il Museo archeologico nazionale
di Aquileia, con il contributo della Regione Autonoma Friuli Venezia Giulia, il
sostegno di Fondazione Aquileia e il patrocinio del Comune di Aquileia. 

Nell’ultimo
fine settimana di mostra sarà il curatore, Carlo Stragapede, a condurre i visitatori
attraverso le sale del museo, dove le opere di Andy Warhol, Roy Lichtenstein,
Mario Schifano e Tano Festa entrano sorprendentemente in relazione con la
collezione archeologica. Contemporaneità
Costante. Pop art invita il visitatore a riflettere sulla natura umana nell’antico
e nel presente e sul valore di immagini, simboli e narrazioni attraverso cui l’uomo
comprende e rappresenta la propria esperienza nel tempo in un luogo, il museo,
che è oggi spazio di ricerca, innovazione e sperimentazione culturale.

L’appuntamento
è alle 11 presso la biglietteria del museo. La partecipazione è compresa nel
costo del biglietto di ingresso con prenotazione consigliata a museoaquileiaeventi@cultura.gov.it
/ 0431 91016.",,,,,,,,,
http://dati.beniculturali.it/mibact/eventi/resource/CulturalEvent/48106,DomenicalMuseo MArRC - Ingresso gratuito luglio 2023_Copia_Copia_Copia_Copia_Copia_Copia_Copia_Copia_Copia_Copia_Copia,Visita Libera,"Domenica 6 settembre si rinnova l’appuntamento con #domenicalmuseo, l’iniziativa del Ministero della Cultura che consente l’ingresso gratuito, ogni prima domenica del mese, nei musei e nei parchi archeologici statali. Il Museo Archeologico Nazionale di Reggio Calabria sarà visitabile gratuitamente nei consueti orari di apertura.",,,,,,,,,
http://dati.beniculturali.it/mibact/eventi/resource/CulturalEvent/48108,Aspettando le GEP 2026,Convegno/conferenza,"Aspettando le Giornate
Europee del Patrimonio – 26 e 27 settembre 2026

 

Sabato 26 e
domenica 27 settembre ritornano le GEP – Giornate Europee del Patrimonio, la
più estesa e partecipata manifestazione culturale d’Europa, promossa dal
Consiglio d’Europa e dalla Commissione Europea e coordinata per l’Italia dal
Ministero della Cultura. Il tema dell’edizione 2026 è “Proteggere il
patrimonio. Rinnovare, resistere, reinventare”.

Conferenza “Le iscrizioni in lingua greca di Aquileia: come un
nuovo progetto europeo contribuisce a raccontare e proteggere il
patrimonio multiculturale della splendida civitas.”A cura di Daniela Summa e Laura Boffo.VENERDI’ 25 SETTEMBRE,
ore 17.15 – Museo archeologico nazionale di Aquileia, via Roma 1

 

Prima del
racconto, la ricerca scientifica consente di tutelare, proteggere, conoscere,
riconoscere e tradurre il patrimonio, per renderlo accessibile e fruibile a
tutti. Il sito di Aquileia, come molte altre città dell’Italia romana, ha
restituito molte iscrizioni in lingua greca, testimonianze preziose per ricostruire
la società del passato: una società vivace, dinamica e multiculturale. A proteggere
e studiare questo patrimonio sono chiamati gli epigrafisti e le epigrafiste che
studiano le iscrizioni antiche. Nella conferenza in programma, Daniela Summa e
Laura Boffo, specialiste di epigrafia greca, presenteranno il progetto di nuova
edizione del XIV volume delle Inscriptiones Graecae proprio a partire
dalla ricca raccolta di epigrafi aquileiesi. 

Seguirà un’esercitazione
pratica con impressioni cartacee condotta sulle iscrizioni della collezione
museale.

Partecipazione
gratuita. Prenotazione obbligatoria a museoaquileiaeventi@cultura.gov.it
/ 0431 91016.

Evento in
collaborazione con Berlin-Brandenburgische Akademie der Wissenschaften.",,,,,,,,,
http://dati.beniculturali.it/mibact/eventi/resource/CulturalEvent/48109,"Domenica 6 settembre torna la ""domenicalmuseo"" alla GNAMC",Mostra,"Domenica 6 settembre torna la prima domenica del mese ad ingresso
gratuito per tutti.Sarà possibile visitare la collezione permanente della Galleria
Nazionale d'Arte Moderna e Contemporanea e le mostre in corso:After Un percorso di lavoro. Fendi / Karl Lagerfeld 1985, che
ripropone la mostra inaugurata il 5 ottobre del 1985 nelle sale del museo, per
celebrare i primi vent’anni della collaborazione tra FENDI e Karl Lagerfeld.
Una collaborazione destinata a durare fino alla morte del designer, nel 2019.Artista alla GNAMC. Marinella Senatore artista dell'anno 2026: il
museo dedica all’artista la sala posta all’inizio del percorso di visita,
accogliendo un progetto espositivo concepito non come una semplice mostra
temporanea, ma come uno spazio dinamico di opere, attività, formazione e
confronto, destinato a svilupparsi nell’arco di un intero anno.",,,,,,,,,
http://dati.beniculturali.it/mibact/eventi/resource/CulturalEvent/48110,"METAMORFOSI CAMPANE - All’Anfiteatro Campano arriva Progetto Cuccagna: il 5 settembre teatro, mito e storia si incontrano nell’antica arena di Santa Maria Capua Vetere",Spettacolo Teatrale,"Sarà l’Anfiteatro Campano di Santa Maria Capua Vetere a ospitare, sabato 5 settembre alle ore 18.00, Progetto Cuccagna, lo spettacolo di Gian Maria Cervo, Charis Pechlivanidis e Pablo Girolami, con Charis Pechlivanidis, Annalisa Arbolino, Eugenio Castaldo, Antonio Ciorfito, Graziano Purgante e Giovanni Schiavo. La produzione è una co-produzione Teatro Stabile delle Arti Medioevali, NoveTeatro e House of Ivona.
L’appuntamento è organizzato nell’ambito di METAMORFOSI CAMPANE – Teatro, mito e storia nei musei della Campania, la rassegna di spettacolo dal vivo promossa dalla Direzione regionale Musei nazionali Campania con il sostegno della Direzione generale Spettacolo del Ministero della Cultura. Il progetto porta il teatro contemporaneo nei musei e nei siti archeologici, trasformandoli da semplici luoghi di ambientazione in veri protagonisti delle rappresentazioni.

Progetto Cuccagna si muove sul confine tra teatro-documentario, mito e performance e prende le mosse da una leggenda medievale che attribuisce a Virgilio l’istituzione dei giochi gladiatori a Napoli, attraverso la creazione di una magica arena di combattenti invulnerabili e immortali. Da questo racconto si sviluppa una riflessione sulle diverse forme di manipolazione del consenso esercitate dal potere, secondo il principio del panem et circenses, mettendo in relazione performance teatrale, propaganda e controllo sociale. Lo spettacolo nasce dall’incontro di tre importanti protagonisti della scena contemporanea: Gian Maria Cervo, drammaturgo rappresentato nei principali teatri europei e internazionali, Charis Pechlivanidis, attore, regista, coreografo e ricercatore teatrale greco, e Pablo Girolami, coreografo italo-svizzero premiato alla Biennale Danza di Venezia. Il loro lavoro dà vita a un’esperienza immersiva pensata per instaurare un dialogo diretto tra la scena e il luogo che la accoglie. La scelta dell’Anfiteatro Campano assume così un particolare significato: uno dei più importanti edifici per spettacoli dell’antichità diventa il luogo di una performance contemporanea che riflette proprio sul rapporto tra spettacolo, potere e consenso, in un ideale dialogo tra le forme di intrattenimento del passato e quelle del presente. La rassegna interpreta infatti il patrimonio culturale come un organismo vivo, capace di rinnovarsi attraverso i linguaggi della scena.
Informazioni
Progetto Cuccagna
5 settembre 2026, ore 18.00
Anfiteatro Campano
Piazza I Ottobre, Santa Maria Capua Vetere (CE)
Lo spettacolo è compreso nel biglietto di ingresso al sito.
Il biglietto può essere acquistato online attraverso il portale ufficiale Musei Italiani:
Acquista il biglietto per Progetto Cuccagna

Informazioni:
Anfiteatro Campano – Santa Maria Capua Vetere
+39 338 6353806
drm-cam.museoanticacapua@cultura.gov.it
Gli spettacoli di Metamorfosi Campane sono compresi nel biglietto di ingresso ai musei, informazioni e modalità di partecipazione sono disponibili nel programma della rassegna (vai al programma).",,,,,,,,,http://media.beniculturali.it/mibac/files/boards/3d4b62738d2cccfe44a560bc3b687299/2026%20Capua%20Vetere/DRMCAM.ANFITEATRO.PROGETTO%20CUCCAGNA.jpg
http://dati.beniculturali.it/mibact/eventi/resource/CulturalEvent/48111,Domenica al Museo_Copia_Copia_Copia_Copia_Copia_Copia_Copia_Copia_Copia_Copia_Copia_Copia_Copia_Copia_Copia_Copia_Copia_Copia_Copia_Copia_Copia_Copia_Copia_Copia_Copia_Copia_Copia_Copia_Copia_Copia_Copia,Apertura festiva,"﻿Il 6 settembre 2026 torna l’appuntamento con la #domenicalmuseo, l’iniziativa del Ministero della Cultura che prevede l’ingresso gratuito nei musei e nei parchi archeologici stataliUn’occasione imperdibile per immergersi nelle straordinarie collezioni permanenti del MANN e per scoprire la mostra “Partenope. La sirena e la città.“, prorogata fino al 21 settembre 2026. Un viaggio affascinante che esplora il legame millenario tra la Sirena e Napoli, attraversando storia, mito, archeologia e antropologia culturale: dalle prime tracce greche sul promontorio di Pizzofalcone fino alle suggestioni della street art contemporanea.Nell’Atrio del Museo, ad accogliere i visitatori l’installazione site-specific di Francisco Bosoletti, un’opera potente dedicata al tuffo suicida di Partenope – mito fondativo della città – che introduce idealmente il percorso espositivo ospitato al terzo piano.ℹ️ Informazioni utili per la visitaPer garantire a tutti un’esperienza piacevole e sicura, vi invitiamo a consultare le seguenti indicazioni logistiche per la giornata:Biglietti: Per le giornate a ingresso gratuito non è prevista la prenotazione. I titoli d’accesso si ritirano direttamente in cassa.Chiusure: Per motivi di sicurezza, le sezioni Egizia, Magna Grecia e il Gabinetto Segreto saranno chiuse al pubblico.Vi aspettiamo per vivere insieme una domenica all’insegna dell’arte e della cultura!Consulta il&nbsp;piano di apertura delle collezioniImmergetevi nelle nostre&nbsp;collezioni&nbsp;",,,,,,,,,http://media.beniculturali.it/mibac/files/boards/ed20ae8dceeefefa2e39059ab3a866b3/MANN%202026/6-settembre-card.jpg
http://dati.beniculturali.it/mibact/eventi/resource/CulturalEvent/48112,1 giugno 2025 Domenicalmuseo: Villa Brandi_Copia_Copia_Copia_Copia_Copia_Copia_Copia_Copia_Copia_Copia_Copia,Apertura festiva,"Domenica 6 settembre 2026 si rinnova l'appuntamento con ""Domenica al Museo"", l'iniziativa del Ministero della Cultura che consente l'ingresso gratuito, la prima domenica del mese, in tutti i musei stataliVilla Brandi sarà visitabile la mattina (scegliendo tra tre turni di visita: 9:00 | 10:30 |12:00.ATTENZIONE! La visita a Villa Brandi è su prenotazione obbligatoria al seguente indirizzo email: mn-si.villabrandi@cultura.gov.it. Massimo 8 persone per fascia oraria. La visita ha durata di circa un'ora. Si raccomanda la puntualità rispetto all'orario indicato. Il biglietto è acquistabile solo ONLINE (anche se gratuito)",,,,,,,,,http://media.beniculturali.it/mibac/files/boards/9c13ab39dbc3c39b5f8a8776e3fe6d18/2026/_6%20settembre%2026%20_Villa%20Brandi.jpg
http://dati.beniculturali.it/mibact/eventi/resource/CulturalEvent/48113,1 giugno 2025 Domenicalmuseo: Villa Brandi_Copia_Copia_Copia_Copia_Copia_Copia_Copia_Copia_Copia_Copia,Apertura festiva,"Domenica 6 settembre 2026 si rinnova l'appuntamento con ""Domenica al Museo"", l'iniziativa del Ministero della Cultura che consente l'ingresso gratuito, la prima domenica del mese, in tutti i musei statali.Palazzo Chigi Piccolomini alla Postierla sarà visitabile gratuitamente dalle 9.00 alle 13:30 (ultimo ingresso ore 13:00).",,,,,,,,,http://media.beniculturali.it/mibac/files/boards/9c13ab39dbc3c39b5f8a8776e3fe6d18/2026/_6%20settembre%2026%20_P.Chigi.jpg
http://dati.beniculturali.it/mibact/eventi/resource/CulturalEvent/48114,1 giugno 2025 Domenicalmuseo: Museo Archeologico Nazionale_Copia_Copia_Copia_Copia_Copia_Copia_Copia_Copia,Apertura festiva,"Domenica 6 settembre 2026 si rinnova l'appuntamento con ""Domenica al Museo"", l'iniziativa del Ministero della Cultura che consente l'ingresso gratuito, la prima domenica del mese, in tutti i musei statali Il Museo Archeologico e il complesso del Santa Maria della Scala saranno visitabili gratuitamente dalle 10:00 alle 19:00 ( ultimo ingresso 18:15).",,,,,,,,,http://media.beniculturali.it/mibac/files/boards/9c13ab39dbc3c39b5f8a8776e3fe6d18/2026/_6%20settembre%2026%20_Museo%20archeologico.jpg
http://dati.beniculturali.it/mibact/eventi/resource/CulturalEvent/48116,Settembre all’Eremo di San Leonardo al Lago,Apertura Straordinaria,"Nel corso del mese di settembre l’Eremo di San Leonardo al Lago sarà eccezionalmente aperto anche il sabato e la domenica, dalle 16.00 alle 20.00. Ogni sabato del mese sono inoltre previsti appuntamenti alla scoperta dell’Eremo, della sua storia e del territorio in cui è immerso.Per maggiori informazioni: mn-si.comunicazione@cultura.gov.it Sabato 5 settembre ore 16.00Tra l'Eremo e il Lagopasseggiata ad anello tra l’Eremo di San Leonardo al Lago e il Canale del GranducaIl percorso, di circa 4 km e della durata approssimativa di un’ora e mezza, è adatto a tutti (no passeggini). Al termine della passeggiata seguirà una visita guidata dell’Eremo di San Leonardo.Per chi volesse invece visitare solo l’Eremo, senza partecipare alla passeggiata, sarà possibile accedere dalle 16.00 alle 20.00, con personale a disposizione per fornire informazioni. Ritrovo: ore 16.00 presso l’Eremo di San Leonardo al Lago量 Si consiglia un abbigliamento adatto a una passeggiata in natura: scarpe chiuse da ginnastica, acqua ed eventuali protezioni per il sole.La prenotazione alla passeggiata è obbligatoria e deve essere effettuata scrivendo a: mn-si.comunicazione@cultura.gov.it ____________Sabato 12 settembre ore 16.00Tra i boschi e le pietre della Montagnola seneseescursione tra l'Eremo di San Leonardo al Lago, le grotte nascoste e la geologia della zonaSabato 12 settembre alle ore 16.00 vi invitiamo per un trekking nella montagnola senese in uno dei suoi luoghi più iconici: l'eremo di San Leonardo al Lago. Questo sito ricco di storia e spiritualità è situato in un habitat unico per presenza di boschi e grotte naturali nel calcare cavernoso. Percorrere i sentieri è un viaggio nella storia umana e geologica di questo luogo. Per chi volesse visitare solo l’Eremo, senza partecipare alla passeggiata, sarà possibile accedere dalle 16.00 alle 20.00, con personale a disposizione per fornire informazioni.  Ritrovo: ore 16.00 presso l’Eremo di San Leonardo al Lago量 Si consiglia un abbigliamento adatto a una passeggiata in natura: scarpe chiuse da ginnastica o trail con suola scolpita, acqua ed eventuali protezioni per il sole. La prenotazione alla passeggiata è obbligatoria e deve essere effettuata scrivendo a: mn-si.comunicazione@cultura.gov.it  ____________Sabato 19 settembre ore 17.30Eremo in musica. Immagini, strumenti e suoni dal MedioevoVisita guidata tematica e concerto di musica medievale e rinascimentale a cura di Anonima Frottolisti Prenotazione obbligatoria a: mn-si.comunicazione@cultura.gov.it____________ Sabato 26 settembre ore 16.00Tra l'Eremo e il Lagopasseggiata ad anello tra l’Eremo di San Leonardo al Lago e il Canale del Granduca.Il percorso, di circa 4 km e della durata approssimativa di un’ora e mezza, è adatto a tutti (no passeggini). Al termine della passeggiata seguirà una visita guidata dell’Eremo di San Leonardo.Per chi volesse invece visitare solo l’Eremo, senza partecipare alla passeggiata, sarà possibile accedere dalle 16.00 alle 20.00, con personale a disposizione per fornire informazioni. Ritrovo: ore 16.00 presso l’Eremo di San Leonardo al Lago量 Si consiglia un abbigliamento adatto a una passeggiata in natura: scarpe chiuse da ginnastica, acqua ed eventuali protezioni per il sole.La prenotazione alla passeggiata è obbligatoria e deve essere effettuata scrivendo a: mn-si.comunicazione@cultura.gov.it",,,,,,,,,http://media.beniculturali.it/mibac/files/boards/9c13ab39dbc3c39b5f8a8776e3fe6d18/2026/EREMO%20S.LEONARDO%20AL%20LAGO-1.png
http://dati.beniculturali.it/mibact/eventi/resource/CulturalEvent/48117,"Apertura straordinaria pomeridiana e conferenza “La collezione Bartolini nei musei aretini”, a cura di Alessandra Baroni",Apertura Straordinaria,"Domenica 13 settembre il Museo nazionale d’arte medievale e moderna accoglierà i visitatori con un’apertura straordinaria pomeridiana dalle 14:00 alle 18:00, e alle 16 con la conferenza “La collezione Bartolini nei musei aretini”, a cura della storica dell’arte Alessandra Baroni.La Collezione Bartolini rappresenta uno degli snodi culturali più significativi per la storia artistica e didattica della città di Arezzo tra il XIX e il XX secolo. Nata come raccolta privata dello scultore aretino Ranieri Bartolini (1794-1856), la sua genesi è strettamente legata all’attività didattica della Scuola Libera di Disegno e Modellazione. Fondata nel 1806 per volontà della Fraternita dei Laici e retta dal pittore Angelo Ricci, l’Accademia vide lo stesso Bartolini prima come allievo e in seguito come docente. Alla sua morte, per legato testamentario, l’artista volle che la propria silloge di opere — radunata nel corso di una vita spesa tra creazione e amatoriale collezionismo — non venisse dispersa, bensì rimanesse a disposizione dei giovani studenti della scuola. Il lascito trasformò la raccolta in una fondazione pubblica che continuò ad arricchirsi del materiale didattico prodotto all’interno dell’istituzione fino alla sua chiusura nel 1931, intrecciando indissolubilmente le proprie vicende con la storia del perduto Museo della Fraternita.Nel corso del Novecento la collezione ha subito un’evoluzione logistica e conservativa complessa, culminata nella sua attuale spartizione istituzionale. A lungo conservata nel Palazzo Barbolani di Montauto, storico luogo espositivo del Museo di Fraternita e della Pinacoteca Civica, la raccolta fu divisa nel 1957 con il trasferimento a titolo perpetuo di dipinti e sculture nel Museo nazionale d’arte medievale e moderna di Arezzo. Il monumentale corpus grafico, composto da circa seimila pezzi tra disegni, stampe, libri e calchi in gesso, rimase invece di proprietà della Fraternita dei Laici.Tra le opere della collezione Bartolini oggi esposte al museo si trovano dipinti di Carlo Ademollo, Pietro Benvenuti, François Gérard e Giuseppe Moricci, oltre a una scultura di Lorenzo Bartolini e alla tela monumentale “Il giovane Michelangelo presenta a Lorenzo il Magnifico la sua prima opera di scultura” di Tommaso Sebastiani.Alessandra Baroni,  storica dell’arte e musicista, ha conseguito il PhD all’Università di Utrecht. È autrice e curatrice di numerosi studi e mostre sull’arte toscana e fiorentina del tardo Rinascimento riguardanti, in particolare, Giorgio Vasari e la cerchia di artisti dell’Accademia del Disegno. La sua monografia su Jan van der Straet, Johannes Stradanus, ha ricevuto la menzione d’onore del Premio Salimbeni 1998. Al Metropolitan Museum di New York, come Andrew W. Mellon Fellow ha condotto una ricerca sulla relazione tra Italia e Fiandre nella produzione di grafica della seconda metà del ‘500. È docente di storia dell’arte all’Università di Rochester e curatrice della Collezione Bartolini della Fraternita dei Laici di Arezzo. È presidente della Classe di Storia dell’Arte all’Accademia delle Arti del Disegno.",,,,,,,,,"http://media.beniculturali.it/mibac/files/boards/bec8803f226b6c1f1d4be3ed98d36b8e/DRM-TOSCANA/Arezzo%20(AR)%20-%20Museo%20Nazionale%20Arte%20Medievale%20e%20Moderna,%20interno.jpg"
http://dati.beniculturali.it/mibact/eventi/resource/CulturalEvent/48118,Orazio lo scorrere del tempo - MAN di Potenza,Mostra,"""ORAZIO, LO SCORRERE DEL TEMPO"": DEBUTTA AL MUSEO ARCHEOLOGICO NAZIONALE DINU ADAMESTEANU IL NUOVO STUDIO TEATRALE DELLA COMPAGNIA ABITO IN SCENAI Musei nazionali di Matera – Direzione Regionale Musei nazionali della Basilicata, nell’ambito del progetto In-cedere: il fluire del tempo in Lucania — beneficiario del Bando “Valorizzazione delle Attività di Spettacolo dal Vivo da parte di Istituti e Luoghi della Cultura Statali 2026” della Direzione Generale Spettacolo del Ministero della Cultura — proseguono la seconda edizione con un ricco programma coordinato da Sabrina Mutino e Teresa Carnevale. Sabato 12 settembre 2026 alle ore 19.00 e in replica alle ore 20.30, il Museo Archeologico Nazionale Dinu Adamesteanu di Potenza ospita il debutto in forma di studio teatrale di Orazio, lo scorrere del tempo, una produzione della Compagnia Abito in Scena. Lo spettacolo si inserisce all'interno di Officina del Gesto 2026 e del più ampio progetto IN-CEDERE – il fluire del tempo in Lucania II ed.Il lavoro porta in scena un inedito e tagliente cortocircuito tra la classicità latina e il battito della contemporaneità, trasformando i versi di Quinto Orazio Flacco in uno specchio spietato delle nevrosi, delle corse e delle ansie dell'uomo di oggi. Attraverso tre figure femminili presenti nelle opere oraziane – Cloe, Leuconoe e Lidia – lo spettacolo dà voce a donne del nostro tempo che incarnano tre età e tre diverse stagioni della vita. Tra beat elettronici, richiami urbani e un'atmosfera intima e ravvicinata, la messa in scena attraversa il tema inafferrabile del tempo, dei calcoli esistenziali e del bisogno disperato di trovare una misura alla vita.La drammaturgia e la regia portano la firma di Leonardo Pietrafesa. Sul palco agiscono gli attori Monica Palese, Luca Morelli e la giovane danzatrice Luciana Galotto, con le coreografie curate da Emanuela Basso.Abito in Scena è una struttura attiva nella promozione, formazione e produzione teatrale. Svolge da anni attività di ricambio generazionale e valorizzazione dei giovani, ideando e realizzando numerosi progetti di ampio respiro sostenuti dal Ministero della Cultura e curando percorsi che mettono in relazione le arti performative con i luoghi urbani, storici e culturali.Per informazioni e prenotazioni: 342 9458761",,,,,,,,,
http://dati.beniculturali.it/mibact/eventi/resource/CulturalEvent/48119,Apertura straordinaria serale e conferenza “Il Parco del Colosseo da ieri a domani” a cura di Simone Quilici,Apertura Straordinaria,"In occasione del 50° anniversario dell’inaugurazione del Museo nazionale di Palazzo Taglieschi, la Direzione del Museo delle Arti e Tradizioni Popolari dell’Alta Valle del Tevere promuove un ricco calendario di iniziative volte a rinnovare la missione del museo come luogo d’incontro e di cultura. Sabato 5 settembre il museo accoglierà i visitatori con un’apertura straordinaria serale dalle 20:00 alle 23:00, e alle 21, dopo i saluti della Direttrice regionale Musei nazionali della Toscana Carlotta Paola Brovadan, con la conferenza “Il Parco del Colosseo da ieri a domani”, a cura di Simone Quilici, dal 2025 direttore del Parco Archeologico del Colosseo.Il 6 settembre 1975 il Museo veniva inaugurato dal Ministro Giovanni Spadolini nel Palazzo Taglieschi di Anghiari, concretizzando la lungimirante volontà di Don Nilo Conti che nel 1959 aveva donato lo storico edificio rinascimentale allo Stato. Fu uno dei primi atti pubblici del neonato Ministero dei Beni Culturali, un’operazione fondamentale per la salvaguardia delle testimonianze materiali e della memoria delle comunità valtiberine. A mezzo secolo da quella data, per valorizzare il Tevere come filo conduttore tra le diverse comunità del territorio, la presenza del direttore del Parco Archeologico del Colosseo permetterà così di stringere un profondo legame storico e culturale lungo le rive del fiume.",,,,,,,,,http://media.beniculturali.it/mibac/files/boards/1ede46002306283284d6cfccab580e47/Anghiari%20(AR)_Palazzo%20Taglieschi/02_Anghiari%20(AR).%20Palazzo%20Taglieschi.%20Interno.%20Foto%20Alessandro%20Benci.jpg
http://dati.beniculturali.it/mibact/eventi/resource/CulturalEvent/48120,"GEP 2026 - ""Si apran le porte..."" - Visita al palazzo arcivescovile di Brindisi",Visita Guidata,"Sabato 26 settembre 2026, dalle 10.00 alle 12.00Il
palazzo arcivescovile è un edificio del Settecento residenza dell’arcivescovo
di Brindisi dove ha sede anche la biblioteca arcivescovile e l’archivio
storico diocesano. In occasione delle Giornate Europee del Patrimonio
verrà organizzata una visita guidate a numero chiuso (massimo 25 persone)
e su obbligo di prenotazione per la mattina del 26 settembre dalle ore 10
alle ore 12. Per l’occasione i visitatori saranno guidati nel chiostro
dell’edificio che custodisce iscrizioni e statue, nella pinacoteca del
corridoio mariano, nel corridoio dei vescovi e alle porte dipinte del Settecento
che raffigurano scene cortesi e di caccia. In punto d’incontro sarà in
piazza Duomo.",,,,,,,,,
http://dati.beniculturali.it/mibact/eventi/resource/CulturalEvent/48121,GEP2026 - La,Spettacolo Teatrale,"Messa in scena del dramma teatrale di padre David Maria Turoldo “La Passione di san Lorenzo”, tra le storie di san Lorenzo, affrescate dal fiorentino Paolo Schiavo e dal senese Lorenzo di Pietro detto Il Vecchietta nella Collegiata di Castiglione Olona.Il visitatore sarà guidato nel suo percorso dalle parole del poeta Turoldo che genereranno nuovi sguardi sul racconto della vita e del martirio di san Lorenzo, mentre le pareti affrescate diventeranno una scena nella scena. Ciò che il Quattrocento ha affidato al colore, il teatro lo tradurrà in parola e la musica in emozione, attraverso un poetico gioco di riflessi. L’iniziativa, promossa dal Museo della Collegiata, vede il coinvolgimento di Connessioni Teatro della Pro Loco di Castiglione Olona e dell’Accademia di Musica e Arte “Tito Nicora” di Castiglione Olona. Ingresso libero e gratuito.Data evento: 26/09/2026Orario dell'evento: 20:45Comune: Castiglione OlonaIndirizzo: via cardinal Branda 1Provincia: Varese&nbsp; &nbsp; &nbsp; &nbsp; &nbsp; &nbsp; &nbsp; &nbsp; &nbsp; &nbsp; &nbsp; &nbsp; &nbsp; &nbsp; &nbsp; &nbsp;&nbsp;",,,,,,,,,http://media.beniculturali.it/mibac/files/boards/bfa844dbe37608b113348836519416de/GEP2026/Collegiata%20Castiglione%20Olona%20-%2088506377.jpg
http://dati.beniculturali.it/mibact/eventi/resource/CulturalEvent/48122,"GEP 2026 - Rinnovare, resistere e reinventare. Rinascere dalla Terra",Apertura Straordinaria,"Giovedì 24 settembre 2026, ore 18.30Un’iniziativa integrata dedicata alla valorizzazione
dei beni confiscati alle mafie e alla promozione della cultura della legalità.Il programma si
apre nel pomeriggio con una visita guidata a Terra Aut, bene restituito alla
collettività, che offre l'opportunità di scoprirne la storia, i progetti di
riutilizzo sociale e le attività in corso sul territorio.



&nbsp;A seguire, nella sessione tardo-pomeridiana e
serale, si terrà una conferenza sul tema della legalità, della giustizia
sociale e della rigenerazione comunitaria, con il contributo di esperti,
rappresentanti delle istituzioni ed enti del terzo settore. L’evento mira a
mostrare come la riappropriazione dei beni possa trasformarsi in un'opportunità
di riscatto civile ed economico per l'intera comunità. Ingresso libero.L'evento è stato ideato dal Club per l’Unesco di Cerignola in collaborazione con la Cooperativa Altereco&nbsp;",,,,,,,,,
http://dati.beniculturali.it/mibact/eventi/resource/CulturalEvent/48123,GIORNATE EUROPEE DEL PATRIMONIO 2026 - PALAZZO MILZETTI,Apertura Straordinaria,"Sabato 26 settembre 2026Apertura straordinaria serale 19.00 – 23.00GIORNATE EUROPEE DEL PATRIMONIO “Proteggere il patrimonio. Rinnovare, resistere,
reinventare”







Ingresso
1,00 euro",,,,,,,,,http://media.beniculturali.it/mibac/files/boards/0cdb6bb111e95298dcca90809b275370/GEP%202026/GEP2026_AperturaSerale_Card.jpg
http://dati.beniculturali.it/mibact/eventi/resource/CulturalEvent/48124,ADRIKÀ - RASSEGNA INTERNAZIONALE CINEMA ARCHEOLOGICO ADRIA E DELTA DEL PO,Festival,"ADRIKÀ TORNA CON LA SUA SECONDA EDIZIONE: CINQUE GIORNI
DI CINEMA, ARCHEOLOGIA E CULTURA NEL CUORE DEL DELTA DEL PODal 9 al 13 settembre oltre quaranta appuntamenti tra
Adria, Porto Viro e Loreo. Film da tutto il mondo, incontri con archeologi e
registi, spettacoli, mostre, visite guidate e una masterclass valida per la
formazione dei giornalisti.ADRIA
(RO) – Torna sul grande schermo il racconto dell'archeologia, elemento
identitario del Polesine, anche grazie alle riprese delle campagne di scavo di
San Basilio e di Frattesina. Dal 9 al 13
settembre si svolgerà la seconda edizione di Adrikà – Rassegna
Internazionale del Cinema Archeologico di Adria e Delta del Po,
manifestazione promossa dal Museo archeologico nazionale di Adria e dal Circolo del Cinema ""Carlo Mazzacurati"" che mette in dialogo cinema, ricerca scientifica, divulgazione e
valorizzazione del patrimonio culturale, trasformando e il territorio del Delta
del Po in un laboratorio internazionale di conoscenza, incontro e scoperta. Dopo
il successo della prima edizione, Adrikà cresce e amplia il proprio raggio
d'azione coinvolgendo, oltre ad Adria, anche Porto Viro e Loreo, Fratta
Polesine, con un programma che intreccia
proiezioni cinematografiche, incontri con studiosi, spettacoli, laboratori,
mostre, visite guidate e momenti di approfondimento rivolti a un pubblico
eterogeneo, dagli appassionati di archeologia alle famiglie, fino agli studenti
e ai professionisti dell'informazione.







Il
filo conduttore dell'edizione 2026 sarà l'acqua, elemento che da sempre
caratterizza l'identità del Delta del Po e che diventa metafora del viaggio,
della memoria e della riscoperta del passato. Un tema che attraversa l'intera
manifestazione e che trova un naturale collegamento con la recente
valorizzazione della barca ""cucita"" di Corte Cavanella, oggi
conservata al Museo Archeologico Nazionale di Adria, simbolo del rapporto tra
uomo, navigazione e territorio.

ADRIKA' | EVENTI
PRESSO IL MUSEO ARCHEOLOGICO NAZIONALE DI ADRIA (e presso il MAN FRATTA POLESINE):-  Venerdì
11 settembre, dalle ore 9.30 alle 13.00 ALLA SCOPERTA DEL SITO DI FRATTESINA. Visita guidata
agli scavi del villaggio protostorico di Frattesina e al Museo archeologico
nazionale di Fratta Polesine. Bus navetta gratuito con ritrovo al Museo archeologico
di Adria (via Badini, 59) alle 9.15. Per chi usa mezzi propri, il ritrovo è
davanti al Museo di Fratta Polesine (via Tasso, 1) alle 10.30. Ci sono ancora
posti disponibili! La prenotazione è
obbligatoria, tel. 0426 21612, mail drm-ven.museoadria@cultura.gov.it


-  Venerdì
11 settembre, dalle ore 8.30 alle 12.00 ETRUSCREEN: CINEMA, SCUOLA E PATRIMONIO CULTURALE: per i più piccoli, Officina Temporis realizza laboratori e attività didattiche
dedicati alle scuole primarie che assisteranno anche a tre diverse PROIEZIONI CINEMATOGRAFICHE all’interno
del museo

-  Sabato
12 settembre, giornata densa di appuntamenti. A partire dalle ore 9.00
fino alle 11.30 ETRUSCREEN:
CINEMA, SCUOLA E PATRIMONIO CULTURALE. La mattina della rassegna inizia con
la proiezione di tre film.

-  Ore 9.30 PROIEZIONI CINEMATOGRAFICHE (vedi programma). 

Inoltre, durante tutta la mattinata di sabato
12 settembre, dalle ore 9.30-12.30 si terranno VISITE GUIDATE GRATUITE al MAN Adria. Prenotazione obbligatoria, tel. 0426 21612, mail drm-ven.museoadria@cultura.gov.it


-  Rimani con noi anche sabato pomeriggio!
Dalle ore 15.00 alle 16.00 sarà possibile partecipare ad una VISITA GUIDATA ALLA BARCA CUCITA CON DANZE ANTICHE
realizzate dal gruppo di Danza antica di Villadose. Prenotazione obbligatoria, tel. 0426 21612, mail drm-ven.museoadria@cultura.gov.it
.

A seguire, si terrà un INCONTRO CON L’ANTICO (ore 16.00)
dal titolo: L’Accademia delle Scienze di
Torino e la formazione del Museo Egizio più antico del mondo. Intervengono:
Silvia Rosa-Brusin, Giornalista, già Caporedattrice di TG Leonardo Chiara
Mancinelli, Cancelliera Direttrice dell’Accademia delle Scienze di Torino.
Subito dopo, PROIEZIONE CINEMATOGRAFICA
di due cortometraggi. 

-  La giornata si conclude in dolcezza alle ore
17.00 con l’incontro Il miele nel
tempo: un viaggio dolce tra
api, miti e reperti. Interviene: Raffaella Bortolin, Archeologa. A seguire esplorazione
sensoriale del miele locale a cura dell’Azienda Agricola “La Bocalina” di Silvia
Bertazzo. 

-  Domenica
13 settembre, ore 10.30-12.30. L’ultima giornata di Adrikà prevede una
MASTERCLASS PER GIORNALISTI. Quando l’Archeologia fa notizia. Ricerca e divulgazione
sui giornali, tra Tutankhamon e Indiana Jones. E uno sguardo al web.
Interviene: Graziano Tavan, Giornalista. Seminario
approvato dall’Ordine nazionale dei Giornalisti, valido per l’acquisizione dei
crediti della formazione continua dei giornalisti. Evento
aperto a tutti.-  Nel pomeriggio, alle ore 16.00 INCONTRI CON L’ANTICO. Presentazione del libro “Sono così. Le
donne nel Veneto preromano”, di Angela Ruta Serafini. Interviene: Angela
Ruta Serafini, Archeologa, già Direttrice del Museo nazionale atestino di Este. Dialoga
con l’autrice Micol Andreasi, Giornalista. A seguire, verrà presentata la
mostra “E L’IMMAGINE PRESE VITA” di
Silvia Nonnato. La mostra sarà visitabile dal 9 al 27 settembre dal martedì
alla domenica e dalle 10.30 alle 19.00 (domenica 20 settembre, dalle 14.30 alle
19.30). PROGRAMMA COMPLETO NEL FILE PDF IN ALLEGATO O SU www.adrikà.com",,,,,,,,,http://media.beniculturali.it/mibac/files/boards/3866906f1017fc6aa15df7f749c01fec/MUSEO%20ADRIA/museo_Adria%20Adrika%202026.jpg
http://dati.beniculturali.it/mibact/eventi/resource/CulturalEvent/48125,Servizi Educativi dell’Archivio di Stato di Agrigento – Anno scolastico 2026-2027.,Attività Didattica,"﻿﻿Presso l’Archivio di Stato di Agrigento, si rinnova l’appuntamento con le scuole. A decorrere dal 1° settembre 2026, sono stati attivati i nuovi percorsi rivolti alle scuole, di ogni ordine e grado, per favorire la conoscenza e la fruizione del patrimonio archivistico. Le proposte riferite all’anno scolastico 2026-2027, sono strettamente legate ai percorsi culturali del nuovo Piano di Valorizzazione 2026 (Giornate Europee del Patrimonio, Domenica di carta, progetti PNRR e accessibilità culturale) e a quelli realizzati negli anni precedenti, con particolare riferimento al legame tra archivi, archeologia, teatro e musica, territorio, carcere. Particolare attenzione è stata rivolta all’accessibilità culturale, anche per valorizzare i progetti realizzati nell’ambito del PNRR Missione 1 – Digitalizzazione, Innovazione, Competitività e Cultura - Componente 3 – Cultura 4.0 (M1C3) – Misura 1 “Patrimonio Culturale per la Prossima Generazione” - Investimento 1.2 “Rimozione delle Barriere Fisiche e Cognitive in Musei, Biblioteche e Archivi per consentire un più ampio accesso e partecipazione alla cultura”.Tra le novità della nuova offerta formativa, è stata ulteriormente implementata la sezione dedicata alle attività laboratoriali, che prevedono percorsi dedicati alle scuole di ogni ordine e grado, in linea con i principi dell’edutainment. Il Laboratorio didattico multisensoriale dell’Archivio di Stato di Agrigento offre numerosi percorsi, esperienze e attività per favorire e accrescere partecipazione, inclusione e conoscenze.  Le aree tematiche dei percorsi, sono le seguenti: Archivi e conservazione: Focus su tutela e conservazione del patrimonio archivistico, dalla fotoriproduzione alla digitalizzazione del patrimonio archivistico. Archivi e carcere: Focus sulle fonti archivistiche per la storia dell’ex Carcere di San Vito di Agrigento in rapporto al progetto PNRR “Carte senza barriere”.Archivi e archeologia: Focus sulle fonti archivistiche per la storia della Valle dei Templi di Agrigento in rapporto ai progetti Parchium- L’archivio racconta (Pon Fesr 2014-2020), digital library su Archivio Digitale, Fumetti nei musei.Archivi e territorio: Focus sulle fonti archivistiche per la storia del territorio e dell’architettura.Archivi e guerra: Focus sulle fonti archivistiche per le memorie di guerra.Archivi, musica e teatri: Focus sulle fonti archivistiche per la storia dello spettacolo.Archivi e scuola: Focus sulle fonti archivistiche per le memorie della scuola.Le attività, incentrate su cooperative learning, apprendimento per scoperta, rielaborazione dell’esperienza, rappresentano un’occasione di incontro con il mondo degli archivi e di valorizzazione del patrimonio archivistico dell’Archivio di Stato di Agrigento, costituendo, altresì, un’opportunità formativa e di arricchimento dei percorsi scolastici.Le informazioni sui nuovi percorsi sono disponibili al seguente link: https://asagrigento.cultura.gov.it/sede/didattica Responsabile dei Servizi educativi e della sezione dedicata all’accessibilità culturale, è il Direttore dell’Archivio di Stato di Agrigento, Dott.ssa Rossana Florio.",,,,,,,,,http://media.beniculturali.it/mibac/files/boards/d31eb9df4a3096c8324fe24aa919d385/2026/copertina_servizieducativi_ASAG.JPG
http://dati.beniculturali.it/mibact/eventi/resource/CulturalEvent/48126,GEP 2026: all'Archivio di Stato di Terni la mostra e conferenza “L’evoluzione urbana di Terni tra Ottocento e il secondo dopoguerra: identità e salvaguardia”,Convegno/conferenza,"GEP 2026:
all'Archivio di Stato di Terni la mostra e conferenza “L’evoluzione urbana di
Terni tra Ottocento e il secondo dopoguerra: identità e salvaguardia”In occasione
delle Giornate Europee del Patrimonio, un duplice appuntamento svela la complessa
trasformazione urbanistica e architettonica che ha ridisegnato il volto della
città.In occasione
delle GEP – Giornate Europee del Patrimonio 2026, dedicate al
tema ""Proteggere il patrimonio. Rinnovare, resistere,
reinventare"", l'Archivio di Stato di Terni propone
per domenica 27 settembre,  alle ore 16, l'evento dal
titolo “L’evoluzione urbana di Terni tra Ottocento e il secondo dopoguerra:
identità e salvaguardia”.L'iniziativa
si articolerà in una mostra documentaria e in una conferenza dedicate alla
radicale metamorfosi urbanistica della città.La
ricostruzione del centro storico di Terni, profondamente colpito dagli eventi
bellici, non fu un semplice ripristino nostalgico. Si trattò, invece, di
un'opera complessa di inserimento di architetture moderne nel tessuto urbano
superstite, che ridefinì piazze, volumi e collegamenti viari che ancora oggi
caratterizzano la città, affondando le radici nelle trasformazioni già avviate
a partire dall'Ottocento.Relazioneranno
su questi temi, introdotti dalla direttrice dell’Archivio di Stato di Terni
Francesca Piantoni, l’architetto Carlo Giani, lo storico dell’arte Michele
Benucci e la già direttrice dell’Archivio di Stato di Terni Letizia Salvatori.Il percorso espositivo e l'incontro scientifico
approfondiranno il profondo mutamento nel gusto architettonico dell'epoca e la
progettazione del nuovo arredo urbano. All'interno di questa transizione, verrà
esaminato il contributo dei tecnici e dei progettisti attivi nel dibattito
urbanistico del periodo, tra i quali figurano firme del Razionalismo italiano come
l'architetto Mario Ridolfi.













L'iniziativa
metterà in luce anche le conseguenze sociali di questa metamorfosi e il valore
della tutela. La ridefinizione degli spazi pubblici e privati ha, infatti,
inciso profondamente sull'identità della comunità cittadina, che si è trovata a
ridefinire le proprie dinamiche relazionali e lavorative all'interno di una
realtà urbana completamente rinnovata.",,,,,,,,,
http://dati.beniculturali.it/mibact/eventi/resource/CulturalEvent/48127,"Il 14 settembre a Villa d’Este il “Canto delle Creature”, un omaggio a Francesco d’Assisi",Concerto,"Il 14 settembre a Villa d’Este il “Canto delle Creature”, un omaggio a Francesco d’Assisicon Ambrogio Sparagna, l’Orchestra Popolare Italiana e il poeta Davide RondoniLunedì 14 settembre, alle ore 20, Villa d’Este ospiterà “Canto delle Creature – Concerto di boschi, pascoli e cuori”, progetto originale di Ambrogio Sparagna con l’Orchestra Popolare Italiana dell’Auditorium Parco della Musica di Roma e la partecipazione del poeta Davide Rondoni.La partecipazione allo spettacolo è prevista acquistando il biglietto d’ingresso per Villa d’Este (15 euro per il biglietto ordinario, con riduzioni secondo le modalità previste), più supplemento di 2 euro. Acquisto on line obbligatorio al seguente link .Il concerto è organizzato nell’ambito della programmazione VILLAEstate 2026, la rassegna promossa dall’Istituto Villa Adriana e Villa d’Este. Ingresso dalle 19,15.“Canto delle Creature” è un viaggio poetico e musicale sulle tracce di Francesco d’Assisi e del suo celebre Cantico delle Creature, uno dei testi fondanti della letteratura europea e ancora oggi una straordinaria testimonianza del rapporto tra uomo e natura. Attraverso suoni, parole e canti, lo spettacolo invita a riscoprire una visione del mondo fondata sull’ascolto, sull’armonia e sulla custodia del creato. Lo spettacolo presenta la riproposizione musicale integrale del Cantico delle Creature, affiancata da una selezione di laudi popolari francescane tratte dagli antichi codici del Laudario di Cortona. Nel corso dei secoli, il testo francescano ha infatti ispirato una ricchissima tradizione musicale italiana, dando origine a numerosi canti spirituali e popolari, alcuni dei quali vengono qui reinterpretati da Sparagna.Tra i brani proposti figurano alcune celebri composizioni della tradizione religiosa e popolare, tra cui “Chi vuol salire in cielo”, “Vanità di vanità”, “Lodate Dio”, insieme a canti in antico dialetto napoletano come “Viene Suonno”, “E ninnillo mio si tu” e “Oggi è nata na nennella”.Ad arricchire il concerto sarà la partecipazione del poeta Davide Rondoni, i cui interventi dialogheranno con le musiche, le voci e le danze della tradizione italiana. Guidati dall’organetto di Ambrogio Sparagna, gli strumenti dell’Orchestra Popolare Italiana daranno vita a un’esperienza immersiva e coinvolgente: un concerto di “boschi musicali, pascoli sonori e cuori vibranti”, in cui memoria e contemporaneità si incontrano nel segno della bellezza.“C’è una musica nel mondo, ma se non canti non la senti» afferma il poeta: da sempre l’essere umano accompagna con il canto il proprio cammino, il lavoro, l’amore, il dolore e la meraviglia davanti alla natura. In questa dimensione si inserisce il progetto di Ambrogio Sparagna, che restituisce voce ad alberi, stelle, animali, acque e venti, insieme alle storie e alle emozioni di pastori, contadini, giovani innamorati, madri, marinai e uomini alla ricerca di senso”.“Canto delle Creature” è un invito a ritrovare, attraverso la musica e la poesia, il legame profondo che unisce ogni essere umano al mondo naturale, seguendo la strada indicata da Francesco d’Assisi: ascoltare, cantare e prendersi cura del Creato.info: va-ve@cultura.gov.it",,,,,,,,,http://media.beniculturali.it/mibac/files/boards/a6a1b70d631f706af99cfd0f4210899d/2026/Banner%20Canto%20delle%20Creature%2014%20settembre%202026.jpg
http://dati.beniculturali.it/mibact/eventi/resource/CulturalEvent/48128,"A Villa Adriana lo spettacolo “Lumen Lunae”, un viaggio tra musica e parole per raccontare l’Imperatore Adriano",Spettacolo Teatrale,"A Villa Adriana lo spettacolo “Lumen Lunae”, un viaggio tra musica e parole per raccontare l’Imperatore AdrianoVenerdì 18 settembre, alle ore 20, alle Grandi Terme di Villa Adriana, andrà in scena, in prima assoluta, lo spettacolo “Lumen Lunae”, melologo per voce recitante, controtenore e quartetto d’archi scritto da Filippo Arriva e musicato dal compositore Mario Modestini.La partecipazione è prevista, acquistando il biglietto d’ingresso per Villa Adriana (ordinario 15 euro con riduzioni secondo le modalità previste) più supplemento di 2 euro. Acquisto on line obbligatorio fino a esaurimento posti disponibili al link Ingresso dalle 19.15.Lo spettacolo è organizzato nell’ambito della programmazione VILLAEstate 2026, la rassegna promossa dall’Istituto Villa Adriana e Villa d’Este.Dedicato alla figura dell’Imperatore Adriano, “Lumen Lunae” è un intenso dialogo tra parola e musica, tra memoria e contemplazione, che prende vita proprio nel luogo-simbolo legato alla storia e alla sensibilità dell’imperatore romano: Villa Adriana. I testi sono liberamente ispirati a scritti di Marguerite Yourcenar, Lucio Piccolo, Seneca, Rainer Maria Rilke, Inni Omerici, Virgilio, Cassio Dione, Elio Spaziano.La voce narrante sarà quella raffinata dell’attrice Manuela Mandracchia, mentre i pensieri dell’Imperatore e il suo rivolgersi alla Luna prenderanno vita soprattutto in una serie di arie eseguite dalla voce elegante e ricca di fascino del controtenore Raffaele Pe, accompagnato dal quartetto d’archi “La lira di Orfeo”, composto da Elisa Citterio (violino primo), Martin Moya (violino secondo), Artem Dzeganovski (viola) e Marcello Scandelli (violoncello).Altro “personaggio” del melologo è la Luna, fonte di mistero, di magia e di luce. L’Imperatore si rivolge, si confessa a essa prendendo in prestito i versi di grandi poeti greci e latini, da Virgilio a Catullo e dagli Inni Omerici a Seneca, sino a una incursione senza tempo in scrittori moderni, da Rilke a Lucio Piccolo. A questi versi si aggiungono i fatti storici della vita di Adriano tratti dalla Storia Romana di Cassio Dione e dalla Historia Augusta di Elio Sparziano.Fondamentali i momenti musicali firmati dal compositore Mario Modestini. Lo spettacolo si apre con l’Ouverture Elegia Tivoli, una “sonatina” per violino ed ensemble, d’andamento lento, dal forte accento “italiano”. Altri brani seguiranno nel corso della serata: Lumen lunae, un’ampia composizione che farà da “tappeto” sonoro ai diversi recitativi del melologo. Seguono cinque Cantate, quelle affidate al controtenore Raffele Pe: Canto dell’arpista, su testo del 500 a.C. di anonimo egiziano; il Canto di un Fauno; Animula vagula, blandula, la breve lirica scritta dall’Imperatore prima di morire, già inserita come epigrafe ne Le memorie di Adriano dalla Yourcenar; infine, Ninfa delle acque-Naiade, su testo dello stesso Mario Modestini, e Carmina vel coelo su versi tratti dalle Bucoliche di Virgilio. Tutti i brani sono eseguiti dal Quartetto d’archi “La Lira di Orfeo”.“Lumen Lunae”, ideata e scritta da Mario Modestini e Filippo Arriva, si propone come un’esperienza artistica in cui teatro, poesia e musica si fondono per restituire la dimensione più intima dell’Imperatore Adriano: il rapporto con il tempo, il desiderio di eternità che, attraverso la Luna, diventa universale. info: va-ve@cultura.gov.it",,,,,,,,,http://media.beniculturali.it/mibac/files/boards/a6a1b70d631f706af99cfd0f4210899d/2026/Banner%20Lumen%20Lunae%2018%20settembre%202026.jpg
http://dati.beniculturali.it/mibact/eventi/resource/CulturalEvent/48129,Eventi di settembre a Casa Pasolini,Altro,"﻿Sabato 12 settembre, ore 16.00A caccia di mammut- Missione urbana per piccoli esploratori (7–10 anni) Un mammut gigante ha lasciato impronte misteriose tra i murales di Rebibbia… riusciremo a seguirle?Sabato 12 settembre alle 16:00 parte una spedizione speciale per bambini dai 7 ai 10 anni: una vera caccia agli indizi tra street art e preistoria, pensata per scoprire il quartiere con occhi curiosi e spirito d’avventura.Ma perché proprio un mammut? Perché anche lui fa parte dell'identità di Rebibbia e della sua storia. Insieme a Casa Pasolini, è una delle tracce che ci ricordano quanto questo quartiere custodisca un patrimonio culturale ricco, sorprendente e inaspettato, tutto da scoprire!Cercheremo simboli nascosti tra i murales. Seguiremo le tracce del mammut attraverso piccole missioni e indizi da risolvere. Sarà un’avventura per esplorare Rebibbia in modo nuovo, osservando con attenzione ciò che ci circonda e scoprendo, passo dopo passo, le storie che questo quartiere ha da raccontare.Percorso breve (circa 700–800 metri), con partenza da via Tagliere 3Durata: 60 minutiOgni bambino deve essere accompagnato da almeno un adultoPiccolo gruppo: massimo 20 partecipantiL’attività è offerta da Casa Pasolini, con il progetto a cura di Passo Civico ETS.Le famiglie partecipanti potranno inoltre visitare gratuitamente Casa Pasolini prima della attività.Partecipazione gratuita con prenotazione obbligatoria scrivendo a cultura@passocivico.org entro il 10 settembre.Cerchiamo almeno 6 piccoli esploratori per far partire la spedizione!Domenica 13 settembre, ore 15.30-17.30Ottavo incontro del gruppo di lettura “PPP- pagine di Pasolini” (Scritti Corsari) Cos’è un gruppo di lettura? Un gruppo di lettura è una microcomunità aperta che grazie al confronto su un autore o un volume di mese in mese esercita la possibilità di sentirsi meno soli in una società i cui ritmi tendono sempre di più ad isolarci ciascuno nelle proprie solitudini. Un luogo dove si esercita la possibilità di confrontarsi e di confortarsi grazie alle pagine condivise.A chi si rivolge?  Non ci rivolgiamo a cultori della materia ma a semplici appassionati e curiosi di tutte le età che abbiano voglia di scoprire insieme la figura di Pasolini. Cosa si fa ad un gruppo di lettura? Si discute insieme delle letture del mese e si approfondiscono gli aspetti che hanno destato più l’attenzione del gruppo, con la possibile partecipazione di un ospite speciale.Questo ottavo incontro sarà dedicato a “Scritti Corsari”.L’iniziativa è gratuita e aperta ad un massimo di 15 partecipanti con prenotazione obbligatoria. È necessario prenotare il biglietto gratuito “gruppo di lettura” sulla piattaforma www.museiitaliani.it.L’appuntamento è all’interno del museo alle ore 15.30 (con ingresso possibile dalle ore 15.00 per visitare la casa).Il gruppo di lettura, a cura di Chiara Mazza, è promosso dall’Istituto Pantheon e Castel Sant’Angelo e proposto da Il Talento di Roma APS in collaborazione con Passo Civico ETS.NOTA: A causa degli spazi ristretti della casa non saranno a disposizione sedie per tutti i partecipanti, ma verranno forniti cuscini.",,,,,,,,,http://media.beniculturali.it/mibac/files/boards/128ae52db40cae8510626c2ef301bafd/CASA%20PASOLINI/2026/OIP%202%20casa%20pasolini.jpg
http://dati.beniculturali.it/mibact/eventi/resource/CulturalEvent/48130,Il mito delle dee raccontato a fumetti - Laboratorio didattico - 08 settembre 2026 - Museo archeologico nazionale della Sibaritide,Attività Didattica,"Il mito delle dee raccontato a fumetti Laboratorio didattico - Età 6 -10 anniMuseo archeologico nazionale della Sibaritide - Ore 18:00Un laboratorio creativo per scoprire i miti di Kore e Demetra attraverso una divertente caccia al tesoro tra le sale della mostra. I bambini completeranno schede didattiche, dialoghi e vignette ispirati ai personaggi del mito e realizzeranno disegni a fumetti prendendo spunto dai reperti osservati, come maialini in terracotta, melagrane e torce sacre.Un’esperienza tra mitologia, archeologia e creatività, pensata per avvicinare i più piccoli al patrimonio culturale attraverso il gioco.Info e prenotazioniTel. 337 1603495; pa-sibari.didattica@cultura.gov.it",,,,,,,,,http://media.beniculturali.it/mibac/files/boards/459fc684ca7182e301ed86b9a5c3721b/2026/ORGHIA_8%20SETTEMBRE.jpg
http://dati.beniculturali.it/mibact/eventi/resource/CulturalEvent/48131,I Giardinetti di Adone - Laboratorio didattico - 10 settembre 2026 - Museo archeologico nazionale della Sibaritide,Attività Didattica,"I Giardinetti di Adone Laboratorio didattico - Età 3 -7 anniMuseo archeologico nazionale della Sibaritide - Ore 18:00Un laboratorio creativo dedicato al ciclo della natura e alla rinascita della vegetazione. I bambini realizzeranno i propri “Giardinetti di Adone”, un’antica tradizione legata alla crescita rapida dei germogli, utilizzando piccoli contenitori decorati, cotone umido o terra e semi di lenticchie o grano.Un’attività per scoprire, attraverso il gioco e l’esperienza diretta, il legame tra natura, mito e rinascita, proprio come Kore che torna sulla terra.Info e prenotazioniTel. 337 1603495; pa-sibari.didattica@cultura.gov.it",,,,,,,,,http://media.beniculturali.it/mibac/files/boards/459fc684ca7182e301ed86b9a5c3721b/2026/ORGHIA_10%20SETTEMBRE.jpg
http://dati.beniculturali.it/mibact/eventi/resource/CulturalEvent/48132,#DOMENICALMUSEO - 6 settembre 2026 - Museo e Parco archeologico nazionale di Capo Colonna,Visita Guidata,"#DOMENICALMUSEO - 6 Settembre 2026 Museo e Parco archeologico nazionale di Capo ColonnaDomenica 6 settembre torna l'iniziativa del Ministero della Cultura che consente di visitare gratuitamente i musei e i parchi archeologici statali.Presso il Museo e Parco archeologico nazionale di Capo Colonna sarà possibile partecipare alla ""Passeggiata archeologica"" gratuita alle ore 17:00, a cura del personale dell'Istituto.Per info: 0962 934814",,,,,,,,,http://media.beniculturali.it/mibac/files/boards/459fc684ca7182e301ed86b9a5c3721b/2026/09-6.jpg
http://dati.beniculturali.it/mibact/eventi/resource/CulturalEvent/48133,#DOMENICALMUSEO - 6 Settembre 2026- Parco archeologico di Sibari,Visita Guidata,"#DOMENICALMUSEO - 6 Settembre 2026 Parco archeologico di SibariDomenica 6 Settembre torna l'iniziativa del Ministero della Cultura che consente di visitare gratuitamente i musei e i parchi archeologici statali.Presso il Parco archeologico di Sibari sono organizzate ""Passeggiate archeologiche"" gratuite, a cura del personale dell'Istituto.Due gli appuntamenti, ore 10:00 e ore 18:00.Presso il Museo archeologico nazionale della Sibaritide, sarà possibile visitare la mostra temporanea ""Orghìa. Riti, miti e misteri"".Per info: 337 1591152",,,,,,,,,http://media.beniculturali.it/mibac/files/boards/459fc684ca7182e301ed86b9a5c3721b/2026/09-6.jpg
http://dati.beniculturali.it/mibact/eventi/resource/CulturalEvent/48134,Gea Casolaro. Momenti e paesaggi,Mostra,"Dal 6 al 9 settembre 2026, la Casa Museo Hendrik Christian Andersen, diretta da Maria Giuseppina Di Monte, e afferente all’Istituto Pantheon e Castel Sant’Angelo – Direzione Musei nazionali della città di Roma guidata da Luca Mercuri, presenta 5 fotografie di Gea Casolaro acquisite attraverso il bando “Strategia Fotografia 2025”, promosso dalla Direzione Generale Creatività Contemporanea del MiC, nell’ambito del Dipartimento per le attività culturali.La mostra è a cura di Maria Giuseppina Di Monte e Michela Sena.Per celebrare l’acquisizione, le fotografie saranno esposte al primo piano accanto agli ambienti della Casa Museo e, successivamente, in occasione di specifici allestimenti temporanei all’interno del programma di valorizzazione delle collezioni d’arte contemporanea della Casa Museo H.C. Andersen.Strategia Fotografia 2025 ha consentito alla Casa Museo, attraverso la vincita del bando omonimo, di procedere concretamente nella realizzazione del progetto, al cui centro sta la riflessione sull’atmosfera, intesa come “momento” peculiare e ideal-tipico, per usare l’espressione coniata da Max Weber.Felice ed efficace la convergenza fra titolo delle opere e progetto, una scelta quella di riprendere il titolo delle foto nella sintesi del progetto che evoca e suggerisce l’incontro spazio-temporale fra luogo e vissuto individuale/collettivo, in cui si fa esperienza comune del medesimo oggetto (paesaggio) nello stesso lasso temporale che è quello dello scatto che lo riproduce.La Casa Museo è da intendersi in questa accezione e soprattutto da vivere in questa dimensione, di “momento” e di “memento”, ovvero di ricordo che si attualizza, riflesso di qualcosa che è stato e che improvvisamente emerge dal passato verso il presente storico.Il paesaggio delle fotografie di Gea Casolaro è il passato delle architetture, talvolta delle rovine, e al contempo è il presente di una storia che si rinnova negli occhi e nella percezione dei passanti, dei turisti e dei cittadini, usi a frequentare i luoghi immortalati negli scatti, viandanti spesso sono ignari o disattenti ma che, nonostante ciò, partecipano di sensazioni ed emozioni che nascano dal comune substrato ovvero dalla presenza o co-presenza nello stesso luogo e nello stesso momento e che in virtù di ciò condividono l’esperienza del genio di quel luogo, per richiamare l’antico motto che meglio di ogni altra descrizione spiega il mistero e la singolarità del paesaggio vissuto. L’inaugurazione sarà l’occasione per presentare il catalogo bilingue italiano/inglese edito da Manfredi Maretti con un testo del Direttore Maria Giuseppina Di Monte e un’intervista di Michela Sena a Gea Casolaro.Gea Casolaro, vive tra Roma e Parigi. Dal 1994 il suo lavoro indaga, attraverso la fotografia, il video, l’installazione e la scrittura, il nostro rapporto con le immagini, l’attualità, la società, la storia. La sua ricerca mira ad attivare un dialogo permanente tra le esperienze e le persone, per ampliare la capacità di analisi e di conoscenza della realtà attraverso i punti di vista altrui.Nel 2025-2026 partecipa alle mostre collettive: Vivono, al Centro Pecci di Prato, Spazi di Resistenza al Mattatoio di Roma e Identità oltre confine agli Istituti Italiani di Cultura di Berlino e di Vilnius, alla Dots Gallery di Belgrado e al MUZA – The National Community Art Museum di Malta. Sempre nel 2026 due sue opere entrano a far parte della collezione della Fondazione Ago di Modena e sono presentate nell’esposizione Visioni necessarie, e partecipa alle collettive Vita minore. San Francesco e la santità dell’arte contemporanea, a Palazzo Collicola di Spoleto e a Enfantillages et bizarreries: vertige d’une collection, al Centre d’Art Contemporain de Genève.Tra le varie collezioni pubbliche in cui sono presenti opere di Gea Casolaro ricordiamo quelle del MAXXI, Museo nazionale delle arti del XXI secolo di Roma; Mart, Museo d’Arte Contemporanea di Trento e Rovereto; CNA, Centre National de l’Audiovisuel du Luxembourg; Museo Laboratorio della Mente di Roma; Collezione della Fondazione Quadriennale di Roma; Fondazione Pino Pascali di Polignano a Mare; Collezione Provincia Autonoma di Bolzano; Collezione storica del Premio Suzzara. E, oggi, grazie a questa acquisizione, nella collezione della Casa Museo Hendrik Christian Andersen di Roma.Presentazione delle acquisizioni e del catalogo6 settembre ore 17.00La mostra è inclusa nel biglietto d’ingresso al la Casa Museo",,,,,,,,,http://media.beniculturali.it/mibac/files/boards/128ae52db40cae8510626c2ef301bafd/Museo%20Hendrik%20Christian%20Andersen/2026/gea%20casolaro.jpg
http://dati.beniculturali.it/mibact/eventi/resource/CulturalEvent/48135,GEP 2026 - Da Tiziano a Bernini i tesori nascosti della Galleria Borghese a Lecce: visita alla mostra,Visita Guidata,"﻿Sabato 26 settembre 2026 - Ore 15.30La visita guidata presso
il MUST è dedicata principalmente alla mostra in corso “Tesori Nascosti della
Galleria Borghese”. L’iniziativa ha lo scopo di sensibilizzare i cittadini alla
conoscenza del nostro patrimonio culturale in tutte le sue forme sottolineandone
la sua rilevanza a tutto tondo. Infatti se il loro valore socio-economico è
ormai consolidato, oggi gli si riconosce anche il loro valore nella difesa del
clima e nella tutela della salute delle persone. Nei luoghi della cultura oggi
giorno si discute sempre più spesso di problematiche connesse ai cambiamenti
climatici e talora le biblioteche i musei ed i parchi assolvono anche alla
funzione di rifugi climatici. Rinnovare, resistere e reinventare può anche
significare questo ovvero fare del nostro patrimonio una leva per migliorare in
senso lato la qualità della vita dei cittadini e la difesa della loro stessa
salute. La visita prevede un’introduzione generale sul paesaggio salentino a
cura degli esperti dell’Associazione ARCHEO APS ETS.Biglietti on-line https://www.ciaotickets.com/biglietti/must-museo-storico-della-citt%C3%A0-di-lecce Il gruppo si ritroverà all’ingresso della biblioteca comunale di Casarano, in P.zza D’Elia a Casarano, alle ore 15.30 per poi partire alla volta di Lecce. Gli interessati possono anche acquistare i biglietti e aggiungersi al gruppo all’ingresso del museo. Automuniti.Per
ulteriori informazioni ci si può rivolgere al personale della biblioteca
comunale di Casarano, dal lunedì al venerdì, dalle ore 18.00 alle ore 20.00",,,,,,,,,
http://dati.beniculturali.it/mibact/eventi/resource/CulturalEvent/48136,GEP 2026,Visita Guidata,"Il museo civico Goffredo Bellini propone una visita guidata sulla tematica dell'Assedio di Asola del 1516, inserita nel contesto della rievocazione storica promossa dall'associazione culturale Quadra di Asola.&nbsp;l'evento avrà luogo il giorno 27/09/2026 in due distinte fasce orarie: 16:45 - 17:15 e prevede un ingresso gratuito con prenotazione facoltativa, la durata della visita è di circa 30 minuti.Il percorso sarà rievocato attraverso le quattro parole chiave delle GEP 2026 : proteggere, rinnovare, resistere, reinventare evidenziando il ruolo del museo nella conservazione e trasmissione della memoria e quello della comunità nella sua continua reinterpretazione.Data: 27/09/2026Orario: 16:45/17:15Luogo: Museo civico Goffredo BelliniComune: AsolaIndirizzo : via Garibaldi, 7Provincia: Mantova---La memoria di un evento storico diventa così occasione di incontro, conoscenza e condivisione, rafforzando il legame tra patrimonio culturale, territorio e comunità.creando un ideale dialogo tra il museo e la città: da una parte la conservazione e lo studio delle testimonianze del passato, dall’altra la loro rilettura attraverso la partecipazione della comunità.Un percorso per scoprire come proteggere la memoria non significhi semplicemente conservarla, ma anche permetterle di continuare a vivere, trasformarsi e parlare al presente.",,,,,,,,,http://media.beniculturali.it/mibac/files/boards/bfa844dbe37608b113348836519416de/GEP2026/ASSEDIO%20DI%20ASOLA.jpg
http://dati.beniculturali.it/mibact/eventi/resource/CulturalEvent/48137,Domenica al Museo 6 settembre al MNR Palazzo Altemps,Apertura Straordinaria,"Domenica 6 settembre torna il tradizionale appuntamento con la Domenica al Museo, l’iniziativa del Ministero della Cultura con ingresso gratuito in tutti i musei, parchi archeologici e luoghi della cultura statali. Il Museo Nazionale Romano, diretto da Federica Rinaldi, aderisce all’iniziativa con l’apertura delle sedi museali di Terme di Diocleziano, Palazzo Massimo e Palazzo Altemps, dalle ore 09:00 alle ore 19:00, con ultimo ingresso alle ore 18:00.",,,,,,,,,http://media.beniculturali.it/mibac/files/boards/0a5e431c2a2415fde7651ad452bb985c/Trono%20Ludovisi.jpg
http://dati.beniculturali.it/mibact/eventi/resource/CulturalEvent/48138,GEP 2026 - “Identità Salentina” 28a edizione,Mostra,"Domenica 27 settembre 2026 - Ore 18.30L’iniziativa in programma
domenica 27 settembre si incardina su una delle attività che la Sezione Sud
Salento di Italia Nostra porta avanti sul territorio attinenti le testimonianze
pervenute sull’esperienza professionale ed artistica dell’Arch. Napoleone
Pagliarulo svolta agli inizi del ‘900 (Parabita *1881 + 1926) del quale, grazie
all’azione di Italia Nostra, sono stati sistemati numerosi documenti d’archivio
attinenti l’ideazione e la progettazione dei vari edifici realizzati in diversi
comuni del Salento. Sulla base di questi documenti, che saranno
esposti in una delle ville da lui progettate, sarà incardina-ta la Tavola
rotonda sul tema “Proteggere il patrimonio per salvaguardare l’identità delle
comunità locali” cui prenderanno parte qualificati esperti e rappresentanti
istituzionali. 



A seguire verrà presentato il programma della
XIII Assemblea nazionale delle Comunità patrimoniali che si terrà a Lecce il 20
e 21 ottobre presso la sede della Soprintendenza.",,,,,,,,,
http://dati.beniculturali.it/mibact/eventi/resource/CulturalEvent/48139,Domenica al Museo 6 settembre al MNR Palazzo Altemps_Copia,Apertura Straordinaria,"Domenica 6 settembre torna il tradizionale appuntamento con la Domenica al Museo, l’iniziativa del Ministero della Cultura con ingresso gratuito in tutti i musei, parchi archeologici e luoghi della cultura statali. Il Museo Nazionale Romano, diretto da Federica Rinaldi, aderisce all’iniziativa con l’apertura delle sedi museali di Terme di Diocleziano, Palazzo Massimo e Palazzo Altemps, dalle ore 09:00 alle ore 19:00, con ultimo ingresso alle ore 18:00.",,,,,,,,,http://media.beniculturali.it/mibac/files/4258/MNR%20Palazzo%20Massimo%20Salone%20dei%20Capolavori.jpg
http://dati.beniculturali.it/mibact/eventi/resource/CulturalEvent/48140,Domenica al Museo 6 settembre al MNR Palazzo Altemps_Copia_Copia,Apertura Straordinaria,"Domenica 6 settembre torna il tradizionale appuntamento con la Domenica al Museo, l’iniziativa del Ministero della Cultura con ingresso gratuito in tutti i musei, parchi archeologici e luoghi della cultura statali. Il Museo Nazionale Romano, diretto da Federica Rinaldi, aderisce all’iniziativa con l’apertura delle sedi museali di Terme di Diocleziano, Palazzo Massimo e Palazzo Altemps, dalle ore 09:00 alle ore 19:00, con ultimo ingresso alle ore 18:00.",,,,,,,,,http://media.beniculturali.it/mibac/files/boards/0a5e431c2a2415fde7651ad452bb985c/Aula%20IX%20delle%20Terme%20di%20Diocleziano.jpg
http://dati.beniculturali.it/mibact/eventi/resource/CulturalEvent/48141,Il Museo si Trasforma; Roma prima di Roma: il nuovo Museo.,Convegno/conferenza,"Riprendono, dopo la pausa estiva, le conferenze, a cura del Museo Nazionale Romano, con al centro il racconto dei Cantieri del Programma ""URBS Dalla città alla campagna romana"", il progetto finanziato dai fondi del Piano Nazionale Complementare al PNRR. Gli interventi saranno a cura dei gruppi di lavoro coordinati dai Responsabili dei Progetti e dai Direttori dei Lavori con la partecipazione dei progettisti e delle imprese coinvolte. Il ciclo di conferenze è coordinato da Federica Rinaldi, Direttrice del Museo Nazionale Romano, e da Saveria Petillo.",,,,,,,,,http://media.beniculturali.it/mibac/files/boards/0a5e431c2a2415fde7651ad452bb985c/Il%20Museo%20si%20Trasforma%20locandina.PNG
http://dati.beniculturali.it/mibact/eventi/resource/CulturalEvent/48142,GEP 2026 - La Torre Maestra di Bisceglie: sentinella di pietra nel cuore della storia pugliese,evento solo on site,"Sabato 26 settembre 2026Tappa
1, ore 16.30: Passeggiata Patrimoniale nel Museo etnografico “Francesco Prelorenzo”

Tappa 2 , ore 17.00:  Incontro Culturale nella Sala “Mario Cosmai” Una Passeggiata all’interno di una Torre Normanna, secondo i principi della
Convenzione di Faro e la sicurezza e tutela del Patrimonio
storico-architettonico
insieme ai  Presidenti organizzatori Luigi Palmiotti
-Archeoclub d’Italia di Bisceglie e Pina Catino–Club per l’UNESCO di
Bisceglie.Un cammino su tre livelli nella più imponente struttura fortificata della Città di
Bisceglie -la Torre Maestra, alta 24 mt- dove è inserito  il  Museo Etnografico 
“Francesco Prelorenzo”fondato nel 1987 da 'Archeoclub d’Italia di  Bisceglie.A seguire, l’incontro culturale
nell’Aula “M. Cosmai” dove l’Uff. O.M.R.I.
Cosimo Sciannamea relazionerà su alcuni aspetti longevi della Torre che
costituisce la parte più
antica dell’intero castello, simbolo
di  potere  e
di  difesa del territorio  da eventuali attacchi di nemici provenienti
dal mare.",,,,,,,,,
http://dati.beniculturali.it/mibact/eventi/resource/CulturalEvent/48143,GEP 2026 - Resistere al tempo. Il papiro come patrimonio vivo,Apertura Straordinaria,"Domenica 27 settembre 2026 - Dalle 9.00 alle 13.00Resistere al tempo. Il papiro come patrimonio vivo

Apertura straordinaria del Museo con visite guidate
gratuiteIl Museo Papirologico
dell'Università del Salento apre le sue porte al pubblico per un viaggio
straordinario alla scoperta dei papiri, preziose testimonianze della vita,
della cultura e della scrittura dell’antico Egitto. L'evento offrirà
l'opportunità di conoscere da vicino il patrimonio papirologico conservato
dall'Ateneo attraverso visite guidate dedicate gratuite, che accompagneranno i
partecipanti tra reperti, documenti e attività di ricerca. Studiosi ed esperti
illustreranno il valore storico e culturale dei papiri, mostrando come questi
straordinari manufatti consentano di riportare alla luce voci, storie e
frammenti di vita di oltre duemila anni fa. Un'occasione unica per avvicinare
cittadini, studenti e appassionati al fascino dei documenti antichi e al loro
ruolo nella ricostruzione della memoria storica del Mediterraneo.I TURNO: inizio ore 9.15 (max 15 pax)II TURNO: inizio ore 10.45 (max 15 pax)III TURNO: inizio ore 12.00(max 15 pax)",,,,,,,,,
http://dati.beniculturali.it/mibact/eventi/resource/CulturalEvent/48144,Domenica al museo 6 settembre 2026 – Parco archeologico e Antiquarium di Veleia,Apertura Straordinaria,"#domenicalmuseo –
6 settembre 2026 06/09/2026Torna l'iniziativa ""Domenica
al museo"" del Ministero della Cultura L'eventoIl Complesso monumentale della Pilotta, l’Antica Spezieria di San
Giovanni Evangelista, il Castello di Torrechiara e l’Area archeologica di
Veleia partecipano a Domenica al museo,
l’iniziativa promossa dal Ministero della Cultura che, ogni prima domenica del
mese, rende accessibili gratuitamente i musei, i parchi archeologici e i luoghi
della cultura statali.













Domenica 6 settembre 2026 si
potrà accedere gratuitamente al Complesso monumentale della Pilotta e agli
Istituti a questo appartenenti.OrariComplesso monumentale della Pilotta
dalle 9.00
alle 19.00 (ultimo ingresso e chiusura biglietteria alle 18.00)Galeria Nazionale: dalle 9.00 alle 19.00
(ultimo ingresso ore 18.00)
Si
prega di notare che alcune aree del Complesso saranno chiuse o potrebbero avere
orari di apertura limitati.
Per ulteriori informazioni, consultare l’elenco e gli orari dei percorsi garantiti nei giorni
di apertura gratuita all’interno del Complesso.Biblioteca Palatina – Galleria Petitot : dalle 9.00 alle 13.30
(ultimo ingresso alle 13.00)Museo archeologico nazionale: dalle 14.00 alle 19.00
(ultimo ingresso alle 18.00)Museo Bodoni: dalle 9.00 alle 13.30 Antica Spezieria di San Giovanni Evangelista
dalle 15.00
alle 19.00 (ultimo ingresso alle 18.30)
L’accesso
alla Spezieria è contingentato: la capienza massima è di 15 persone in
contemporanea.Castello di Torrechiara
dalle 11.00
alle 17.00 (ultimo ingresso e ultima emissione biglietti alle ore 16.30)

















Area Archeologica di Veleia romana
dalle 11.00
alle 18.30 (ultimo ingresso e ultima emissione biglietti alle ore 18.00)Percorsi garantitiSi prega di notare che alcune aree del Complesso saranno chiuse o
potrebbero avere orari di apertura limitati.
Per ulteriori informazioni, consultare l’elenco e gli
orari dei percorsi garantiti nei giorni di apertura gratuita all’interno
del Complesso, sul sito ufficiale: Home
- Complesso Monumentale della Pilotta BigliettiComplesso monumentale della Pilotta
Sarà necessario ritirare il biglietto gratuito e depositare eventuali borse
voluminose, zaini e ombrelli in biglietteria, prima dell’ingresso al Complesso.
Non è necessaria la prenotazione.Castello di Torrechiara
Sarà
necessario ritirare il biglietto gratuito prima dell’ingresso presso la
biglietteria del Castello.Area Archeologica di Veleia romana
Sarà necessario ritirare il biglietto gratuito prima dell’ingresso presso la
biglietteria della Area archeologica













Non è possibile l’acquisto on-line dei biglietti.",,,,,,,,,
http://dati.beniculturali.it/mibact/eventi/resource/CulturalEvent/48145,Domenica al museo 6 settembre 2026 – Biblioteca Palatina,Apertura Straordinaria,"#domenicalmuseo –
6 settembre 2026 06/09/2026Torna l'iniziativa ""Domenica
al museo"" del Ministero della Cultura L'eventoIl Complesso monumentale della Pilotta, l’Antica Spezieria di San
Giovanni Evangelista, il Castello di Torrechiara e l’Area archeologica di
Veleia partecipano a Domenica al museo,
l’iniziativa promossa dal Ministero della Cultura che, ogni prima domenica del
mese, rende accessibili gratuitamente i musei, i parchi archeologici e i luoghi
della cultura statali.Domenica 6 settembre 2026 si
potrà accedere gratuitamente al Complesso monumentale della Pilotta e agli
Istituti a questo appartenenti.  OrariComplesso monumentale della Pilotta
dalle 9.00
alle 19.00 (ultimo ingresso e chiusura biglietteria alle 18.00)Galeria Nazionale: dalle 9.00 alle 19.00
(ultimo ingresso ore 18.00)
Si
prega di notare che alcune aree del Complesso saranno chiuse o potrebbero avere
orari di apertura limitati.
Per ulteriori informazioni, consultare l’elenco e gli orari dei percorsi garantiti nei giorni
di apertura gratuita all’interno del Complesso.Biblioteca Palatina – Galleria Petitot : dalle 9.00 alle 13.30
(ultimo ingresso alle 13.00)Museo archeologico nazionale: dalle 14.00 alle 19.00
(ultimo ingresso alle 18.00)Museo Bodoni: dalle 9.00 alle 13.30 Antica Spezieria di San Giovanni Evangelista
dalle 15.00
alle 19.00 (ultimo ingresso alle 18.30)
L’accesso
alla Spezieria è contingentato: la capienza massima è di 15 persone in
contemporanea.Castello di Torrechiara
dalle 11.00
alle 17.00 (ultimo ingresso e ultima emissione biglietti alle ore 16.30)Area Archeologica di Veleia romana
dalle 11.00
alle 18.30 (ultimo ingresso e ultima emissione biglietti alle ore 18.00) Percorsi garantitiSi prega di notare che alcune aree del Complesso saranno chiuse o
potrebbero avere orari di apertura limitati.
Per ulteriori informazioni, consultare l’elenco e gli orari dei percorsi garantiti nei giorni
di apertura gratuita all’interno del Complesso, sul
sito ufficiale: Home
- Complesso Monumentale della Pilotta BigliettiComplesso monumentale della Pilotta
Sarà necessario ritirare il biglietto gratuito e depositare eventuali borse
voluminose, zaini e ombrelli in biglietteria, prima dell’ingresso al Complesso.
Non è necessaria la prenotazione.Castello di Torrechiara
Sarà
necessario ritirare il biglietto gratuito prima dell’ingresso presso la
biglietteria del Castello.Area Archeologica di Veleia romana
Sarà necessario ritirare il biglietto gratuito prima dell’ingresso presso la
biglietteria della Area archeologica























































Non è possibile l’acquisto on-line dei
biglietti.",,,,,,,,,
http://dati.beniculturali.it/mibact/eventi/resource/CulturalEvent/48146,Domenica al museo 6 settembre 2026 – Museo Bodoni,Apertura Straordinaria,"#domenicalmuseo –
6 settembre 2026 06/09/2026Torna l'iniziativa ""Domenica
al museo"" del Ministero della Cultura L'eventoIl Complesso monumentale della Pilotta, l’Antica Spezieria di San
Giovanni Evangelista, il Castello di Torrechiara e l’Area archeologica di
Veleia partecipano a Domenica al museo,
l’iniziativa promossa dal Ministero della Cultura che, ogni prima domenica del
mese, rende accessibili gratuitamente i musei, i parchi archeologici e i luoghi
della cultura statali.Domenica 6 settembre 2026 si
potrà accedere gratuitamente al Complesso monumentale della Pilotta e agli
Istituti a questo appartenenti.  OrariComplesso monumentale della Pilotta
dalle 9.00
alle 19.00 (ultimo ingresso e chiusura biglietteria alle 18.00)Galeria Nazionale: dalle 9.00 alle 19.00
(ultimo ingresso ore 18.00)
Si
prega di notare che alcune aree del Complesso saranno chiuse o potrebbero avere
orari di apertura limitati.
Per ulteriori informazioni, consultare l’elenco e gli orari dei percorsi garantiti nei giorni
di apertura gratuita all’interno del Complesso.Biblioteca Palatina – Galleria Petitot : dalle 9.00 alle 13.30
(ultimo ingresso alle 13.00)Museo archeologico nazionale: dalle 14.00 alle 19.00
(ultimo ingresso alle 18.00)Museo Bodoni: dalle 9.00 alle 13.30 Antica Spezieria di San Giovanni Evangelista
dalle 15.00
alle 19.00 (ultimo ingresso alle 18.30)
L’accesso
alla Spezieria è contingentato: la capienza massima è di 15 persone in
contemporanea.Castello di Torrechiara
dalle 11.00
alle 17.00 (ultimo ingresso e ultima emissione biglietti alle ore 16.30)Area Archeologica di Veleia romana
dalle 11.00
alle 18.30 (ultimo ingresso e ultima emissione biglietti alle ore 18.00) Percorsi garantitiSi prega di notare che alcune aree del Complesso saranno chiuse o
potrebbero avere orari di apertura limitati.
Per ulteriori informazioni, consultare l’elenco e gli orari dei percorsi garantiti nei giorni
di apertura gratuita all’interno del Complesso, sul
sito ufficiale: Home
- Complesso Monumentale della Pilotta BigliettiComplesso monumentale della Pilotta
Sarà necessario ritirare il biglietto gratuito e depositare eventuali borse
voluminose, zaini e ombrelli in biglietteria, prima dell’ingresso al Complesso.
Non è necessaria la prenotazione.Castello di Torrechiara
Sarà
necessario ritirare il biglietto gratuito prima dell’ingresso presso la
biglietteria del Castello.Area Archeologica di Veleia romana
Sarà necessario ritirare il biglietto gratuito prima dell’ingresso presso la
biglietteria della Area archeologica























































Non è possibile l’acquisto on-line dei
biglietti.",,,,,,,,,
http://dati.beniculturali.it/mibact/eventi/resource/CulturalEvent/48147,Domenica al museo 6 settembre 2026 – Galleria Nazionale di Parma,Apertura Straordinaria,"#domenicalmuseo –
6 settembre 2026 06/09/2026Torna l'iniziativa ""Domenica
al museo"" del Ministero della Cultura L'eventoIl Complesso monumentale della Pilotta, l’Antica Spezieria di San
Giovanni Evangelista, il Castello di Torrechiara e l’Area archeologica di
Veleia partecipano a Domenica al museo,
l’iniziativa promossa dal Ministero della Cultura che, ogni prima domenica del
mese, rende accessibili gratuitamente i musei, i parchi archeologici e i luoghi
della cultura statali.Domenica 6 settembre 2026 si
potrà accedere gratuitamente al Complesso monumentale della Pilotta e agli
Istituti a questo appartenenti.  OrariComplesso monumentale della Pilotta
dalle 9.00
alle 19.00 (ultimo ingresso e chiusura biglietteria alle 18.00)Galeria Nazionale: dalle 9.00 alle 19.00
(ultimo ingresso ore 18.00)
Si
prega di notare che alcune aree del Complesso saranno chiuse o potrebbero avere
orari di apertura limitati.
Per ulteriori informazioni, consultare l’elenco e gli orari dei percorsi garantiti nei giorni
di apertura gratuita all’interno del Complesso.Biblioteca Palatina – Galleria Petitot : dalle 9.00 alle 13.30
(ultimo ingresso alle 13.00)Museo archeologico nazionale: dalle 14.00 alle 19.00
(ultimo ingresso alle 18.00)Museo Bodoni: dalle 9.00 alle 13.30 Antica Spezieria di San Giovanni Evangelista
dalle 15.00
alle 19.00 (ultimo ingresso alle 18.30)
L’accesso
alla Spezieria è contingentato: la capienza massima è di 15 persone in
contemporanea.Castello di Torrechiara
dalle 11.00
alle 17.00 (ultimo ingresso e ultima emissione biglietti alle ore 16.30)Area Archeologica di Veleia romana
dalle 11.00
alle 18.30 (ultimo ingresso e ultima emissione biglietti alle ore 18.00) Percorsi garantitiSi prega di notare che alcune aree del Complesso saranno chiuse o
potrebbero avere orari di apertura limitati.
Per ulteriori informazioni, consultare l’elenco e gli orari dei percorsi garantiti nei giorni
di apertura gratuita all’interno del Complesso, sul
sito ufficiale: Home
- Complesso Monumentale della Pilotta BigliettiComplesso monumentale della Pilotta
Sarà necessario ritirare il biglietto gratuito e depositare eventuali borse
voluminose, zaini e ombrelli in biglietteria, prima dell’ingresso al Complesso.
Non è necessaria la prenotazione.Castello di Torrechiara
Sarà
necessario ritirare il biglietto gratuito prima dell’ingresso presso la
biglietteria del Castello.Area Archeologica di Veleia romana
Sarà necessario ritirare il biglietto gratuito prima dell’ingresso presso la
biglietteria della Area archeologica























































Non è possibile l’acquisto on-line dei
biglietti.",,,,,,,,,
http://dati.beniculturali.it/mibact/eventi/resource/CulturalEvent/48148,Domenica al museo 6 settembre 2026 – Museo archeologico nazionale di Parma,Apertura Straordinaria,"#domenicalmuseo –
6 settembre 2026 06/09/2026Torna l'iniziativa ""Domenica
al museo"" del Ministero della Cultura L'eventoIl Complesso monumentale della Pilotta, l’Antica Spezieria di San
Giovanni Evangelista, il Castello di Torrechiara e l’Area archeologica di
Veleia partecipano a Domenica al museo,
l’iniziativa promossa dal Ministero della Cultura che, ogni prima domenica del
mese, rende accessibili gratuitamente i musei, i parchi archeologici e i luoghi
della cultura statali.Domenica 6 settembre 2026 si
potrà accedere gratuitamente al Complesso monumentale della Pilotta e agli
Istituti a questo appartenenti.  OrariComplesso monumentale della Pilotta
dalle 9.00
alle 19.00 (ultimo ingresso e chiusura biglietteria alle 18.00)Galeria Nazionale: dalle 9.00 alle 19.00
(ultimo ingresso ore 18.00)
Si
prega di notare che alcune aree del Complesso saranno chiuse o potrebbero avere
orari di apertura limitati.
Per ulteriori informazioni, consultare l’elenco e gli orari dei percorsi garantiti nei giorni
di apertura gratuita all’interno del Complesso.Biblioteca Palatina – Galleria Petitot : dalle 9.00 alle 13.30
(ultimo ingresso alle 13.00)Museo archeologico nazionale: dalle 14.00 alle 19.00
(ultimo ingresso alle 18.00)Museo Bodoni: dalle 9.00 alle 13.30 Antica Spezieria di San Giovanni Evangelista
dalle 15.00
alle 19.00 (ultimo ingresso alle 18.30)
L’accesso
alla Spezieria è contingentato: la capienza massima è di 15 persone in
contemporanea.Castello di Torrechiara
dalle 11.00
alle 17.00 (ultimo ingresso e ultima emissione biglietti alle ore 16.30)Area Archeologica di Veleia romana
dalle 11.00
alle 18.30 (ultimo ingresso e ultima emissione biglietti alle ore 18.00) Percorsi garantitiSi prega di notare che alcune aree del Complesso saranno chiuse o
potrebbero avere orari di apertura limitati.
Per ulteriori informazioni, consultare l’elenco e gli orari dei percorsi garantiti nei giorni
di apertura gratuita all’interno del Complesso, sul
sito ufficiale: Home
- Complesso Monumentale della Pilotta BigliettiComplesso monumentale della Pilotta
Sarà necessario ritirare il biglietto gratuito e depositare eventuali borse
voluminose, zaini e ombrelli in biglietteria, prima dell’ingresso al Complesso.
Non è necessaria la prenotazione.Castello di Torrechiara
Sarà
necessario ritirare il biglietto gratuito prima dell’ingresso presso la
biglietteria del Castello.Area Archeologica di Veleia romana
Sarà necessario ritirare il biglietto gratuito prima dell’ingresso presso la
biglietteria della Area archeologica























































Non è possibile l’acquisto on-line dei
biglietti",,,,,,,,,
http://dati.beniculturali.it/mibact/eventi/resource/CulturalEvent/48149,Domenica al museo 6 settembre 2026 – Teatro Farnese,Apertura Straordinaria,"#domenicalmuseo –
6 settembre 2026 06/09/2026Torna l'iniziativa ""Domenica
al museo"" del Ministero della Cultura L'eventoIl Complesso monumentale della Pilotta, l’Antica Spezieria di San
Giovanni Evangelista, il Castello di Torrechiara e l’Area archeologica di
Veleia partecipano a Domenica al museo,
l’iniziativa promossa dal Ministero della Cultura che, ogni prima domenica del
mese, rende accessibili gratuitamente i musei, i parchi archeologici e i luoghi
della cultura statali.Domenica 6 settembre 2026 si
potrà accedere gratuitamente al Complesso monumentale della Pilotta e agli
Istituti a questo appartenenti.  OrariComplesso monumentale della Pilotta
dalle 9.00
alle 19.00 (ultimo ingresso e chiusura biglietteria alle 18.00)Galeria Nazionale: dalle 9.00 alle 19.00
(ultimo ingresso ore 18.00)
Si
prega di notare che alcune aree del Complesso saranno chiuse o potrebbero avere
orari di apertura limitati.
Per ulteriori informazioni, consultare l’elenco e gli orari dei percorsi garantiti nei giorni
di apertura gratuita all’interno del Complesso.Biblioteca Palatina – Galleria Petitot : dalle 9.00 alle 13.30
(ultimo ingresso alle 13.00)Museo archeologico nazionale: dalle 14.00 alle 19.00
(ultimo ingresso alle 18.00)Museo Bodoni: dalle 9.00 alle 13.30 Antica Spezieria di San Giovanni Evangelista
dalle 15.00
alle 19.00 (ultimo ingresso alle 18.30)
L’accesso
alla Spezieria è contingentato: la capienza massima è di 15 persone in
contemporanea.Castello di Torrechiara
dalle 11.00
alle 17.00 (ultimo ingresso e ultima emissione biglietti alle ore 16.30)Area Archeologica di Veleia romana
dalle 11.00
alle 18.30 (ultimo ingresso e ultima emissione biglietti alle ore 18.00) Percorsi garantitiSi prega di notare che alcune aree del Complesso saranno chiuse o
potrebbero avere orari di apertura limitati.
Per ulteriori informazioni, consultare l’elenco e gli orari dei percorsi garantiti nei giorni
di apertura gratuita all’interno del Complesso, sul
sito ufficiale: Home
- Complesso Monumentale della Pilotta BigliettiComplesso monumentale della Pilotta
Sarà necessario ritirare il biglietto gratuito e depositare eventuali borse
voluminose, zaini e ombrelli in biglietteria, prima dell’ingresso al Complesso.
Non è necessaria la prenotazione.Castello di Torrechiara
Sarà
necessario ritirare il biglietto gratuito prima dell’ingresso presso la
biglietteria del Castello.Area Archeologica di Veleia romana
Sarà necessario ritirare il biglietto gratuito prima dell’ingresso presso la
biglietteria della Area archeologica























































Non è possibile l’acquisto on-line dei biglietti.",,,,,,,,,
http://dati.beniculturali.it/mibact/eventi/resource/CulturalEvent/48150,“La sezione musica della Biblioteca Nazionale di Cosenza. Il ruolo di donazioni e lasciti”.,Convegno/conferenza,"Alla
Biblioteca Nazionale di Cosenza un incontro dedicato al patrimonio musicale e
al valore delle donazioniGiovedì
10 settembre, alle ore 10:00, la Sala “Giorgio Leone” della Biblioteca
Nazionale di Cosenza ospiterà l’incontro-dibattito sul tema: “La sezione musica
della Biblioteca Nazionale di Cosenza. Il ruolo di donazioni e lasciti”.L'iniziativa
intende porre l'accento sull’importanza delle elargizioni private nel costante
arricchimento della memoria culturale pubblica. Tra queste spicca la recente e
preziosa donazione della pianista, didatta, e compositrice cosentina Patrizia
Casole: un variegato patrimonio risalente principalmente al periodo tra le due
guerre mondiali. La raccolta abbraccia repertori classici e contaminazioni
internazionali (dalla cultura americana a quella francese e spagnola),
includendo spartiti e trascrizioni rare — con importanti prime edizioni e
curiosità storiche —, libretti operistici con raffinate copertine in stile Art
Nouveau, saggi e volumi storico-musicali di pregio, riviste di ambito
neuroscientifico e CD di difficile reperibilità.L'evento
si aprirà con i saluti del Direttore della Biblioteca Nazionale di Cosenza,
Emanuela Bottalico, e della Delegata alla Cultura del Comune di Cosenza,
Antonietta Cozza.A
seguire, il dibattito vedrà gli interventi del docente Unical Giuseppe
Spadafora, del critico musicale Amedeo Furfaro e della Presidente
dell’Associazione “Ars Enotria”, Anna Stella Cirigliano che delineerà il
profilo artistico e umano della professoressa Casole.









La giornata si
concluderà con la presentazione dei materiali musicali e figurativi oggetto
della donazione, alla presenza della professoressa Casole",,,,,,,,,http://media.beniculturali.it/mibac/files/boards/26914c86f5b568b225f306cc67a084cf/Eventi%202026/Casole%20Laravel%20(50).png
http://dati.beniculturali.it/mibact/eventi/resource/CulturalEvent/48151,Domenica al museo 6 settembre 2026 – Antica spezieria di San Giovanni Evangelista,Apertura festiva,"#domenicalmuseo –
6 settembre 2026 06/09/2026Torna l'iniziativa ""Domenica
al museo"" del Ministero della Cultura L'eventoIl Complesso monumentale della Pilotta, l’Antica Spezieria di San
Giovanni Evangelista, il Castello di Torrechiara e l’Area archeologica di
Veleia partecipano a Domenica al museo,
l’iniziativa promossa dal Ministero della Cultura che, ogni prima domenica del
mese, rende accessibili gratuitamente i musei, i parchi archeologici e i luoghi
della cultura statali.Domenica 6 settembre 2026 si
potrà accedere gratuitamente al Complesso monumentale della Pilotta e agli
Istituti a questo appartenenti.  OrariComplesso monumentale della Pilotta
dalle 9.00
alle 19.00 (ultimo ingresso e chiusura biglietteria alle 18.00)Galeria Nazionale: dalle 9.00 alle 19.00
(ultimo ingresso ore 18.00)
Si
prega di notare che alcune aree del Complesso saranno chiuse o potrebbero avere
orari di apertura limitati.
Per ulteriori informazioni, consultare l’elenco e gli orari dei percorsi garantiti nei giorni
di apertura gratuita all’interno del Complesso.Biblioteca Palatina – Galleria Petitot : dalle 9.00 alle 13.30
(ultimo ingresso alle 13.00)Museo archeologico nazionale: dalle 14.00 alle 19.00
(ultimo ingresso alle 18.00)Museo Bodoni: dalle 9.00 alle 13.30 Antica Spezieria di San Giovanni Evangelista
dalle 15.00
alle 19.00 (ultimo ingresso alle 18.30)
L’accesso
alla Spezieria è contingentato: la capienza massima è di 15 persone in
contemporanea.Castello di Torrechiara
dalle 11.00
alle 17.00 (ultimo ingresso e ultima emissione biglietti alle ore 16.30)Area Archeologica di Veleia romana
dalle 11.00
alle 18.30 (ultimo ingresso e ultima emissione biglietti alle ore 18.00) Percorsi garantitiSi prega di notare che alcune aree del Complesso saranno chiuse o
potrebbero avere orari di apertura limitati.
Per ulteriori informazioni, consultare l’elenco e gli orari dei percorsi garantiti nei giorni
di apertura gratuita all’interno del Complesso, sul
sito ufficiale: Home
- Complesso Monumentale della Pilotta BigliettiComplesso monumentale della Pilotta
Sarà necessario ritirare il biglietto gratuito e depositare eventuali borse
voluminose, zaini e ombrelli in biglietteria, prima dell’ingresso al Complesso.
Non è necessaria la prenotazione.Castello di Torrechiara
Sarà
necessario ritirare il biglietto gratuito prima dell’ingresso presso la
biglietteria del Castello.Area Archeologica di Veleia romana
Sarà necessario ritirare il biglietto gratuito prima dell’ingresso presso la
biglietteria della Area archeologica























































Non è possibile l’acquisto on-line dei biglietti.",,,,,,,,,
http://dati.beniculturali.it/mibact/eventi/resource/CulturalEvent/48152,Domenica al museo 6 settembre 2026 – Castello di Torrechiara,Apertura Straordinaria,"#domenicalmuseo –
6 settembre 2026 06/09/2026Torna l'iniziativa ""Domenica
al museo"" del Ministero della Cultura L'eventoIl Complesso monumentale della Pilotta, l’Antica Spezieria di San
Giovanni Evangelista, il Castello di Torrechiara e l’Area archeologica di
Veleia partecipano a Domenica al museo,
l’iniziativa promossa dal Ministero della Cultura che, ogni prima domenica del
mese, rende accessibili gratuitamente i musei, i parchi archeologici e i luoghi
della cultura statali.Domenica 6 settembre 2026 si
potrà accedere gratuitamente al Complesso monumentale della Pilotta e agli
Istituti a questo appartenenti.  OrariComplesso monumentale della Pilotta
dalle 9.00
alle 19.00 (ultimo ingresso e chiusura biglietteria alle 18.00)Galeria Nazionale: dalle 9.00 alle 19.00
(ultimo ingresso ore 18.00)
Si
prega di notare che alcune aree del Complesso saranno chiuse o potrebbero avere
orari di apertura limitati.
Per ulteriori informazioni, consultare l’elenco e gli orari dei percorsi garantiti nei giorni
di apertura gratuita all’interno del Complesso.Biblioteca Palatina – Galleria Petitot : dalle 9.00 alle 13.30
(ultimo ingresso alle 13.00)Museo archeologico nazionale: dalle 14.00 alle 19.00
(ultimo ingresso alle 18.00)Museo Bodoni: dalle 9.00 alle 13.30 Antica Spezieria di San Giovanni Evangelista
dalle 15.00
alle 19.00 (ultimo ingresso alle 18.30)
L’accesso
alla Spezieria è contingentato: la capienza massima è di 15 persone in
contemporanea.Castello di Torrechiara
dalle 11.00
alle 17.00 (ultimo ingresso e ultima emissione biglietti alle ore 16.30)Area Archeologica di Veleia romana
dalle 11.00
alle 18.30 (ultimo ingresso e ultima emissione biglietti alle ore 18.00) Percorsi garantitiSi prega di notare che alcune aree del Complesso saranno chiuse o
potrebbero avere orari di apertura limitati.
Per ulteriori informazioni, consultare l’elenco e gli orari dei percorsi garantiti nei giorni
di apertura gratuita all’interno del Complesso, sul
sito ufficiale: Home
- Complesso Monumentale della Pilotta BigliettiComplesso monumentale della Pilotta
Sarà necessario ritirare il biglietto gratuito e depositare eventuali borse
voluminose, zaini e ombrelli in biglietteria, prima dell’ingresso al Complesso.
Non è necessaria la prenotazione.Castello di Torrechiara
Sarà
necessario ritirare il biglietto gratuito prima dell’ingresso presso la
biglietteria del Castello.Area Archeologica di Veleia romana
Sarà necessario ritirare il biglietto gratuito prima dell’ingresso presso la
biglietteria della Area archeologica























































Non è possibile l’acquisto on-line dei
biglietti.",,,,,,,,,
http://dati.beniculturali.it/mibact/eventi/resource/CulturalEvent/48153,Domenica al museo 6 settembre 2026 - Complesso monumentale della Pilotta,Apertura festiva,"#domenicalmuseo –
6 settembre 2026 06/09/2026Torna l'iniziativa ""Domenica
al museo"" del Ministero della Cultura L'eventoIl Complesso monumentale della Pilotta, l’Antica Spezieria di San
Giovanni Evangelista, il Castello di Torrechiara e l’Area archeologica di
Veleia partecipano a Domenica al museo,
l’iniziativa promossa dal Ministero della Cultura che, ogni prima domenica del
mese, rende accessibili gratuitamente i musei, i parchi archeologici e i luoghi
della cultura statali.Domenica 6 settembre 2026 si
potrà accedere gratuitamente al Complesso monumentale della Pilotta e agli
Istituti a questo appartenenti.  OrariComplesso monumentale della Pilotta
dalle 9.00
alle 19.00 (ultimo ingresso e chiusura biglietteria alle 18.00)Galeria Nazionale: dalle 9.00 alle 19.00
(ultimo ingresso ore 18.00)
Si
prega di notare che alcune aree del Complesso saranno chiuse o potrebbero avere
orari di apertura limitati.
Per ulteriori informazioni, consultare l’elenco e gli orari dei percorsi garantiti nei giorni
di apertura gratuita all’interno del Complesso.Biblioteca Palatina – Galleria Petitot : dalle 9.00 alle 13.30
(ultimo ingresso alle 13.00)Museo archeologico nazionale: dalle 14.00 alle 19.00
(ultimo ingresso alle 18.00)Museo Bodoni: dalle 9.00 alle 13.30 Antica Spezieria di San Giovanni Evangelista
dalle 15.00
alle 19.00 (ultimo ingresso alle 18.30)
L’accesso
alla Spezieria è contingentato: la capienza massima è di 15 persone in
contemporanea.Castello di Torrechiara
dalle 11.00
alle 17.00 (ultimo ingresso e ultima emissione biglietti alle ore 16.30)Area Archeologica di Veleia romana
dalle 11.00
alle 18.30 (ultimo ingresso e ultima emissione biglietti alle ore 18.00) Percorsi garantitiSi prega di notare che alcune aree del Complesso saranno chiuse o
potrebbero avere orari di apertura limitati.
Per ulteriori informazioni, consultare l’elenco e gli orari dei percorsi garantiti nei giorni
di apertura gratuita all’interno del Complesso, sul
sito ufficiale: Home
- Complesso Monumentale della Pilotta BigliettiComplesso monumentale della Pilotta
Sarà necessario ritirare il biglietto gratuito e depositare eventuali borse
voluminose, zaini e ombrelli in biglietteria, prima dell’ingresso al Complesso.
Non è necessaria la prenotazione.Castello di Torrechiara
Sarà
necessario ritirare il biglietto gratuito prima dell’ingresso presso la
biglietteria del Castello.Area Archeologica di Veleia romana
Sarà necessario ritirare il biglietto gratuito prima dell’ingresso presso la
biglietteria della Area archeologica























































Non è possibile l’acquisto on-line dei biglietti.",,,,,,,,,
http://dati.beniculturali.it/mibact/eventi/resource/CulturalEvent/48154,Passeggiata Patrimoniale nel Peronio di Vicenza,Visita Libera,"Passeggiata Patrimoniale nel Peronio di Vicenza, organizzata da Club for UNESCO Vicenza.La Passeggiata ha l’obiettivo di valorizzare il patrimonio architettonico del Quattrocento Vicentino, sede del potere giuridico (Palazzo Podestà) e del potere militare (Palazzo Capitanio), attraverso una passeggiata attiva del Peronio. Il nome Peronio indica la mappa del 1481 che delimitata la zona delle Piazze che circondavano il Palazzo della Ragione di Vicenza. Durante la Passeggiata i partecipanti potranno scattare delle foto e inviarle al Club for UNESCO Vicenza. Le foto verranno pubblicate sul sito Instagram del Club per diffondere le European Heritage Walks. L’evento prevede un incontro preparatorio il 23 settembre a Palazzo Costantini, Contrà Reale 13, Vicenza, dalle 17.00 alle 19.00. L’evento è gratuito.Verrà distribuita una Guida storica descrittiva delle sette tappe della Passeggiata. Luogo e ora di incontro: ore 10.00 a Palazzo Trissino, Corso Palladio, 98, Vicenza.Il percorso si chiuderà 13.00 presso la Loggia del Capitaniato, Piazza Signori 1, VicenzaEventoFacebook: Club for Unesco VicenzaInstagram: clubforunescovicenza",,,,,,,,,
http://dati.beniculturali.it/mibact/eventi/resource/CulturalEvent/48155,La Galleria degli specchi di Palazzo Spinola a lume di candela e la tavola delle feste_Copia_Copia_Copia_Copia_Copia_Copia_Copia,Attività Didattica,"Sabato 5 settembre 2026 | ore 16:00Alla scoperta di Palazzo Realevisita guidata per famiglie con bambini 5-12 anniChi abitava uno dei palazzi più belli della città? cosa succedeva nelle magnifiche sale del Secondo Piano Nobile? Davvero il re ha dormito nel letto che si vede lungo il percorso? E la regina? Cosa rappresentano le statue, i dipinti e gli affreschi che impreziosiscono gli ambienti?A queste e a -speriamo- tante altre domande risponderemo con una visita guidata dedicata ai giovanissimi visitatori di Palazzo Reale e a alle loro famiglievisita guidata a cura dei Servizi Educativi dei Musei Nazionali di Genovaingresso e visita guidata gratuiti per i minori di anni 18, aventi diritto e card MNG/ accompagnatori (massimo 2 per bambino) 6€/ 18-25 anni 2€posti limitati, per prenotare palazzorealegenova.servizioeducativo@cultura.gov.it",,,,,,,,,http://media.beniculturali.it/mibac/files/4367/kidpass2021_Ed%20ecco%20a%20voi….sua%20maestà%20la%20Rosa.jpg
http://dati.beniculturali.it/mibact/eventi/resource/CulturalEvent/48156,Domenica al museo a Palazzo Spinola e a Palazzo Reale di Genova | 5 novembre_Copia_Copia_Copia_Copia_Copia_Copia_Copia_Copia_Copia_Copia_Copia_Copia_Copia_Copia_Copia_Copia_Copia_Copia_Copia_Copia_Copia_Copia_Copia,Apertura festiva,Domenica 6 settembre 2026 i Musei Nazionali di Genova (Palazzo Reale e Palazzo Spinola) saranno aperti dalle 13:30 alle 19:00 con INGRESSO GRATUITO in occasione della Domenica al museoPrenotazione non richiesta. Ultimo ingresso 18:30.,,,,,,,,,http://media.beniculturali.it/mibac/files/4367/Spinola%20atrio.jpg
http://dati.beniculturali.it/mibact/eventi/resource/CulturalEvent/48157,Domenica al museo a Palazzo Spinola e a Palazzo Reale di Genova | 5 novembre_Copia_Copia_Copia_Copia_Copia_Copia_Copia_Copia_Copia_Copia_Copia_Copia_Copia_Copia_Copia_Copia_Copia_Copia_Copia_Copia_Copia_Copia_Copia,Apertura festiva,Domenica 6 settembre 2026 i Musei Nazionali di Genova (Palazzo Reale e Palazzo Spinola) saranno aperti dalle 13:30 alle 19:00 con INGRESSO GRATUITO in occasione della Domenica al museoPrenotazione non richiesta. Ultimo ingresso 18:30.,,,,,,,,,http://media.beniculturali.it/mibac/files/boards/8204b886f2abe264b13f92bd1b94be55/07.%20Sala%20delle%20Udienze%20Palazzo%20Reale%20genova.jpg
http://dati.beniculturali.it/mibact/eventi/resource/CulturalEvent/48158,Sere d’estate 2025. Arte e lirica a Palazzo Reale di Genova_Copia_Copia_Copia_Copia,Concerto,"I mille volti della musica e della danzaperformance immersiva corale in collaborazione con l’Associazione MusicamicaDomenica 13 settembre | ore 16:00Bosso ConceptIvana Zecca, clarinettoJorge A.Bosso, violoncelloDanceHauspiù Rebecca Bassoli e Maksym Petrashchuck, danzatoribiglietto evento 6€/ gratuito aventi diritto e card MNG + per tutti contributo libero all’Associazione Musicamicainformazioni e prenotazioni: palazzorealegenova@cultura.gov.itUn clarinetto e un violoncello; musica del passato e musica attuale abbracciano la parola danzata di una coppia di danzatori, accolti da una cornice privilegiata, tra la magnificenza delle divinità barocche affrescate sulle volte e l’illusione ottica di luci e riflessi che si rincorrono nei grandi specchi veneziani. Tra queste antiche mura di Palazzo Reale, lo sfarzo dei secoli d’oro diventa carne e respiro, mentre i corpi dei danzatori vibrano all’unisono con le prospettive dorate della dimora, fondendo l’istante del movimento umano con il sogno eterno impresso nella pietra.Lo spazio sonoro pervaso di suoni lontani e pensieri contemporanei si fonde con la danza nelle sue inesauribili sfumature scandite dall’improvvisazione. Le antiche mura si pronunciano, i silenti affreschi – nella loro quiete taciturna – si raccontano, e ci raccontano.Custodi di una memoria secolare.Il coreografo Matteo Bittante, e i danzatori della sua compagnia DANCEHAUSpiù, intessono un dialogo ricco e policromo con i musicisti di BossoConcept, permeato dalle cristalline e diafane geometrie dei loro gesti, dei loro sguardi.Danziamo con la mente nel tentativo di proporre una sagoma alle rivelazioni della nostra anima.Espressione privilegiata, dove il segno astratto si tramuta in movimento alla sempiterna ricerca di noi stessi.E la consapevolezza dell’istante diviene luce ed esercizio d’identità.",,,,,,,,,http://media.beniculturali.it/mibac/files/boards/8204b886f2abe264b13f92bd1b94be55/Concerti%20a%20Palazzo%20Reale.jpg
http://dati.beniculturali.it/mibact/eventi/resource/CulturalEvent/48159,GEP 2026,Mostra,"﻿Percorso espositivo “Sliding” che interpreta il cambiamento come movimento naturale, fluido, generativo e valorizza il patrimonio culturale come organismo vivo capace di trasformarsi e dialogare con il presente. La mostra si terrà presso il museo CUBO situato nella Unipol Tower di Milano con ingresso gratuito previsto dalle 14:30 alle 19:30.Luogo evento: CUBO Unipol TowerComune: MilanoIndirizzo: via Fratelli Castiglioni 2Provincia:  MI",,,,,,,,,http://media.beniculturali.it/mibac/files/boards/bfa844dbe37608b113348836519416de/GEP2026/CUBO%20in%20Unipol%20Tower.jpg
http://dati.beniculturali.it/mibact/eventi/resource/CulturalEvent/48161,Parole antiche per pensieri nuovi. II edizione. Il Viaggio - Palazzo Reale di Genova_Copia_Copia_Copia_Copia_Copia,Apertura festiva,Domenica 27 settembre In occasione delle Giornate Europee del Patrimonio Palazzo Reale e Palazzo Spinola saranno eccezionalmente aperti dalle 10:00 alle 18:00.Ultimo ingresso 17:30. Bigliettazione ordinaria,,,,,,,,,http://media.beniculturali.it/mibac/files/boards/8204b886f2abe264b13f92bd1b94be55/Palazzo%20Reale_facciata%20interna.jpg
http://dati.beniculturali.it/mibact/eventi/resource/CulturalEvent/48162,Parole antiche per pensieri nuovi. II edizione. Il Viaggio - Palazzo Reale di Genova_Copia_Copia_Copia_Copia_Copia_Copia,Apertura Straordinaria,"Sabato 26 e domenica 27 settembre 2026 tornano in Italia le GEP – Giornate Europee del Patrimonio (European Heritage Days), la più estesa e partecipata manifestazione culturale d’Europa, promossa dal Consiglio d’Europa e dalla Commissione Europea e coordinata per l’Italia dal Ministero della Cultura.Sabato 26 settembre Palazzo Reale sarà aperto dalle 9:00 alle 23:00 (ultimo ingresso ore 22.30)fino alle 19:00 bigliettazione ordinaria -&nbsp;dalle 19:00 alle 23:00 biglietto speciale a 1 €Alle ore 21:00 visita guidata ""Sotto una Nuova Luce"" (compresa nel prezzo del biglietto)In accordo con il tema dell’edizione 2026 è Proteggere il patrimonio. Rinnovare, resistere, reinventare vi invitiamo ad una visita guidata alle sale di Palazzo Reale, recentemente dotate di una nuova illuminazione – finanziata con fondi PNRR- volta a rendere più fruibile il prezioso patrimonio in esse custodito migliorando la sicurezza e riducendo i consumi energetici.posti limitati, per prenotare: palazzorealegenova@cultura.gov.itDomenica 27 settembre: i Musei Nazionali di Genova saranno aperti dalle 10:00 alle 18:00 (ultimo ingresso ore 18:30;&nbsp;bigliettazione ordinaria)",,,,,,,,,http://media.beniculturali.it/mibac/files/boards/8204b886f2abe264b13f92bd1b94be55/Sere%20d'Estate_Palazzo%20Reale%20Genova.jpg
http://dati.beniculturali.it/mibact/eventi/resource/CulturalEvent/48163,La regina disadorna a Palazzo Spinola_Copia_Copia_Copia,Apertura Straordinaria,"In occasione delle Giornate Europee del Patrimonio (European Heritage Days), la più estesa e partecipata manifestazione culturale d'Europa coordinata in Italia dal Ministero della Cultura, Palazzo Spinola sabato 26 settembre 2026 sarà aperto fino alle 23.00 (ultimo ingresso 22.30). Dalle 19.00 l'ingresso sarà con biglietto al prezzo simbolico di 1 €. Domenica 27 settembre 2026 i Musei Nazionali di Genova saranno straordinariamente aperti dalle 10:00 alle 18:00 (bigliettazione ordinaria; ultimo ingresso 17:30).Alle ore 16:00 di domenica 27 settembre Palazzo Spinola ospiterà il concerto ""Verdi note"", con Samantha Sapienza, soprano, Nadia Testa, pianoforte. In collaborazione con l'Associazione Musicamica (biglietto 6€ + contributo libero per Musicamica; prenotazione a: palazzospinola@cultura.gov.it).",,,,,,,,,http://media.beniculturali.it/mibac/files/5294/Palazzo%20Spinola/Spinola_2021_136.jpg
http://dati.beniculturali.it/mibact/eventi/resource/CulturalEvent/48164,I suoni dei luoghi 2026-Venosa,Concerto,"Il 6 settembre, h. 20, nell'ambito della prima edizione del festival ""I suoni dei luoghi"", concerto della Nuova Compagnia di Canto Popolare. Acquisto biglietto sull'app di Musei Italiani.",,,,,,,,,
http://dati.beniculturali.it/mibact/eventi/resource/CulturalEvent/48165,La regina disadorna a Palazzo Spinola_Copia_Copia_Copia_Copia,Apertura festiva,"In occasione delle Giornate Europee del Patrimonio (European Heritage Days), la più estesa e partecipata manifestazione culturale d'Europa coordinata in Italia dal Ministero della Cultura, domenica 27 settembre 2026 i Musei Nazionali di Genova saranno straordinariamente aperti dalle 10:00 alle 18:00 (bigliettazione ordinaria; ultimo ingresso 17:30).Alle ore 16:00 di domenica 27 settembre Palazzo Spinola ospiterà il concerto ""Verdi note"", con Samantha Sapienza, soprano, Nadia Testa, pianoforte. In collaborazione con l'Associazione Musicamica (biglietto 6€ + contributo libero per Musicamica; prenotazione a: palazzospinola@cultura.gov.it).",,,,,,,,,http://media.beniculturali.it/mibac/files/boards/8204b886f2abe264b13f92bd1b94be55/Spinola_Concerti_PIOLA%20(7).jpg
http://dati.beniculturali.it/mibact/eventi/resource/CulturalEvent/48166,Concerti di Primavera a Palazzo Spinola | aprile-giugno 2025_Copia_Copia_Copia,Concerto,"﻿Ciclo di concerti di musica da camera e vocale a cura dell’Associazione Amici del Teatro Carlo Felice e del Conservatorio Nicolò Paganini. Gli artisti sono in gran parte allievi o diplomati del Conservatorio Niccolò Paganini e di altri conservatori italiani e stranieri.L’ingresso in museo in occasione di questi concerti prevede il pagamento del biglietto evento (€ 6,00, incluso di visita al museo). Ingresso gratuito per i possessori della Card dei Musei Nazionali di Genova e gli aventi diritto.Programmavenerdì 25 settembre | ore 16:00Esdras Maddalon, chitarramercoledì 30 settembre | ore 16:00TRIO NIKEFederica Franchi, violinoAlessandro Mauriello, violoncelloValeria Fasiello, pianofortevenerdì 2 ottobre | ore 16:00Nicolò Rossi, pianofortevenerdì 16 ottobre | ore 16:00DUO CELENTANO – MONTELLAValerio Celentano e Nicola Montella, chitarrevenerdì 30 ottobre | ore 16:00TRIO DAVID GRAMAGLIA
Gloria Santarelli, violino
Chiara Mazzocchi, viola
Tommaso Castellano, violoncellovenerdì 13 novembre | ore 16:00Concerto Vincitore premio ""Eugenio De Luca""venerdì 27 novembre | ore 16:00Carola Puppo e Daniela Canepa, violoncelli",,,,,,,,,http://media.beniculturali.it/mibac/files/boards/8204b886f2abe264b13f92bd1b94be55/Spinola_Concerti_Piola_Putti.jpg
http://dati.beniculturali.it/mibact/eventi/resource/CulturalEvent/48167,GEP 2026 - Dialoghi con l’arte e il territorio – VII edizione,Attività Didattica,"Un itinerario
tematico sul patrimonio artistico contemporaneo della Galleria Civica del
Palazzo della Cultura. Seguirà un’esperienza
laboratoriale che permetterà di conoscere gli artisti attraverso i cataloghi
d’arte, di analizzare un’opera pittorica e, di percepire la stessa in modo
nuovo a seconda del contesto, dell’esposizione e della tematica che si vuole
raccontare. Si potrà così
immaginare il “proprio museo”: un percorso a tappe guiderà i visitatori a
decidere come esporre una parte del patrimonio artistico curandone
l’allestimento degli spazi museali, dando nuovo dialogo ai manufatti esposti al
Palazzo della Cultura ed elaborando nuove esperienze di fruizione. Il tutto
sarà realizzato attraverso un elaborato grafico che risponderà a diversi
quesiti-guida progettuali.





Si discorrerà,
inoltre, sui desiderata dei partecipanti per reinventare il presente e le
modalità di trasmissione del patrimonio culturale alla società futura.",,,,,,,,,
http://dati.beniculturali.it/mibact/eventi/resource/CulturalEvent/48171,GEP 2026 - Il più piccolo teatro all’italiana: dagli ultimi spettacoli degli anni ’50 ad oggi,Visita Guidata,"Il più piccolo teatro all’italiana: dagli ultimi spettacoli degli anni
’50 ad oggiVisite
guidate al Teatro Cittadino di Noicàttaro, considerato il teatro all’italiana
più piccolo al mondo, sugli ultimi spettacoli andati in scena negli anni ’50
del secolo scorso prima dell’abbandono dello stesso. Grazie al contributo della
Biblioteca Comunale “G. Di Vittorio” saranno mostrate inedite foto-cartoline
dell’epoca che si intrecceranno con ricerche storiche del gruppo di studio di
“Alla Scoperta di Noja”, antico nome del paese. Un viaggio
fatto di foto, documenti e suggestioni, passando dal racconto degli ultimi
lavori di restauro che hanno interessato il teatro, fino ad arrivare ai primi
spettacoli che hanno dato nuova vitalità allo stesso dopo più di 60 anni di
inattività.



Le visite guidate delle Giornate Europee del Patrimonio daranno la possibilità di scoprire, ancora una volta,
frammenti di storia unita all’unicità e alla bellezza del luogo come nostro
patrimonio culturale da tutelare che ha resistito alle molteplici sfide del
tempo e che è pronto a rinnovarsi.Si accede su
prenotazione al numero 376 0517193",,,,,,,,,
http://dati.beniculturali.it/mibact/eventi/resource/CulturalEvent/48172,Giornate Europee del Patrimonio 2026 al Museo Mario Praz - 26 e 27 settembre,Visita Guidata,"In occasione delle Giornate Europee del Patrimonio 2026, dedicate al tema Proteggere il patrimonio. Rinnovare, resistere, reinventare, la Casa Museo Mario Praz porta il visitatore nel “dietro le quinte” del restauro. Attraverso visite guidate a cura dei restauratori e del personale del museo, il pubblico scoprirà gli interventi conservativi realizzati nell’ultimo biennio su dipinti, arredi e oggetti della collezione, approfondendo le tecniche, le metodologie e le sfide che accompagnano la tutela del patrimonio.Un’occasione per conoscere da vicino il lavoro del restauratore e comprendere come ricerca, innovazione e conservazione contribuiscano a preservare e valorizzare il patrimonio culturale.Le visite guidate dedicate agli interventi di restauro si svolgeranno nei seguenti orari:Sabato 26 settembre 2026ore 18:00 – durata 40 minutiDomenica 27 settembre 2026 ore 16:00 – durata 40 minutiPartecipazione fino a esaurimento posti.",,,,,,,,,http://media.beniculturali.it/mibac/files/boards/128ae52db40cae8510626c2ef301bafd/2026/GEP%20-%20GIORNATE%20EUROPEE%20DEL%20PATRIMONIO/GEP_ApertureDiurne_Card.jpg
http://dati.beniculturali.it/mibact/eventi/resource/CulturalEvent/48173,Giornate Europee del Patrimonio 2026 al Museo Mario Praz - 27 settembre,Apertura Straordinaria,"In occasione delle Giornate Europee del Patrimonio 2026, dedicate al tema Proteggere il patrimonio. Rinnovare, resistere, reinventare, la Casa Museo Mario Praz porta il visitatore nel “dietro le quinte” del restauro. Attraverso visite guidate a cura dei restauratori e del personale del museo, il pubblico scoprirà gli interventi conservativi realizzati nell’ultimo biennio su dipinti, arredi e oggetti della collezione, approfondendo le tecniche, le metodologie e le sfide che accompagnano la tutela del patrimonio.Un’occasione per conoscere da vicino il lavoro del restauratore e comprendere come ricerca, innovazione e conservazione contribuiscano a preservare e valorizzare il patrimonio culturale.Le visite guidate dedicate agli interventi di restauro si svolgeranno nei seguenti orari:Sabato 26 settembre 2026ore 21:00 – durata 40 minutiPartecipazione fino a esaurimento posti.",,,,,,,,,http://media.beniculturali.it/mibac/files/boards/128ae52db40cae8510626c2ef301bafd/2026/GEP%20-%20GIORNATE%20EUROPEE%20DEL%20PATRIMONIO/GEP_AperturaSerale_Card.jpg
http://dati.beniculturali.it/mibact/eventi/resource/CulturalEvent/48174,XXXIII Festival Le vie del Barocco a Palazzo Spinola,Mostra,"Palazzo Spinola anche quest'anno sarà una delle sedi ospitanti del Festival
Internazionale ""Le Vie del Barocco"", giunto alla sua trentatreesima edizione, che
si svolge a Genova e in altre sedi da mercoledì 9 settembre a
sabato 7 novembre 2026.Ideato,
organizzato e promosso sin dalla sua nascita da Collegium Pro Musica, il
Festival è diretto artisticamente dal Maestro Stefano Bagliano e propone,
anche per il 2026, un ricco e articolato calendario di concerti, conferenze e
incontri in luoghi storici e monumentali di Genova e della Liguria.La
trentatreesima edizione del Festival Internazionale Le Vie del
Barocco ha ricevuto il patrocinio e il sostegno del Ministero della
Cultura, della Regione Liguria e del Comune di Genova, il sostegno della
Fondazione De Mari CR Savona e il patrocinio del Municipio VIII Medio Levante.Il
programma, incentrato sulla musica barocca del Diciassettesimo e Diciottesimo
secolo, si apre anche al repertorio classico e contemporaneo, con incursioni
nella musica antica, nel jazz, nella danza e nelle più diverse forme di
contaminazione artistica, proseguendo una linea di ricerca avviata ormai da
alcuni anni.Il filo
conduttore dell'edizione 2026 edizione è Scultura: e il suono si fece
forma, un tema che intende esplorare il profondo rapporto tra musica e arti
plastiche. Il Festival accompagna il pubblico in un itinerario tra chiese,
oratori, palazzi, musei e monumenti, mettendo in dialogo le forme scolpite, la
materia e la dimensione immateriale del suono. Concerti di alto livello si
alterneranno a presentazioni di opere scultoree, conferenze e letture
storico-artistiche, in un percorso capace di valorizzare il patrimonio
culturale dei territori coinvolti e di restituire nuova vitalità a spazi di
straordinaria bellezza.Gli appuntamenti del ciclo a Palazzo SpinolaMartedì 29 settembre | ore 17:00A colpi di martelletto. Duo Picello BrosFrancesco e Angelo
     Pepicelli. Musiche di Beethoven, Chopin e Molinelli, in prima esecuzione
     in Liguria.Martedì
     27 ottobre | ore 17:00Sbozza, incidi e intaglia, leviga, canta e balla. Giulio
     Mandrile, pianoforte, con la partecipazione di Stefano Bagliano, flauto
     dolce. Musiche di D. Scarlatti, Haydn, Clementi, Liszt e L. Picciano, in
     prima esecuzione assoluta.Ingresso con biglietto ridotto evento (€ 6,00; gratuito per minori, possessori card MNG e altri aventi diritto) + € 6,00 biglietto concerto",,,,,,,,,http://media.beniculturali.it/mibac/files/boards/8204b886f2abe264b13f92bd1b94be55/Spinola_Concerti_DE%20FERRARI.jpg
http://dati.beniculturali.it/mibact/eventi/resource/CulturalEvent/48175,Giornate Europee del Patrimonio 2026 al Museo Boncompagni Ludovisi - 26 e 27 settembre,Concerto,"Nell’ambito delle Giornate Europee del Patrimonio 2026 “Proteggere il patrimonio. Rinnovare, resistere, reinventare”, la Casa Museo Boncompagni Ludovisi presenta al pubblico due abiti in stile charleston, provenienti dalle collezioni della storica sartoria Paradisi, recentemente restaurati tramite il programma Restituzioni XX Edizione di Intesa San Paolo. Il personale vi guiderà alla riscoperta delle due opere a lungo nascoste agli occhi del pubblico e, dopo un lungo restauro, di nuovo disponibili.",,,,,,,,,http://media.beniculturali.it/mibac/files/boards/128ae52db40cae8510626c2ef301bafd/2026/GEP%20-%20GIORNATE%20EUROPEE%20DEL%20PATRIMONIO/GEP_ApertureDiurne_Card.jpg
http://dati.beniculturali.it/mibact/eventi/resource/CulturalEvent/48176,Giornate Europee del Patrimonio 2026 al Museo Boncompagni Ludovisi - 26 settembre,Apertura Straordinaria,"A chiusura della rassegna “Echi di Palazzo” la Casa Museo Boncompagni Ludovisi presenta il coinvolgente Neos Saxophone Ensemble, doppio quartetto di sassofoni che offrirà un excursus dal repertorio settecentesco fino alle espressioni musicali contemporanee. Il progetto nasce con l'obiettivo di valorizzare il patrimonio storico, artistico e culturale della Casa Museo, trasformandola in uno spazio vivo di incontro tra musica, arti decorative, costume e memoria. Le sale e il giardino del museo saranno un palcoscenico d'eccezione, capace di restituire al pubblico le atmosfere, i fasti e le suggestioni di una delle più importanti famiglie nobiliari italiane.",,,,,,,,,http://media.beniculturali.it/mibac/files/boards/128ae52db40cae8510626c2ef301bafd/2026/GEP%20-%20GIORNATE%20EUROPEE%20DEL%20PATRIMONIO/GEP_AperturaSerale_Card.jpg
http://dati.beniculturali.it/mibact/eventi/resource/CulturalEvent/48177,Giornate Europee del Patrimonio 2026 al Museo Andersen - 26 e 27 settembre,Visita Guidata,"Hendrik Christian Andersen (Bergen 1872 - Roma 1940) è stato uno scultore statunitense di origine norvegese trasferitosi a Roma alle soglie del Novecento. Nella città decide di stabilirsi, costruendo negli anni Venti la sua Villa Hélène, dedicata alla madre, divenuta poi casa-museo e aperta al pubblico dal 1999.Dal piano terra del museo partirà una visita alla scoperta della collezione scultorea di Hendrik Christian Andersen, comprendente statue di grandi dimensioni. Circondati dalle sue immense creature, sarà possibile comprendere le diverse fasi di ideazione e creazione dell'opera, dal modellino in argilla alla scultura in gesso.",,,,,,,,,http://media.beniculturali.it/mibac/files/boards/128ae52db40cae8510626c2ef301bafd/2026/GEP%20-%20GIORNATE%20EUROPEE%20DEL%20PATRIMONIO/GEP_ApertureDiurne_Card.jpg
http://dati.beniculturali.it/mibact/eventi/resource/CulturalEvent/48178,Giornate Europee del Patrimonio 2026 al Museo Andersen - 26 settembre,Apertura Straordinaria,"Un video dedicato alla vita e alla famiglia di Hendrik Christian Andersen accompagna il pubblico alla scoperta della dimensione più personale e intima dello scultore, la cui casa e le cui opere costituiscono oggi un importante patrimonio culturale conservato e accessibile al pubblico.Attraverso il racconto audiovisivo, la memoria dell'artista e della sua famiglia viene restituita alle nuove generazioni, mostrando come la tutela del patrimonio non riguardi soltanto la conservazione delle opere, ma anche la trasmissione delle storie, delle persone e dei contesti che ne hanno determinato la nascita.Il racconto della vita di Andersen diventa uno strumento per mantenere viva la memoria dell'artista come forma di protezione e trasmissione del patrimonio culturale rinnovando la relazione con il pubblico contemporaneo.",,,,,,,,,http://media.beniculturali.it/mibac/files/boards/128ae52db40cae8510626c2ef301bafd/2026/GEP%20-%20GIORNATE%20EUROPEE%20DEL%20PATRIMONIO/GEP_AperturaSerale_Card.jpg
http://dati.beniculturali.it/mibact/eventi/resource/CulturalEvent/48179,Giornate Europee del Patrimonio 2026 al Museo Giacomo Manzu' - 26 settembre,Apertura Straordinaria,In occasione delle GEP2026 il Museo Giacomo Manzù offre il concerto Musiche per clarinetto e chitarra del XIX e del XX secolo del duo D’Augello – Gianola (Maestro Andrea Gianola al clarinetto e Maestro Antonio D’Augello alla chitarra.Sabato 26 settembreorario del concerto: 18.00-19.30,,,,,,,,,http://media.beniculturali.it/mibac/files/boards/128ae52db40cae8510626c2ef301bafd/2026/GEP%20-%20GIORNATE%20EUROPEE%20DEL%20PATRIMONIO/GEP_AperturaSerale_Card.jpg
http://dati.beniculturali.it/mibact/eventi/resource/CulturalEvent/48180,#DOMENICALMUSEO - 6 settembre 2026 - Fortezza Le Castella,Visita Libera,"#DOMENICALMUSEO - 6 Settembre 2026 Fortezza di Le CastellaDomenica 6 settembre torna l'iniziativa del Ministero della Cultura che consente di visitare gratuitamente i musei e i parchi archeologici statali.La Fortezza di Le Castella resterà aperta nei consueti orari di apertura, dalle ore 09:00 alle 20:00.Per info: 0962 23082",,,,,,,,,http://media.beniculturali.it/mibac/files/boards/459fc684ca7182e301ed86b9a5c3721b/2026/09-6_1920x1080.jpg
http://dati.beniculturali.it/mibact/eventi/resource/CulturalEvent/48181,CORTI D’ARCHIVIO,Itinerario culturale,"L’Archivio di Stato di Agrigento aderisce alle Giornate Europee del Patrimonio del 26 e 27 settembre 2026, con l’iniziativa “Corti d’archivio”, dedicata alla narrazione di progetti, di percorsi storico-documentali e di attività legate al tema europeo “Proteggere il patrimonio. Rinnovare, resistere, reinventare”. In occasione dell’apertura straordinaria della sede di Agrigento di sabato 26 settembre, il percorso guidato, partendo dal tema della tutela del patrimonio, ripercorrendo esperienze del passato legate all’ambiente del laboratorio di fotoriproduzione e illustrando i nuovi orizzonti degli ambienti digitali, proseguirà nella scoperta dei progetti di comunicazione del patrimonio archivistico, rinnovando e reiventando il rapporto con il pubblico e i fruitori, tra dialoghi, esperienze, narrazioni, accessibilità culturale e inclusione. Anche in questa edizione, l’apertura straordinaria è prevalentemente rivolta alle scuole, anche ai fini della partecipazione degli studenti al concorso abbinato alle Giornate Europee del Patrimonio “Young European Heritage Makers”, con l’obiettivo di invitare le nuove generazioni a esplorare, conoscere e interpretare il patrimonio culturale che li circonda. Nel corso delle attività si darà particolare attenzione al progetto “Carte senza barriere. Un progetto per l’accessibilità del patrimonio archivistico”, realizzato grazie agli investimenti del Piano nazionale di ripresa e resilienza (PNRR), e ai progetti dei servizi educativi legati alle dimensioni inclusive e partecipative del Laboratorio didattico multisensoriale.L’evento del 26 settembre, che inaugura le nuove attività di promozione e valorizzazione dell’Archivio di Stato di Agrigento, si configura come un momento di incontro, di dialogo e di partecipazione attiva.",,,,,,,,,http://media.beniculturali.it/mibac/files/boards/d31eb9df4a3096c8324fe24aa919d385/2026/ASAG_card_gep_26.JPG
http://dati.beniculturali.it/mibact/eventi/resource/CulturalEvent/48182,Domenica 6 settembre ai Musei nazionali di Pisa,Mostra,"#domenicaalmuseoIl 6 settembre torna la prima domenica del mese con ingresso gratuito nei Musei nazionali di Pisa.L’appuntamento da non perdere è alle ore 17:00 al Museo delle Navi Antiche, con lo spettacolo di danza “Storie di mare, miseria e fere”, liberamente ispirato a Horcynus Orca, capolavoro letterario di Stefano D’Arrigo.Il termine “fere” è l’appellativo con cui i protagonisti, i pescatori/pellisquadri, definiscono i delfini, considerati responsabili di devastare pesci e reti nell’Italia affamata del primo dopoguerra.Ingresso libero, fino a esaurimento posti.L’evento fa parte della rassegna Musica e Danza.Prima domenica del mese di settembre: ingresso gratuito nei Musei nazionali di Pisa✅ Le Navi Antiche di Pisaore 14:00–19:30 Ore 17:00: “Storie di mare, miseria e fere”✅ Museo Nazionale di San Matteo – Pisaore 9:00–13:30✅ Palazzo Realeore 9:00–13:30✅ Certosa Monumentale di Calciaccesso gratuito alla corte d’onore e alla chiesa monasticaore 9:00–13:30possibilità di visite guidate e attività per bambini e famiglie. Per costi e informazioni contatta info@visitamusei.pisa.it — tel. 3240018050",,,,,,,,,http://media.beniculturali.it/mibac/files/boards/fc4792a3edf055044fd10ef31931dabd/2026/6%20settembre%202026%20MNPI.png
http://dati.beniculturali.it/mibact/eventi/resource/CulturalEvent/48183,Notte europea dei musei 2026 - Museo casa d'Annunzio_Copia,Apertura Straordinaria,"Una notte speciale tra storia, passione e poesia! ​In
 occasione dell'VIII Festival Dannunziano (in programma a Pescara dal 29
 agosto al 6 settembre), sabato 5 settembre torna l’appuntamento con La 
Notte dei Musei! ​Il
 Museo Casa Natale Gabriele D’Annunzio vi aspetta per una serata 
straordinaria alla scoperta delle atmosfere che hanno ispirato il Vate.​ Quando: Sabato 5 settembre​ Orari apertura straordinaria: dalle 20:00 alle 23:30 (ultimo ingresso ore 23:00)​ Ingresso: Gratuito​Visite guidate gratuite: a partire dalle ore 20:00, per tutta la 
serata, a cura di Musa – Connessioni per la cultura (su prenotazione al 
3882408406 whatsapp)​ Dove: Corso Manthonè 116, Pescara​Non perdete l’occasione di vivere il fascino della nostra storia sotto una luce completamente nuova.​#FestivalDannunziano #CasaNataleDAnnunzio #GabrieleDAnnunzio #Pescara #NotteDeiMusei",,,,,,,,,http://media.beniculturali.it/mibac/files/boards/81ca64a72e45b3afa97cd3bde2b16941/Casa%20d'Annunzio/festival%20dannunziano%202026%20-%20notte%20musei.jpg
http://dati.beniculturali.it/mibact/eventi/resource/CulturalEvent/48184,Torna la Legio Secunda Parthica Severiana a Villa dei Quintili,evento solo on site,"Sabato 5 e domenica 6 settembre la Legio Secunda Parthica Severiana – APS vi aspetta con un nuovo appuntamento a Villa dei Quintili.Il gruppo di rievocatori, composto da centurioni, vessilliferi, legionari, arcieri e artigiani, sarà presente con un allestimento che riproduce un vero e proprio accampamento romano. Oltre a tante attività didattiche per i più piccoli, i legionari daranno dimostrazioni pratiche delle tecniche di combattimento romano in assetto da battaglia e forniranno spiegazioni teoriche delle figure legionarie e della storia della Legio Secunda Parthica Severiana.PROGRAMMASABATO 5 SETTEMBRE:10:00 – 13:00Castra aperti al pubblico11:15 – 11:45Accensione del ‘fuoco’ da parte delle Vestali – Rito religioso legionario12:00 – 13:00Scuola legionaria per bambini e per adulti13:00 – 15:00Pranzo e riposo15:00 – 18:45Castra aperti al pubblico17:00 – 18:00Manovre militari e spiegazioni storiche18:00 – 18:45Rito della Captio Virginis da parte delle VestaliDOMENICA 6 SETTEMBRE:09:00 – 13:00Castra aperti al pubblico10:15: – 10:45Accensione del ‘fuoco’ da parte delle Vestali – Rito religioso legionario11:00 – 12:00Manovre militari e spiegazioni storiche12:00 – 13:00Scuola legionaria per bambini e per adulti13:00 – 14:00Pranzo e riposo14:00 – 17:00Castra aperti al pubblico17:00 – 17:30Rito della Captio Virginis da parte delle VestaliL’accesso è gratuito per tuttiIngresso da via Appia Antica 251 e via Appia Nuova 1092",,,,,,,,,http://media.beniculturali.it/mibac/files/boards/a710d26a015e72af830ddcc7bae5d306/LEGIO%20APPIA%20III.png
http://dati.beniculturali.it/mibact/eventi/resource/CulturalEvent/48187,GEP2026 - Il patrimonio delle Colline Villanesi e le nuove strategie di recupero,Convegno/conferenza,"p { text-align: left; orphans: 0; widows: 0; margin-bottom: 0cm; direction: ltr; background: transparent }p.western { font-family: ""Calibri"", serif; font-size: 12pt; so-language: it-IT }p.cjk { font-family: ""Calibri""; font-size: 12pt }p.ctl { font-family: ""Calibri""; font-size: 12pt }a:link { color: #0000ff; text-decoration: underline }Passeggiata
Patrimoniale nel Parco Villanesi e Conferenza
nella Chiesetta di Madonna delle Grazie

Domenica 27 Settembre Passeggiata Patrimoniale nel Parco Villanesi di Francavilla al mareConferenza nella Chiesetta di Madonna delle GrazieConcerto del noto complesso Le Ombre: concerto al tramonto aspettando la luce....Ente organizzatore Le Franche Villanesi APS con il Comune di Francavilla al mare e il Comitato Parco Culturale Colline Villanesi. Il Concerto in collaborazione con l'associazione Blubar FestivalUna nuova ipotesi di recupero dell'impianto architettonico del Parco Villanesi si sta concretizzando grazie all'intervento della Comunità Energetica che interverrà nella conferenza per illustrare la possibilità di intervento presa in considerazione dal Comune di Francavilla al mareIngresso gratuito per ogni fase dell'evento che si terrà dalle 9 alle 13 e dalle 19 alle 22ORGANIZZATORE: Le Franche Villanesi APSCONTATTI: marirosa.sisto@gmail.com -  tel 360982754LUOGO: Parco Villanesi di Francavilla al mare (CH), Viale Cesare Miceli  - Regione Abruzzo - CAP 66023Sito web lefranchevillanesi.itpagina fb https://www.facebook.com/franchevillanesi Ulteriori dettagli dell'evento:ore 9    Gli ospiti saranno accompagnati alla rilevazione del patrimonio comunale della collina nell’area del Parco Villanesiore 10  Chiesetta di Madonna delle Grazie        Conferenza: Il Patrimonio della collina e le nuova strategie di recupero        Introduce Maria Rosaria Sisto, presidente associazione Le Franche Villanesi APS        Luca Paolucci, assessore al Patrimonio comune di Francavilla al mare: La Comunità Energetica e il sostegno al patrimonio pubblico        Pasquale Di Gioacchino, presidente Comitato Parco Culturale Colline Villanesi: associazioni e cittadini in sinergia per il recupero del patrimonio        Referente Comunità Energetica: L’Energia rigenera la Bellezzaore 12  concerto aperitivoore 19  Le Ombre nel Parco Villanesi: concerto al tramonto aspettando la luce….        in collaborazione con Maurizio Rapino, presidente del Blubar festivalp { text-align: left; orphans: 0; widows: 0; margin-bottom: 0cm; direction: ltr; background: transparent }p.western { font-family: ""Calibri"", serif; font-size: 12pt; so-language: it-IT }p.cjk { font-family: ""Calibri""; font-size: 12pt }p.ctl { font-family: ""Calibri""; font-size: 12pt }a:link { color: #0000ff; text-decoration: underline }",,,,,,,,,
http://dati.beniculturali.it/mibact/eventi/resource/CulturalEvent/48188,Libertà e potere. Il comune medievale di Bologna nelle miniature dell'Archivio di Stato,Apertura Straordinaria,"Sabato 26 settembre 2026 in occasione delle Giornate Europee del Patrimonio la sala di studio di Bologna effettuerà un'apertura straordinaria dalle 9.00 alle 13.00.Oltre alla normale consultazione si terrà la presentazione di documenti Libertà e potere. Il comune medievale di Bologna nelle miniature dell'Archivio di Stato, dalle ore 10.00 alle 12.00.Le visite saranno divise in tre turni alle ore 10.00, 10.45 e 11.30, con prenotazione obbligatoria ad as-bo.prenotazioni@cultura.gov.it.









Nella stessa mattinata dalle 9.00 alle 13.00 sarà possibile accedere alla sala di studio per la normale consultazione fino a dieci postazioni disponibili con obbligo di prenotazione: per prenotare la postazione e un massimo di tre pezzi, inviare una mail entro il mercoledì antecedente ad as-bo.prenotazioni@cultura.gov.it.",,,,,,,,,http://media.beniculturali.it/mibac/files/boards/6b1dbb36bfb303ac1fb211791f7ef3b6/asbo%20laravel%2026.png
http://dati.beniculturali.it/mibact/eventi/resource/CulturalEvent/48191,METAMORFOSI CAMPANE.,Spettacolo Teatrale,"METAMORFOSI CAMPANE nasce dall'idea del patrimonio culturale come organismo vivo, capace di rinnovarsi attraverso i linguaggi della scena. Musei, parchi archeologici e monumenti non costituiscono semplici cornici, ma diventano protagonisti delle rappresentazioni: ogni spettacolo è concepito in relazione alla storia, all'identità e alle suggestioni del luogo che lo ospita. Mito, memoria, tradizioni popolari e temi del presente si intrecciano così in un'esperienza culturale coinvolgente, capace di offrire al pubblico occasioni di intrattenimento e, al tempo stesso, di riflessione su questioni ancora oggi attuali. Museo storico archeologico di Nola  20 settembre 2026, ore 17:30 RACCONTAMI UNA TAVOLA da Anton Cechov, Charles Lamb, Jack London, Edgar Allan Poe con Carlo Caracciolo, Renato De Simone, Sara Missaglia, Domenico Moccia regia di Claudio Di Palma produzione Casa del Contemporaneo  Siedono idealmente intorno ad una tavola imbandita Cechov, Lamb, London e Poe. Le loro parole, traslate da personaggi imparentati strettamente con quelli delle scritture originali, restituiscono cibo e vino come segni emblematici di desideri corteggiati, risolti o già mancati. Un ragazzo allucinato e povero, un cuoco “filosofo”, una spietata vendicatrice ed un pugile sconfitto celebrano, dalle loro diverse prospettive, le virtù e le ambiguità dei nostri pasti quotidiani. Uno spettacolo che celebra il piacere della tavola come spazio universale di racconto, capace di unire epoche, paesi e sensibilità diverse attorno a un gesto antico quanto necessario: sedersi insieme e ascoltare una storia. Info e contatti: Via Senatore Cocozza, 2 (Na), +39 081 5127184, drm-cam.nola@cultura.gov.it Biglietti: posti limitati (max 70 spettatori), i biglietti si acquistano online su https://www.museiitaliani.it/acquista-bigliettoIl Museo storico archeologico di Nola ospiterà il 20 settembre Raccontami una tavola, con la regia di Claudio Di Palma. Attraverso testi di Anton Čechov, Charles Lamb, Jack London ed Edgar Allan Poe, il cibo e il vino diventano strumenti per raccontare desideri, sconfitte e relazioni umane.",,,,,,,,,http://media.beniculturali.it/mibac/files/boards/3d4b62738d2cccfe44a560bc3b687299/Museo%20archeologico%20territoriale%20della%20Penisola%20sorrentina%20Georges%20Vallet/DRMN_CAM_Vallet_Metamorfosi_banner.png
http://dati.beniculturali.it/mibact/eventi/resource/CulturalEvent/48193,I Pomeriggi dell'Archeologico,Convegno/conferenza,"I POMERIGGI DELL'ARCHEOLOGICOSettembre/dicembre 2026Da settembre a grande richiesta riprenderanno i nostri ""Pomeriggi dell'Archeologico""!Insieme a prestigiosi relatori e relatrici, affronteremo i temi più svariati spaziando dall'Antico Egitto al Medioevo, perché tante sono le anime dell'archeologia e di questo Museo.Tratteremo di pratiche della vita quotidiana, di ideologia funeraria, di storia dell'archeologia, di tutela del patrimonio durante le emergenze e di molto altro.Condividiamo per ora l'elenco degli incontri in programma fino a dicembre 2026. Poi, prima di Natale sarà reso noto il calendario fino all'estate 2027.Come sempre l'ingresso sarà gratuito esclusivamente su prenotazione; per informazioni potete scrivere a: man-fi@cultura.gov.it, oppure chiamare lo 055-2357717.Prima di ogni conferenza sarà pubblicata la singola locandina con la descrizione dell'argomento e specifiche istruzioni sulle modalità di prenotazione.Vi aspettiamo numerosi!",,,,,,,,,http://media.beniculturali.it/mibac/files/boards/d9a1bcc6fad16ebc1ab1a4a15e8e0ffd/POMERIGGI%20ARCHEOLOGICO/calendario_sett-dic_facebook.jpeg
http://dati.beniculturali.it/mibact/eventi/resource/CulturalEvent/48196,"""L'identità sospesa: resistere, rivivere e reimmaginare il futuro"".",Apertura Straordinaria,"Mostra documentaria ""L'identità sospesa: resistere, rivivere e reimmaginare il futuro. Mostra sulla dispersione, il recupero e salvaguardia del patrimonio archivistico e storico-artistico durante la Seconda Guerra Mondiale"".La mostra invita a riflettere sulle molteplici sollecitazioni alle quali il patrimonio culturale, sia tangibile che intangibile, è soggetto, presentando le sfide necessarie da affrontare per garantirne la conservazione, la vitalità e la trasmissione alle generazioni future.Titolo degli approfondimenti culturali:Sabato 26 Settembre 2026 ore 11:00 ""Dalla salvaguardia al restauro. Emilio Lavagnino e la tutela del patrimonio artistico nell’Italia della guerra e della ricostruzione"" a cura di Flavia Sorace e  Giovanna Mollicone Sabato 26 Settembre 2026 ore 15:00 ""Memoria digitale, memoria salvata. Digitalizzare per conservare e tutelare il patrimonio documentario"". a cura di Martina Federici, Emanuela Fiorletta e Giovanna Robustelli.Domenica 27 Settembre 2026 ore 11:00 ""La bellezza in salvo: Palme Bucarelli e la custodia del patrimonio artistico durante il secondo conflitto mondiale"" a cura di Nadia BagnariniDomenica 27 2026 ore 15:00 ""La Cultura ferita. La dispersione dei beni artistici e librari in Italia durante la seconda guerra mondiale. Pasquale Rotondi, il Monument man italiano"" a cura di Antonio D’Antino Settevendemmie.Programma delle giornate:Sabato 26  - Domenica 27 settembremattinaOre 10.00 aperturaOre 10.30 visita istitutoOre 11.30-12.30 visita mostra e approfondimento12.30-13.30 visita Scrigno della memoria (museo dell'Istituto)PomeriggioOre 14.00 aperturaOre 14.30 visita istitutoOre 15.30-16.30 visita mostra e approfondimentoOre 16.30-17.30  visita Scrigno della memoria (museo dell'Istituto)",,,,,,,,,
http://dati.beniculturali.it/mibact/eventi/resource/CulturalEvent/48199,GEP 2026,Itinerario culturale,﻿﻿Itinerario culturale alla scoperta del territorio attraverso diverse iniziative:- Mostra fotografica sugli eventi religiosi dagli anni ’30– Letture di poesie dialettali a tema personaggi famosi del territorio– Intermezzi musicali– Approfondimento della scrittura dialettale– Illustrazione restauro del Crocefisso del 1400 a cura dei Beni Culturali della Diocesi di Tortona.Luogo evento : Chiesa SS. TrinitàComune : Rivanazzano TermeIndirizzo : via SS. TrinitàProvincia : Pavia,,,,,,,,,http://media.beniculturali.it/mibac/files/boards/bfa844dbe37608b113348836519416de/GEP2026/89858066.%20Trinita%20Rivanazzano%20-%20Processione%20Nazzano%201930%20circa--2.jpg
http://dati.beniculturali.it/mibact/eventi/resource/CulturalEvent/48200,Dai Capodiferro agli Spada: architettura e illusione_Copia_Copia_Copia_Copia_Copia_Copia_Copia_Copia_Copia_Copia_Copia_Copia,Apertura Straordinaria,"Un giorno in più per conoscere una delle più
importanti collezioni barocche di Roma: la Galleria Spada propone una serie di
aperture pomeridiane straordinarie di martedì, giorno di chiusura settimanale
del museo.Collocata appena dietro Piazza Farnese e Campo de’
Fiori, la Galleria
espone celebri capolavori di Guido Reni, Guercino, Orazio e Artemisia
Gentileschi, assieme a un’ampia rassegna di opere che testimoniano la
diffusione dello stile caravaggesco e di quello classicista lungo il corso del
Seicento. I dipinti, ancora appesi “a tutta parete” come in una quadreria
antica, costituiscono tutti assieme una delle pagine più raffinate del
collezionismo romano in epoca barocca.La visita si conclude nel Giardino
Segreto, dove si trova la più stupefacente illusione di epoca barocca, la
cosiddetta “Prospettiva” di Francesco Borromini.





Sarà possibile visitare la Galleria Spada martedì 8
settembre dalle ore 16.30 alle ore 19.30 (ultimo ingresso ore 19.00). Acquista
i biglietti su www.museiitaliani.it",,,,,,,,,http://media.beniculturali.it/mibac/files/boards/8625b9078df5f65c4a2885c9f6f467d2/Spada_8_settembre.JPG
http://dati.beniculturali.it/mibact/eventi/resource/CulturalEvent/48201,Dai Capodiferro agli Spada: architettura e illusione_Copia_Copia_Copia_Copia_Copia_Copia_Copia_Copia_Copia_Copia_Copia_Copia_Copia,Apertura Straordinaria,"Un giorno in più per conoscere una delle più
importanti collezioni barocche di Roma: la Galleria Spada propone una serie di
aperture pomeridiane straordinarie di martedì, giorno di chiusura settimanale
del museo.Collocata appena dietro Piazza Farnese e Campo de’
Fiori, la Galleria
espone celebri capolavori di Guido Reni, Guercino, Orazio e Artemisia
Gentileschi, assieme a un’ampia rassegna di opere che testimoniano la
diffusione dello stile caravaggesco e di quello classicista lungo il corso del
Seicento. I dipinti, ancora appesi “a tutta parete” come in una quadreria
antica, costituiscono tutti assieme una delle pagine più raffinate del
collezionismo romano in epoca barocca.La visita si conclude nel Giardino
Segreto, dove si trova la più stupefacente illusione di epoca barocca, la
cosiddetta “Prospettiva” di Francesco Borromini.





Sarà possibile visitare la Galleria Spada martedì
15 settembre dalle ore 16.30 alle ore 19.30 (ultimo ingresso ore 19.00).
Acquista i biglietti su www.museiitaliani.it",,,,,,,,,http://media.beniculturali.it/mibac/files/boards/8625b9078df5f65c4a2885c9f6f467d2/Spada_15_settembre.jpg
http://dati.beniculturali.it/mibact/eventi/resource/CulturalEvent/48202,VISITE GUIDATE ALLA CHIESA DI SAN TEONISTO,Visita Guidata,"Visite guidate alla chiesa di San TeonistoOrganizzate dalla Fondazione Benetton 26/9/26 ore 16:0027/9/26 ore 16:00 (2 appuntamenti)Ingresso libero, prenotazione obbligatoria: T 0422 5121, fbs@fbsr.it",,,,,,,,,
http://dati.beniculturali.it/mibact/eventi/resource/CulturalEvent/48204,La #DOMENICALMUSEO a ingresso gratuito nei luoghi della cultura della Direzione regionale Musei nazionali Toscana il 6 settembre,Altro,"Tra le province di Firenze, Arezzo, Pistoia, Livorno, Prato e Siena, il panorama delle mostre in corso della Direzione regionale Musei nazionali Toscana è particolarmente ricco. A Firenze, il Museo di San Marco ospita nella Biblioteca di Michelozzo la mostra dossier “Il Bestiario Fantastico”, una selezione di codici miniati dal XIII al XVI secolo che esplora l’universo della decorazione zoomorfa tra creature reali e immaginarie, messaggere di complessi significati simbolici, restituendo al visitatore non solo la visione ravvicinata dei manoscritti, ma anche la percezione dell’ambiente per cui furono concepiti.Al Museo di Casa Vasari, che sarà straordinariamente aperto anche in orario pomeridiano dalle 14 alle 18, inaugura il nuovo percorso audio teatralizzato “Per lasciar fama e dilettar l’ingegno” Casa Vasari raccontata dai suoi protagonisti: sei tracce audio, corredate di immagini, che rendono più agevole l’identificazione degli elementi decorativi all’interno delle sale, e della trascrizione testuale, con un breve glossario per favorire l’accessibilità dei contenuti. Il percorso audio sarà disponibile gratuitamente su izi.TRAVEL, la piattaforma gratuita per la creazione e la fruizione di audioguide per musei, gallerie e tour turistici e sulla app scaricabile sul proprio dispositivo dal QRcode posizionato all’inizio del percorso di visita.Ultimo giorno per visitare al Il Museo Archeologico Nazionale “Gaio Cilnio Mecenate” di Arezzo “La Minerva di Arezzo. Una storia di comunità ritrovata”, il percorso espositivo che inaugura il progetto nazionale “Semi di comunità. Piano Olivetti per la cultura”. Cuore della mostra è l’esposizione della Minerva di Arezzo, uno dei grandi bronzi dell’antichità, ritrovata nel sottosuolo di Arezzo nel 1541, durante lo scavo di un pozzo presso San Lorenzo. La statua fu subito donata al duca Cosimo I de’ Medici, che la mise nel suo studio privato a Firenze. E da allora rimase nella città, come parte delle collezioni archeologiche granducali, che dal 1871 sono confluite nel Museo Archeologico Nazionale di Firenze per essere offerte alla fruizione di tutti gli italiani.La storia si intreccia con il presente anche all’Isola d’Elba, dove le due residenze storiche di Napoleone sono tornate a essere visibili insieme grazie alla recente riapertura della Palazzina dei Mulini e al restauro dei giardini. Questi spazi ritrovati accolgono i visitatori e dialogano con l’arte contemporanea ospitando la mostra diffusa “50 Years of Creation” di Andrea Roggi. Prosegue al Museo Nazionale Etrusco di Chiusi la mostra “Un giovane di belle speranze…». Ranuccio Bianchi Bandinelli 1922-1929: i primi passi di un archeologo“, un percorso inedito negli anni di esordio di Ranuccio Bianchi Bandinelli, attraverso le tappe fondamentali della formazione che lo portarono a diventare archeologo e storico dell’arte di fama internazionale. L’esposizione è articolata in quattro sezioni principali: 1922-1923. L’avvio di una carriera: la tesi su Chiusi e il suo territorio in epoca etrusca. 1924-1926. La pubblicazione di “Clusium” e gli altri primi studi. 1926-1927. La Carta Archeologica d’Italia al 100.000 e lo studio sulla scultura chiusina. 1927-1929. Le ricerche a Sovana e il saluto agli EtruschiQuesto itinerario diffuso nel patrimonio culturale toscano si snoda tra musei, cenacoli, complessi monumentali, fortezze e aree archeologiche, dai capolavori del Beato Angelico al Museo di San Marco alle testimonianze etrusche e romane di Arezzo, fino ai monumentali spazi di Pistoia.Si ricorda infine che per alcuni siti, come l’Ex Chiesa del Tau, l’Oratorio di San Desiderio e la Cappella Bacci nella Basilica di San Francesco ad Arezzo, l’ingresso è con prenotazione obbligatoria o modalità contingentate.Attenzione con allerta meteo gialla/arancio/rossa i parchi, giardini e aree all’aperto potrebbero essere chiusi al pubblico per garantire le condizioni di sicurezzaGiorni e orari di apertura. I musei con *** sono sempre a ingresso gratuito Orari di apertura:Giorni e orari di apertura:Museo di San MarcoPiazza San Marco, 3 50121 Firenze8:30-13:50 (ultimo ingresso ore 12:45)Cenacolo di Sant’Apollonia   Via XXVII Aprile 1, 50129 Firenze8.30 – 13.50 (ultimo ingresso 13.20)Cenacolo di Andrea del Sarto  via di San Salvi, 16 – 50135 Firenze (FI)8.30 – 13.50 (ultimo ingresso 13.20)Chiostro dello Scalzo     via Cavour 69, 50123 Firenze8.30 – 13.50 (ultimo ingresso 13.20)AREZZOBasilica di San Francescopiazza San Francesco – 52100 Arezzo (AR)13-18 (ultimo ingresso 17:30)Museo Archeologico Nazionale “Gaio Cilnio Mecenate” e Anfiteatro romanovia Margaritone, 10 – 52100 Arezzo (AR)9:00-19:30 (ultimo ingresso alle 18:30).Museo di Casa Vasarivia XX settembre, 55 – 52100 Arezzo (AR)8:30-13:30 (ultimo ingresso alle 12:30) e 14-18 (ultimo ingresso alle 17:00)Museo Nazionale d’Arte Medievale e ModernaVia San Lorentino, 8 52100 Arezzo8:30-13:30 (ultimo ingresso 12:30)Museo delle Arti e Tradizioni Popolari dell’Alta Valle del Tevere – Palazzo Taglieschipiazza Mameli, s.n.c. – 52031 Anghiari (AR)14.00 – 19.00 (ultimo ingresso 18:00). Ingresso ad ogni ora con visite accompagnate dal personale, massimo 10-12 persone contemporaneamente.Cortona (AR) Area Archeologica del Sodo e Tomba di Camucia Loc. Sodo di Cortona   52044 Cortona (AR)10-14 e 16-19 LIVORNOMuseo archeologico nazionale di Castiglioncello   ***via del Museo, 8 – Castiglioncello (LI)17-20Museo nazionale delle residenze Napoleoniche Villa S. Martinovia di San Martino – 57037 Portoferraio (LI)9:00 – 13:30 (ultimo ingresso 13:00)Museo nazionale delle residenze Napoleoniche Palazzina dei Mulinipiazzale Napoleone, 1-3 – Portoferraio9:00 – 13:30 (ultimo ingresso 13:00) PISTOIAPistoia – Fortezza di Santa Barbara  ***Piazza della Resistenza 51100 – Pistoia8:15 – 13:30 (ultimo ingresso 13:00)Ex Chiesa del Tau  *** prenotazione obbligatoriaCorso Silvano Fedi 28, cap. 51100, Pistoia8:15 – 13:30 (ultimo ingresso 13:00)Oratorio di San Desiderio  *** prenotazione obbligatoriaVia Laudesi 53, cap. 51100, Pistoia8:15 – 13:30 (ultimo ingresso 13:00)PRATOArea archeologica di Comeana – Tumuli di Montefortini e Boschetti  ***Via G. Garibaldi 42 – Comeana8:30 – 13:00 e 13:30 – 17:00SIENAMuseo Nazionale Etrusco di Chiusivia Porsenna, 93 – 53043 Chiusi (SI)8.30 – 20 (ultimo ingresso 19.30).",,,,,,,,,http://media.beniculturali.it/mibac/files/boards/bec8803f226b6c1f1d4be3ed98d36b8e/DRM-TOSCANA/Collage%20DRM-Toscana.jpg
http://dati.beniculturali.it/mibact/eventi/resource/CulturalEvent/48205,"Uno scaffale di libri “ad alta leggibilità”,_Copia_Copia_Copia_Copia_Copia_Copia_Copia_Copia_Copia_Copia",Visita Guidata,"퐋퐚 퐁퐢퐛퐥퐢퐨퐭퐞퐜퐚 퐍퐚퐳퐢퐨퐧퐚퐥퐞 퐝퐢 퐍퐚퐩퐨퐥퐢 퐚퐩퐫퐞 퐥퐞 퐬퐮퐞 퐩퐨퐫퐭퐞!In occasione delle 퐆퐢퐨퐫퐧퐚퐭퐞 퐄퐮퐫퐨퐩퐞퐞 퐝퐞퐥 퐏퐚퐭퐫퐢퐦퐨퐧퐢퐨 ퟐퟎퟐퟔ, sabato 26 e domenica 27 settembre vi aspettiamo per un
appuntamento speciale alla scoperta di alcuni dei tesori culturali della città.

In programma 퐯퐢퐬퐢퐭퐞 퐠퐮퐢퐝퐚퐭퐞 퐚퐥퐥퐚 퐦퐨퐬퐭퐫퐚 “퐅퐫퐚퐧퐜퐞퐬퐜퐨 퐞 퐢 퐬퐮퐨퐢”, dedicata all’ottavo centenario della morte di San
Francesco d’Assisi.

Un’occasione
unica per ammirare 퐩퐫퐞퐳퐢퐨퐬퐢 퐦퐚퐧퐨퐬퐜퐫퐢퐭퐭퐢 퐟퐫퐚퐧퐜퐞퐬퐜퐚퐧퐢, testimonianze di straordinario valore storico,
artistico e religioso, e per conoscere più da vicino la figura e l’eredità del
Santo di Assisi attraverso documenti di rara bellezza.

Ma non è tutto! Durante le Giornate Europee del
Patrimonio sarà possibile visitare anche la 퐦퐨퐬퐭퐫퐚 퐝퐞퐝퐢퐜퐚퐭퐚 퐚 퐏퐞퐭퐢퐭퐨, allestita nella 퐋퐮퐜퐜퐡퐞퐬퐢 퐏퐚퐥퐥퐢, in occasione del ퟏퟓퟎ° 퐚퐧퐧퐢퐯퐞퐫퐬퐚퐫퐢퐨 퐝퐞퐥퐥퐚 퐬퐮퐚 퐬퐜퐨퐦퐩퐚퐫퐬퐚.&nbsp;La mostra sarà visitabile dal ퟏퟖ 퐬퐞퐭퐭퐞퐦퐛퐫퐞 퐚퐥 ퟏퟖ 퐝퐢퐜퐞퐦퐛퐫퐞, offrendo l’opportunità di approfondire la figura e
l’eredità di uno dei protagonisti più importanti della tradizione teatrale
napoletana.Turni di visita guidata, secondo il calendario:

퐒퐚퐛퐚퐭퐨 ퟐퟔ 퐬퐞퐭퐭퐞퐦퐛퐫퐞 | ퟏퟎ:ퟎퟎ–ퟏퟒ:ퟎퟎ 퐞 ퟏퟒ:ퟎퟎ–ퟏퟖ:ퟎퟎ퐃퐨퐦퐞퐧퐢퐜퐚 ퟐퟕ 퐬퐞퐭퐭퐞퐦퐛퐫퐞 | ퟏퟎ:ퟎퟎ–ퟏퟒ:ퟎퟎ

퐕퐢 퐚퐬퐩퐞퐭퐭퐢퐚퐦퐨 퐩퐞퐫 퐯퐢퐯퐞퐫퐞 퐢퐧퐬퐢퐞퐦퐞 퐮퐧 퐯퐢퐚퐠퐠퐢퐨 퐭퐫퐚 퐬퐭퐨퐫퐢퐚, 퐜퐮퐥퐭퐮퐫퐚, 퐬퐩퐢퐫퐢퐭퐮퐚퐥퐢퐭퐚̀ 퐞 퐩퐚퐭퐫퐢퐦퐨퐧퐢퐨 퐥퐢퐛퐫퐚퐫퐢퐨.&nbsp;",,,,,,,,,http://media.beniculturali.it/mibac/files/boards/87584239dff857ac7fa17389200110e6/GEP_ApertureDiurne_BNN.jpg
http://dati.beniculturali.it/mibact/eventi/resource/CulturalEvent/48206,Presentazione del libro STORIA DELLA DANZA di Caterina Pagnini,Incontro/presentazione,"﻿Presentazione del li﻿bro STORIA DELLA DANZA di Caterina Pagnini Evento conclusivo della mostra Passi di memoria. Tra scena e istituzione: la
Danza a Firenze tra Ottocento e Novecento (Biblioteca
Marucelliana, Firenze | 11 giugno – 11 settembre) venerdì
11 settembre 2026 - ore 17.00 via
Cavour, 43 - FirenzeIngresso
libero A conclusione della mostra Passi
di memoria. Tra scena e istituzione: la Danza a Firenze tra Ottocento e
Novecento, venerdì 11 settembre
alle ore 17.00, si terrà presso la Biblioteca Marucelliana di Firenze, la presentazione del volume Storia della danza di Caterina
Pagnini (Milano, Le Monnier Università, 2026), che
indaga in un ampio arco temporale che si estende dal
mondo classico al Novecento, la natura complessa e mutevole della danza,
interpretandola come un sistema comunicativo nel quale si intrecciano spazio,
ritmo, musica e drammaturgia.All’incontro, oltre alla direttrice
Silvia Castelli e a Fulvio Cervini, Direttore
del Dipartimento SAGAS dell’Università di Firenze, sarà presente l’autrice Caterina Pagnini, professoressa associata
di Discipline dello spettacolo presso il SAGAS dell’Università di Firenze. Interverranno
Sara Mamone e Renzo Guardenti (Università di Firenze),
Elena Cervellati (Università di Bologna) e Angela Torriani Evangelisti (Versiliadanza).L’evento
si concluderà con una performance di
danza di Teresa Ferrara su coreografia di Marina Maddii (LAB - Laboratorio
Arte Balletto, la Direzione Artistica di Marina Maddii e Carlotta Frangini) e musiche di Johannes
Brahms eseguite dagli allievi della Scuola di Musica di Fiesole.",,,,,,,,,http://media.beniculturali.it/mibac/files/boards/6df587868bf826528a0fff87cebdc7eb/Passi%20di%20memoria%20-%20Evento%20conclusivo.jpg
http://dati.beniculturali.it/mibact/eventi/resource/CulturalEvent/48207,Domenica al Museo: l’Anfiteatro Campano accoglie gratuitamente i visitatori,Apertura festiva,"Domenica 6 settembre l’Anfiteatro Campano di Santa Maria Capua Vetere torna protagonista della “Domenica al Museo”, l’iniziativa del Ministero della Cultura che prevede l’ingresso gratuito nei luoghi della cultura statali nella prima domenica del mese. L’appuntamento è promosso dalla Direzione regionale Musei nazionali Campania e dalla Direzione del Circuito archeologico nazionale dell’antica Capua, e offre l’occasione di attraversare gratuitamente uno dei luoghi più emblematici della storia romana in Campania. La visita all’Anfiteatro Campano permette di entrare in contatto diretto con un monumento che, attraverso le sue imponenti strutture e gli spazi originariamente destinati agli spettacoli, restituisce la dimensione della vita pubblica dell’antica Capua. A completare il percorso, il Museo dei Gladiatori accompagna il pubblico alla scoperta del mondo degli spettacoli anfiteatrali, dei loro protagonisti e della complessa organizzazione che li rendeva possibili. La prima domenica del mese rappresenta così un’occasione per guardare al patrimonio archeologico non soltanto come testimonianza del passato, ma come una risorsa da vivere e conoscere nel presente, capace di coinvolgere visitatori, famiglie e comunità locali.

“Ogni apertura è un invito a fermarsi, osservare e lasciarsi raccontare da questo luogo una parte della sua lunga storia. La Domenica al Museo ci consente di ampliare le opportunità di accesso e di offrire a pubblici diversi la possibilità di incontrare direttamente un patrimonio che appartiene alla storia del territorio, ma che parla a tutti. L’Anfiteatro Campano è un monumento da conoscere attraverso le sue architetture, le sue testimonianze e le storie che ancora oggi è in grado di evocare: per questo siamo felici di accogliere anche questa domenica cittadini e visitatori”, così la direttrice dell’Anfiteatro campano Antonella Tomeo commenta l’apertura e l’iniziativa ministeriale.

L’ingresso sarà gratuito per tutta la giornata, secondo gli ordinari orari di apertura del complesso. Per informazioni sulle modalità di visita e sugli aggiornamenti è possibile consultare i canali ufficiali della Direzione regionale Musei nazionali Campania e del Circuito archeologico nazionale dell’antica Capua.",,,,,,,,,
http://dati.beniculturali.it/mibact/eventi/resource/CulturalEvent/48208,"Su Tempiesu : proteggere il passato , reinventare il futuro",Visita Guidata,"Visita guidata alla Fonte Sacra di ""Su tempiesu"" attraverso un percorso botanico e faunistico.",,,,,,,,,http://media.beniculturali.it/mibac/files/boards/c552bec33a06a9a6865c0806c8363236/GEP%202026/Orune_%20Su%20Tempiesu_.jpg
http://dati.beniculturali.it/mibact/eventi/resource/CulturalEvent/48209,Domenica al Museo 6 settembre al MNR Palazzo Altemps_Copia,Apertura Straordinaria,"Domenica 6 settembre torna il tradizionale appuntamento con la Domenica al Museo, l’iniziativa del Ministero della Cultura con ingresso gratuito in tutti i musei, parchi archeologici e luoghi della cultura statali. Il Museo Nazionale Romano, diretto da Federica Rinaldi, aderisce all’iniziativa con l’apertura delle sedi museali di Terme di Diocleziano, Palazzo Massimo e Palazzo Altemps, dalle ore 09:00 alle ore 19:00, con ultimo ingresso alle ore 18:00.",,,,,,,,,http://media.beniculturali.it/mibac/files/4258/6%20settembre%20Domenica%20al%20Museo.jpg
http://dati.beniculturali.it/mibact/eventi/resource/CulturalEvent/48210,"Festa del Mare 2026 4-5-6 settembre 2026. Orari M A N Marche, visite guidate all’Anfiteatro romano di Ancona e apertura serale del Museo per lo spettacolo pirotecnico sul Porto Antico",Altro,"Ritorna la Festa del Mare di Ancona, edizione 2026! Come ogni anno, per l’occasione il M A N Marche moltiplica le opportunità di visita, sia al Museo sia all’Anfiteatro romano di Ancona, con visite a cura delle guide turistiche del Comune di Ancona e del personale del M A N Marche.Si ripete anche l’apertura serale straordinaria di Palazzo Ferretti domenica 6 settembre, con accesso gratuito per la #domenicalmuseo del Mistero della Cultura: si potranno visitare le collezioni archeologiche del M A N Marche fino alle ore 23.30 e sarà possibile accedere alla terrazza vanvitelliana, il più spettacolare affaccio sul Porto Antico per lo spettacolo pirotecnico. Per consentire l’accesso insicurezza il percorso espositivo e la terrazza hanno posti limitati. Sarà garantito l’ingresso fino alla capienza consentita, eventuali tempi di attesa saranno comunicati dal nostro personale.Vi aspettiamo!Venerdì 4 settembreApertura M A N Marche dalle ore 8.30 alle ore 19.30Visite guidate all'Anfiteatro romano di Ancona ore 14.30, 15.30, 16.30 con partenza dalla biglietteria M A N MarcheIngresso con biglietto ordinarioSabato 5 settembreApertura M A N Marche dalle ore 8.30 alle ore 19.30Visite guidate all'Anfiteatro romano di Ancona ore 14.30, 15.30, 16.30 con partenza dalla biglietteria M A N MarcheIngresso con biglietto ordinarioDomenica 6 settembre Apertura straordinaria M A N Marche dalle ore 14.00 alle ore 23.30Visite guidate all'Anfiteatro romano di Ancona ore 15.30, 16.30, 17.30 con partenza dalla biglietteria M A N MarcheIngresso gratuito per la #domenicalmuseo del Ministero della Cultura, anche le visite guidate all’anfiteatro saranno gratuite, è consigliata prenotazione al numero 071-202602.Biglietti ordinari:Intero M A N Marche: € 5.00Intero integrato M A N Marche+Anfiteatro € 8.00Ridotto (M A N Marche/Anfiteatro) € 2.00Gratuito per minorenni e previsioni di legge.",,,,,,,,,http://media.beniculturali.it/mibac/files/boards/283284ecc5849a4de7a01eef5a9f042a/Ancona/Domenicalmuseo_6settembre2026_Card_Template_1.png
http://dati.beniculturali.it/mibact/eventi/resource/CulturalEvent/48211,Poeta delle Ceneri,Spettacolo Teatrale,"Venerdì 11 settembre alle ore 17:00, a Casa Pasolini va in scena Poeta delle Ceneri di Pier Paolo Pasolini, lettura scenica interpretata da Massimo Verdastro.Poeta delle Ceneri, scritto tra il 1966 e il 1967, è un’autobiografia in versi in cui Pier Paolo Pasolini racconta la propria vita ricordando i luoghi cari della sua giovinezza in Friuli, la propria formazione tra Bologna e Roma, la famiglia, la scoperta e l’amore per il sottoproletariato romano.Pasolini riflette pure sul significato di essere poeta e intellettuale in un’Italia piccolo borghese e indirizzata ad una trasformazione consumistica-capitalista.Verdastro propone ed evoca un testo fra i meno noti di Pasolini in cui il linguaggio della poesia si mescola con quello più narrativo e discorsivo.Un’autobiografia come dichiarazione poetica in cui l’io del poeta osserva e critica, in forme anche severamente polemiche, le dinamiche profonde e le contraddizioni della società contemporanea.Massimo Verdastro, attore e regista, ha alle spalle una lunga e intensa attività teatrale, iniziata a Roma nel 1977 ed è tra i più apprezzati attori teatrali in Italia.&nbsp;&nbsp;A Palermo nel 1980, si è diplomato alla Scuola di Teatro diretta da Michele Perriera ed è stato tra i soci fondatori della cooperativa Teatès.&nbsp;Ha collaborato con Silvio Benedetto, Mimmo Cuticchio e Franco Scaldati. Dai primi anni ’90 si è fatto promotore e interprete dell’opera di Nino Gennaro e Lina Prosa.E’ stato diretto da importanti registi, tra i quali: Federico Tiezzi, Luca Ronconi, Michele Perriera, Peter Stein, Giancarlo Nanni, Serena Sinigaglia, Sylvano Bussotti, Nanni Moretti, Roberto Andò, Valter Malosti, Mauro Avogadro, Giancarlo Cauteruccio, Daniele Salvo, Giuseppe Cutino.. Ha ottenuto prestigiosi riconoscimenti come il Premio UBU nel 2002, il Premio ETI Olimpici del Teatro nel 2007 e nel 2024 è stato candidato al premio Le Maschere del Teatro Italiano. Significativo il sodalizio artistico più che ventennale con Federico Tiezzi e Sandro Lombardi.&nbsp; A Firenze nel 1999 crea, con la cantante Francesca Della Monica, la “Compagnia Verdastro della Monica”, per la quale cura le regie di molti spettacoli e di eventi formativi. Dall’ottobre del 2020, presso il Teatro Comunale “Luca Ronconi” di Gubbio, dirige i corsi di alta formazione per il progetto da lui ideato “Teatro dell’inclusione/Convivio didattico delle arti sceniche”.INFORMAZIONI SULL'EVENTOL’iniziativa è a ingresso gratuito, con una capienza massima di 25 partecipanti.PRENOTAZIONE OBBLIGATORIALa prenotazione deve essere effettuata esclusivamente online attraverso la piattaforma online&nbsp;https://www.museiitaliani.it/Per partecipare è necessario selezionare:&nbsp;“Spettacolo – POETA DELLE CENERI di Pier Paolo Pasolini”&nbsp;e prenotare la fascia oraria 16:30–16:45.Si raccomanda la massima puntualità.A causa degli spazi particolarmente ristretti della casa di Pier Paolo Pasolini, i posti a sedere non potranno essere garantiti a tutti i partecipanti. Saranno messi a disposizione dei cuscini per consentire la partecipazione all'evento.",,,,,,,,,http://media.beniculturali.it/mibac/files/boards/128ae52db40cae8510626c2ef301bafd/CASA%20PASOLINI/2026/Casa%20Pasolini_Verdastro%2011%20settembre.jpg
http://dati.beniculturali.it/mibact/eventi/resource/CulturalEvent/48212,"Anteprima ufficiale del Festival ROBOT al Parco Archeologico di Kainua all'interno dell'iniziativa ""Membrane Culturali""",Concerto,"Domenica 13 settembre 2026Anteprima ufficiale del Festival ROBOT al Parco Archeologico di Kainua all'interno dell'iniziativa ""Membrane Culturali""ROBOT 17 si apre nel Parco Archeologico di Kainua, a Marzabotto: un'anteprima ufficiale del festival, con una nuova produzione speciale.L'evento fa parte di Membrane Culturali 2026, rassegna realizzata dai Musei Nazionali di Bologna – Direzione Regionale Musei Nazionali Emilia-Romagna che negli anni ha saputo definire un modello innovativo di valorizzazione dei luoghi della cultura, attraverso il dialogo tra musica e patrimonio culturale.Stefano Pilia e Marta Salogni e Kevin Richard Martin si esibiranno nella Necropoli Est del sito etrusco, dove ROBOT torna dopo le performance indelebili dell'edizione 2025.Un disco che nasce e si sviluppa dal vivo: la chitarra di Stefano Pilia in dialogo con i registratori a nastro di Marta Salogni utilizzati come strumenti, un gioco di incastri tra improvvisazione e manipolazione, creazione e rielaborazione. Un incontro tra mani che toccano corde e azionano macchinari per generare loop, feedback e delay in uno scambio continuo tra intervento umano e suoni processati che è anche parte della cifra stilistica di ROBOT 17 – la disgregazione della realtà per come la conosciamo in un flusso di informazioni che non si interrompe mai.Oltre a loro, Kevin Richard Martin, alias The Bug: dopo aver spinto i sound system ai loro limiti fisici con frequenze basse e tensione ritmica portata all’estremo, sotto il proprio nome ha intrapreso un percorso più personale, tra collaborazioni con KMRU e Hatis Noit, remix per Earth e Moderat e l’ultimo ‘Sub Zero’ – droni e muri di white noise senza beat né struttura, quella che lui stesso chiama ‘tensione assoluta’.ORARI:18.00 Apertura cancelli e visita guidata su prenotazione (massimo 50 partecipanti)19.00 Stefano Pilia & Marta Salogni present Phren20.30 - Kevin Richard Martin presents Sub ZeroL’evento è a partecipazione gratuita con l’acquisto del biglietto di ingresso al museo (intero € 7). Consigliabile l'acquisto del biglietto sulla piattaforma Musei Italiani al link:link musei italianiLa capienza è limitata a 500 persone, la prenotazione è consigliata e il biglietto può essere acquistato anche online al seguente link: link eventbrite",,,,,,,,,http://media.beniculturali.it/mibac/files/boards/0cdb6bb111e95298dcca90809b275370/MARZABOTTO%20KAINUA/Necropoli%20Est_uscendo%20da%20Kainua%20dalla%20porta%20Est.jpg
http://dati.beniculturali.it/mibact/eventi/resource/CulturalEvent/48213,La race for the cure ti porta al museo! Museo Nazionale Etrusco “Pompeo Aria” e  Parco archeologico di Kainua,Visita Libera,"da venerdì 18 settembre a domenica 20 settembre 2026La race for the cure ti porta al museo!La Race for the Cure Bologna offre l'accesso gratuito ai musei statali partecipanti nel weekend dell'evento, dal 18 al 20 settembre 2026, grazie all'accordo con il Ministero della Cultura. È necessario mostrare la maglia ufficiale della manifestazione e/o la ricevuta di iscrizione/donazione.orario estivo:Lunedì         chiusoMartedì        chiuso (aperto per gruppi su prenotazione)Mercoledì     chiuso (aperto per gruppi su prenotazione)Giovedì        aperto 11:15-18:30Venerdì        aperto 11:15-18:30Sabato         aperto 11:15-18:30Domenica    aperto 11:15-18:30 (la biglietteria chiude alle ore 18:00)",,,,,,,,,http://media.beniculturali.it/mibac/files/boards/bec8803f226b6c1f1d4be3ed98d36b8e/Emilia%20Romagna/Museo%20nazionale%20etrusco%20Pompeo%20Aria2.jpg
http://dati.beniculturali.it/mibact/eventi/resource/CulturalEvent/48214,"Giornate Europee del Patrimonio Inaugurazione dell'opera ""Cerchio"" dell'artista Fargo",Inaugurazione,"sabato 26 settembre 2026Giornate Europee del PatrimonioInaugurazione dell'opera ""Cerchio"" dell'artista Fargoore 17.00All'interno delle Giornate Europee del Patrimonio 2026 ""Proteggere il patrimonio. Rinnovare, resistere, reinventare"", inaugurazione dell'opera ""Cerchio"" dell'artista Fargo all'interno del progetto Ruralis, in collaborazione con Unione Comuni Appennino Bolognese e Comune di Marzabotto.Sarà presentata anche ""Desiderio"", una vetrina tattile con sculture realizzate all'interno del laboratorio condotto con gli studenti e le studentesse della Scuola Primaria ""Bambini del '44"" di Marzabotto.",,,,,,,,,http://media.beniculturali.it/mibac/files/boards/0cdb6bb111e95298dcca90809b275370/GEP%202026/GEP2026_ApertureDiurne_Card.jpg
http://dati.beniculturali.it/mibact/eventi/resource/CulturalEvent/48215,Giornate Europee del Patrimonio  Visite tematiche con accesso straordinario alla Necropoli Nord,Visita Guidata,"domenica 27 settembre 2026Giornate Europee del PatrimonioVisite tematiche con accesso straordinario alla Necropoli NordSarà possibile accedere alla visita alle ore 16.00. La durata della visita è di circa 1h e 30.Le visite sono condotte dallo staff del Museo Etrusco di Marzabotto.Nel contesto della visita guidata sarà possibile visitare la Necropoli Nord.La prenotazione è consigliata, i gruppi verranno chiusi al raggiungimento delle 30 unità. Per ogni ulteriore informazione: mn-bo.prenotazionikainua@cultura.gov.itCosto:Adulti 10€ (nella cifra è compreso il costo dell'ingresso al parco archeologico).Bambini 0-10 anni compresi, gratuita",,,,,,,,,http://media.beniculturali.it/mibac/files/boards/0cdb6bb111e95298dcca90809b275370/GEP%202026/GEP2026_ApertureDiurne_Card.jpg
http://dati.beniculturali.it/mibact/eventi/resource/CulturalEvent/48216,Domenica al Museo 6 settembre 2026,Mostra,"Domenica al Museo: apertura gratuita il 6 settembre Mostra sulla cartografia dei Principati Romeni e affaccio sulla Fontana di TreviDomenica 6 settembre 2026 l’Istituto Centrale per la Grafica partecipa all’iniziativa “Domenica al Museo” promossa dal Ministero della Cultura con l’apertura gratuita degli spazi di Palazzo Poli.Il pubblico potrà visitare la mostra “I Principati Romeni e la Penisola italiana nella cartografia del Seicento e del Settecento”, dedicata alle relazioni storiche, culturali e diplomatiche raccontate attraverso la cartografia europea dei secoli XVII e XVIII. L’esposizione resterà aperta fino al 13 settembre 2026.Durante la visita sarà inoltre possibile accedere alla Sala Dante e ammirare lo straordinario affaccio sulla Fontana di Trevi.Orari 10-19, ultimo ingresso ore 18",,,,,,,,,http://media.beniculturali.it/mibac/files/boards/fc4792a3edf055044fd10ef31931dabd/2026/6%20settembre%202026%20MNPI.png
http://dati.beniculturali.it/mibact/eventi/resource/CulturalEvent/48217,GEP 2026 - Cucine aperte: vietato non entrare,Apertura Straordinaria,"Cucine aperte: Vietato
non entrare. Apertura straordinaria serale con ticket di 1 euro cadauno, visita
alle cucine del palazzo storico nobiliare di fine 1800 Romanazzi Carducci26 e 27 settembre 2026, dalle ore 20.30 alle ore
22.00Apertura straordinaria
serale degli spazi adibiti a cucina, anticamera della cucina e dispensa, che
non sono fruibili nel percorso museale consueto, al costo di 1 euro cadauno. Al
fine di poter immergere il visitatore nel periodo storico relativo alla
ristrutturazione del Palazzo antico, mostreremo con una tv smart immagini di
allestimento delle stanze secondo lo stile dell’epoca, con l’ausilio di Chat
GBT. La visita impiegherà il tempo limite di un quarto d’ora, poiché si
osserveranno gli ambienti vuoti, ma con immagini virtuali dell’allestimento.",,,,,,,,,
http://dati.beniculturali.it/mibact/eventi/resource/CulturalEvent/48218,Forme dell’arte buddhista. Opere della donazione Finzi Guetta al Museo d’Arte Orientale_Copia_Copia_Copia_Copia_Copia_Copia_Copia_Copia_Copia_Copia_Copia_Copia_Copia_Copia_Copia_Copia_Copia_Copia,Incontro/presentazione,"Giovedì 10 settembre 2026, ore 16:00

Anatomia dei corpi ibridiIn dialogo con Tsukamoto Shin’ya

Giovedì 10 settembre 2026 alle ore 16.00 il Museo d’Arte Orientale, con Anja e Corinna Boato e Marsilio editore, presenta l’ultimo libro di Maria Roberta Novielli (1964-2026). Alle 16.00 Anja Boato dialogherà con il regista Tsukamoto Shin’ya, a Venezia per presentare il suo ultimo film Nelson san, anata ha hito wo koroshimashitaka? (Mr Nelson, Did You Kill People?) in concorso all’83esima mostra internazionale cinematografica. Il volume, nato da un dialogo diretto con Tsukamoto Shin’ya, analizza l’intera parabola artistica del regista, figura di riferimento del cinema contemporaneo internazionale, rileggendone la filmografia non solo come evoluzione estetica, ma come cronaca sensoriale delle trasformazioni del Giappone moderno.L’evento, che ha il patrocinio del Consolato Generale del Giappone a Milano, sarà in italiano e giapponese con traduzione consecutiva di Nakayama Etsuko.

Ingresso gratuito su invito, fino esaurimento posti disponibili. Tel: 041-5241173Maria Roberta Novielli (1964-2026) ha insegnato Storia del cinema presso l’Università Ca’ Foscari di Venezia. Tra le massime specialiste internazionali di cinema giapponese, ha dedicato numerosi studi alle relazioni tra immaginario cinematografico, società e trasformazioni culturali in Giappone. Autrice di saggi e volumi fondamentali sulla cultura visiva contemporanea (tra cui la sua Storia del cinema giapponese), ha affiancato all’attività accademica quella di curatrice e divulgatrice. Per anni ha condotto un dialogo diretto e continuativo con Tsukamoto Shin’ya, di cui ha approfondito l’intera opera in chiave storico-critica attraverso ricerche e incontri istituzionali. Ideatrice e direttrice dello Short Film festival di Ca’ Foscari, è stata presente nella vita del Museo d’Arte Orientale coinvolgendolo in eventi e iniziative rivolte soprattutto alle giovani generazioni.Tsukamoto Shin’ya  (塚本 晋也 Tokyo, 1 gennaio 1960) è regista, attore e produttore cinematografico, nonché una delle figure più importanti e originali del cinema giapponese contemporaneo. Inizia a realizzare film in 8 mm già durante gli anni della scuola media. Dopo essersi laureato presso la Facoltà di Arte dell’Università Nihon, prosegue la propria attività nel gruppo teatrale “Kaiju Theater”, realizza spot pubblicitari e continua a dedicarsi alla produzione cinematografica in 8 mm. Nel 1989 realizza Tetsuo: The Iron Man, di cui cura la sceneggiatura, la regia, la fotografia e il montaggio. Considerato una delle opere fondamentali del cyberpunk giapponese, il film apre una nuova strada al cinema della “trasformazione”, evocando anche l’universo di David Cronenberg. Realizzato con un budget estremamente ridotto e facendo largo uso della tecnica dello stop motion, Tetsuo è un’opera profondamente indipendente che, dopo aver vinto il Grand Prix al Fantafestival di Roma nel 1989, conquista rapidamente uno status di culto in tutto il mondo. Da allora, fino a oggi, la carriera di Tsukamoto si è sviluppata alternando opere di maggiore e di minore budget, mantenendo sempre al centro l’idea di un cinema libero e indipendente. Molti dei suoi film sono stati presentati alla Mostra Internazionale d’Arte Cinematografica di Venezia: Bullet Ballet nel 1998, Gemini (Sōseiji) nel 1999, A Snake of June (Rokugatsu no Hebi) nel 2002, che ha ricevuto il Premio Speciale della Giuria nella sezione Controcorrente, Vital nel 2004, Tetsuo: The Bullet Man nel 2009, Kotoko nel 2011, che ha ricevuto il Premio Orizzonti per il miglior film, Fires on the Plain (Nobi) nel 2014, Killing (Zan) nel 2018 e Hokage nel 2023. Nel 2026, alla 83ª Mostra Internazionale d’Arte Cinematografica di Venezia, Tsukamoto è in concorso con Mr. Nelson, Did You Kill People?. Il film è tratto dall’omonima opera non-fiction, a sua volta basata sull’autobiografia di Allen Nelson, un ex soldato afroamericano che ha combattuto durante la guerra del Vietnam. Autore capace di riflettere profondamente le inquietudini del Giappone contemporaneo, Tsukamoto ha costruito, nel corso della sua carriera, un universo cinematografico incentrato sulla continua esplorazione del corpo fragile e instabile, del rapporto tra ciò che è vivo e ciò che è inorganico, e della ricerca dell’anima. Parallelamente alla sua attività di regista, Tsukamoto ha lavorato intensamente anche come attore. Tra le sue interpretazioni figura quella in Silence, diretto da Martin Scorsese e tratto dall’omonimo romanzo di Shūsaku Endō.Anja Boato è una docente universitaria nel campo dei media e delle arti immersive. Ha conseguito un dottorato in Musica e Spettacolo presso la Sapienza Università di Roma con una ricerca dedicata ai media immersivi, per poi svolgere attività di ricerca e didattica presso l’Università degli Studi di Bergamo e l'Università degli Studi di Bari Aldo Moro. I suoi interessi si concentrano sulle tecnologie immersive, il cinema, la cultura audiovisiva e le narrazioni transmediali.",,,,,,,,,http://media.beniculturali.it/mibac/files/boards/3866906f1017fc6aa15df7f749c01fec/2026_MAOVE/2026.09/MAOVE_banner%2010.09.png
http://dati.beniculturali.it/mibact/eventi/resource/CulturalEvent/48219,"RECITAL FLAUTISTICO ""IL GIARDINO DI DELIZIE DEL FLAUTO"" ALBERTO TECCHIATI - ABBAZIA DI POMPOSA, SALA DEL REFETTORIO",Concerto,"SABATO 26 SETTEMBRE 2026, ore 20:30ABBAZIA DI POMPOSA, SALA DEL REFETTORIORECITAL FLAUTISTICO""IL GIARDINO DI DELIZIE DEL FLAUTO""ALBERTO TECCHIATIFlauto, Ottavino, Flauto in sol, Flauti barocco e rinascimentaleMusiche di J. Bodin de Boismortier, E. Bozza, C. Debussy, J. Donjon, D. Dorff, A. Jolivet, N. Paganini, A. Piazzolla, G. Ph. Telemann, A. Tecchiati, J. van Eyck",,,,,,,,,
http://dati.beniculturali.it/mibact/eventi/resource/CulturalEvent/48220,Forme dell’arte buddhista. Opere della donazione Finzi Guetta al Museo d’Arte Orientale_Copia_Copia_Copia_Copia_Copia_Copia_Copia_Copia_Copia_Copia_Copia_Copia_Copia_Copia_Copia_Copia_Copia_Copia,Incontro/presentazione,"Sabato 12 settembre 2026, ore 16:00

Keita Miyazaki - From Water To FormThe rituality of creation bridging ancient and contemporary JapanBehind the Sculpture: a Glimpse into the Creative Process

In occasione del finissage della mostra Keita Miyazaki. From Water To Form. The rituality of creation bridging ancient and contemporary Japan, Rosenfeld Gallery, CREA. Cantieri del contemporaneo e il Museo d’Arte Orientale presentano un workshop con l’artista. Il 12 settembre dalle 16.00 alle 18.00 Keita Miyazaki spiegherà al pubblico i tratti salienti della sua ricerca e le tecniche artistiche impiegate.Introdurrà l’incontro la proiezione del video Keita Miyazaki. Arte dalle macerie, per una nuova armonia tra natura e tecnologia, di Rai cultura 2026 (7'05). A seguire l’artista illustrerà il processo creativo delle sue opere, assemblando uno dei suoi lavori davanti al pubblico. Una parte selezionata del pubblico potrà inoltre partecipare al processo creativo sotto la sua guida.

Ingresso gratuito su invito, fino esaurimento posti disponibili. Tel: 041-5241173",,,,,,,,,http://media.beniculturali.it/mibac/files/boards/3866906f1017fc6aa15df7f749c01fec/2026_MAOVE/2026.09/MAOVE_banner%2012.09.png
http://dati.beniculturali.it/mibact/eventi/resource/CulturalEvent/48221,Concerto con visita guidata,Concerto,"Martedì 8 settembre, alle ore 15.30 presso la Sala D'Elci della Biblioteca Medicea Laurenziana  si terrà un concerto di liuto  medievale e canto, a cura di Stefano Albarello. Il concerto si inserisce nell'ambito delle manifestazioni dell'Estate Fiorentina e fa parte del  Festival FloReMus, Festival Internazionale Rinascimento Musicale Fiorentino promosso dall'Associazione Homme Armé.Saranno eseguiti brani musicali tratti dal celebre Codice Squarcialupi, conservato nella biblioteca.Il concerto sarà preceduto da una visita guidata  all'area monumentale nel corso della quale saranno anche  mostrati alcuni tra i più importanti manoscritti musicali (e non solo)  conservati nella Biblioteca Medicea Laurenziana.Costo del biglietto: 9,00 euro; prenotazione obbligatoria su: www.hommearme.it",,,,,,,,,http://media.beniculturali.it/mibac/files/boards/d132bbddc5f99aaaf058e9e13ce4874e/Locandina%20visita%20musicale.jpeg
http://dati.beniculturali.it/mibact/eventi/resource/CulturalEvent/48222,GEP 2026 - La produzione dell’olio “lampante”: il trappeto semipogeo di Magliano tra storia e futuro,Spettacolo Teatrale,"Dopo
oltre quattro decenni di oblio, totale abbandono e degrado del bene, il
trappeto semipogeo viene restituito alla comunità locale e ai viaggiatori che
intendono visitarlo per comprendere dove e come avveniva la lavorazione delle
olive e la trasformazione in olio “lampante”. 

Il bene culturale venne dichiarato ""di interesse culturale"" con
D.M. del 26.07.1991 ai sensi dell’ex Legge n° 1089/1939. L’evento prevede un approfondimento storico
sulla struttura, sugli spazi produttivi, sul processo di produzione dell’olio
lampante e sulle caratteristiche architettoniche; inoltre, sul processo di
patrimonializzazione fatto per far conoscere e conservare il bene come memoria
e identità di una comunità affinché venga restituito e trasmesso alle
generazioni future. Infine, attraverso la rappresentazione “Voci
e memorie dal trappeto” un attore e regista farà rivivere, con una
narrazione e una rappresentazione teatrale, l'atmosfera e la quotidianità del lavoro
di un tempo all'interno del trappeto.",,,,,,,,,
http://dati.beniculturali.it/mibact/eventi/resource/CulturalEvent/48224,Visita guidata alla scoperta di Villa Ada Savoia a cura dei volontari del Gruppo Archeologico Romano,evento solo on site,"Siamo abituati a pensare Villa Ada Savoia come un grande parco urbano, tanto da dimenticare talvolta le vicende che portarono alla sua costituzione, legate alla storia del nostro paese. AI contrario degli altri parchi di origine nobiliare, questo parco si delinea quale tenuta e residenza della famiglia reale italiana dei Savoia, oggi visibile, quale ex Palazzina Reale, nelI'odierna Ambasciata d'Egitto. La palazzina fu voluta da Vittorio Emanuele ll Re d'ltaIia, a seguito dello spostamento della capitale del nuovo Stato Italiano da Firenze a Roma. È in questo luogo, non a Villa Torlonia, che venne formalizzato l'arresto di Mussolini, dopo la seduta del Gran Consiglio del Fascismo nel luglio del 1943. Alcune delle strutture presenti all‘interno della Villa risalgono a prima dell'intervento dei Savoia, come ad esempio il cosiddetto Tempio di Flora che risale alla fine del Settecento.Visita guidata di circa due ore alla scoperta di Villa Ada Savoia a cura dei volontari del Gruppo Archeologico RomanoSabato 26 settembre ore 10.30prenotazione obbligatoria: info@gruppoarcheologico.itdurata visita: circa 2 ore",,,,,,,,,http://media.beniculturali.it/mibac/files/boards/128ae52db40cae8510626c2ef301bafd/GEP%202026/esterni/gruppo%20archeologico%20romano/Villa-Ada-Savoia-visite-guidate%20GEP%202026%201.jpg
http://dati.beniculturali.it/mibact/eventi/resource/CulturalEvent/48225,Visite guidate in Via Appia Antica a cura dei volontari del Gruppo Archeologico Romano,evento solo on site,"La proposta culturale promossa dai volontari del Gruppo Archeologico Romano, gratuita e rivolta a tutti, intende riscoprire la Regina Viarum attraverso una visita archeologica. L'itinerario si snoderà sul l'Appia Antica da Via Cecilia Metella sino a Via Erode Attico e ritorno, per la durata di circa 2 ore di cammino. I visitatori potranno scoprire testimonianze e monumenti fra atmosfere antiche, tracce di storia e frammenti di vita quotidiana. Visite guidate gratuite in Via Appia Antica a cura dei volontari del Gruppo Archeologico Romano domenica 27 settembre ore 10.00domenica 27 settembre ore 11.30domenica 27 settembre ore 15.00prenotazione obbligatoria: info@gruppoarcheologico.it appuntamento presso Via Appia Antica 175, all'incrocio con via Cecilia Metella, presso l'Appia Antica Caffè",,,,,,,,,http://media.beniculturali.it/mibac/files/boards/128ae52db40cae8510626c2ef301bafd/GEP%202026/esterni/gruppo%20archeologico%20romano/Appia-Antica-visite-guidate%20GEP%202026%202.jpg
http://dati.beniculturali.it/mibact/eventi/resource/CulturalEvent/48226,Visite guidate gratuite ali' Area archeologica dell'Ospedale San Giovanni Addolorata a cura dei volontari del Gruppo Archeologico Romano,evento solo on site,"Visita ai resti archeologici venuti alla luce durante i lavori di ampliamento dell'ospedale, relativi alla villa di Domizia Lucilla, madre di Marco Aurelio, e alla domus di Licinio Sura. Si notano aree a giardino, portici, strutture residenziali e una vasta zona di tipo produttivo con impianti per la preparazione e conservazione del vino e una serie di botteghe tra cui una fu/Ionica (tintoria). Si è così accertato che nel corso del tempo (I-IV sec. d.C.) la villa di Domizia Lucilla, nata come lussuosa dimora patrizia, venne ristrutturata per assolvere anche a nuove funzioni di tipo commerciale. Visite guidate gratuite ali' Area archeologica dell'Ospedale San Giovanni Addolorata a cura dei volontari del Gruppo Archeologico RomanoSabato 26 settembre ore 9.30Sabato 26 settembre ore 10.30Sabato 26 settembre ore 11.30Sabato 26 settembre ore 12.30Sabato 26 settembre ore 14.30 Durata: circa 1 ora a visitaPrenotazione obbligatoria: info@gruppoarcheologico.it appuntamento presso la Sala Mazzoni, Piazza San Giovanni in Laterano, 80 (lato Obelisco)",,,,,,,,,http://media.beniculturali.it/mibac/files/boards/128ae52db40cae8510626c2ef301bafd/GEP%202026/esterni/gruppo%20archeologico%20romano/Area-archeologica-San-Giovanni-in-Laterano%20GEP%202026%201.jpg
http://dati.beniculturali.it/mibact/eventi/resource/CulturalEvent/48227,State of the European Union (SOTEU) 2026 – L’Europa in diretta: dialogo e partecipazione sul futuro dell’Unione,evento solo on site,"Mercoledì 16 settembre 2026  l’ICCU ospiterà la visione pubblica della
diretta: “State of the European Union (SOTEU) 2026 – L’Europa in diretta:
dialogo e partecipazione sul futuro dell’Unione”, l’annuale
discorso  sullo Stato dell’Unione
Europea, pronunciato dalla Presidente della Commissione europea Ursula
von der Leyen.L’evento,
promosso dal CDE-OPIB dell’ICCU in collaborazione con il CDE del CNR
– Consiglio Nazionale delle Ricerche, il CDE della SIOI – Società
Italiana per l’Organizzazione Internazionale e il CDE dell’Università
degli Studi Roma Tre, propone un momento di ascolto, approfondimento e
confronto sui temi più rilevanti per il presente e il futuro dell’Unione
europea.Al
termine della diretta, la parola passerà al confronto e all’approfondimento. Esperti e partecipanti saranno chiamati a riflettere
sui principali temi emersi dal discorso, con un focus specifico sul processo
di allargamento dell’Unione europea e sulle prospettive di adesione di nuovi
Paesi.La
partecipazione è gratuita e aperta al pubblico, con registrazione
obbligatoria e fino a esaurimento dei posti disponibili. INFO E REGISTRAZIONISOTEU 2026 – L’Europa in
diretta: dialogo e partecipazione sul futuro dell’Unione
16 settembre 2026 ICCU, presso la Biblioteca
nazionale centrale di Roma – 4° piano, sala conferenze, stanza 436viale Castro Pretorio 105,
Roma Partecipazione: gratuita
Registrazione: obbligatoria, fino a esaurimento dei posti disponibiliPer consultare il programma
completo e registrarsi:
Pagina ufficiale dell’evento SOTEU 2026  































informazioni
CDE OPIB – ICCU: ic-cu.opib.cde@cultura.gov.it",,,,,,,,,
http://dati.beniculturali.it/mibact/eventi/resource/CulturalEvent/48228,GEP 2026 - Apertura straordinaria della Torre Maestra di Conversano,evento solo on site,"Pinacoteca di Conversano - Domenica 27 settembre 2026, dalle 18.30 alle 20.00Quando la
luce del tramonto incontra la storia: una visita speciale alla Torre Maestra
per ammirare Conversano da una prospettiva unica e riscoprire, tra mura e
paesaggio, le storie custodite da uno dei suoi luoghi più rappresentativi.",,,,,,,,,
http://dati.beniculturali.it/mibact/eventi/resource/CulturalEvent/48229,GEP 2026 - Parole dal mondo,evento solo on site,"Pinacoteca di Conversano, sabato 26 settembre 2026 dalle ore 10.00 alle ore 13.00In occasione della Giornata
Europea delle Lingue, alcuni dipinti della Pinacoteca diventano punti di
incontro tra lingue e culture diverse. A partire dal tema universale
rappresentato nell’opera, un simbolo/parola chiave invita i visitatori a
scrivere lo stesso termine nella propria lingua. Le parole raccolte andranno
così a comporre un’installazione partecipativa, in continua evoluzione.
Un’esperienza semplice ma significativa, che trasforma il patrimonio artistico
in un linguaggio condiviso, capace di favorire l’incontro, l’inclusione
e il dialogo, valorizzando al tempo stesso la diversità linguistica e
culturale dei visitatori.",,,,,,,,,
http://dati.beniculturali.it/mibact/eventi/resource/CulturalEvent/48230,GEP 2026 - Di sguardo in sguardo - Immagini e parole per guardare Conversano con occhi nuovi,evento solo on site,"Domenica 27 settembre 2026 - ore 10.00-13.00Una postazione aperta e accessibile
durante le GEP, dedicata alla collana Di sguardo in sguardo di Hamelin,
composta dai quattro albi che raccontano e reinterpretano Conversano attraverso
differenti linguaggi e punti di vista.Bambini e bambine, ragazzi e ragazze
accompagnati dalle operatrici museali o dalle proprie famiglie, potranno
scegliere tra piccole attività di osservazione, gioco, disegno, colore,
scrittura e fotografia, ispirate ai quattro albi.



Un’esperienza a libera esplorazione,
pensata per permettere a ciascuno di scegliere le attività più vicine alla
propria età, ai propri interessi e al proprio modo di guardare la città.",,,,,,,,,
http://dati.beniculturali.it/mibact/eventi/resource/CulturalEvent/48231,Domenica al museo: il 6 settembre andiamo a Caracalla!,Apertura Straordinaria,"Il 6 settembre torna l’appuntamento con la 푫풐풎풆풏풊풄풂 풂풍 푴풖풔풆풐, l’iniziativa del Ministero della Cultura che consente l’ingresso gratuito, ogni prima domenica del mese, in musei, parchi archeologici, castelli, complessi monumentali, ville e giardini statali.La Soprintendenza Speciale di Roma avrà due siti aperti e gratuiti Le 퐓퐞퐫퐦퐞 퐝퐢 퐂퐚퐫퐚퐜퐚퐥퐥퐚  dalle 9.00 alle 19.00, ultimo ingresso alle ore 18.00 Biglietti gratuiti disponibili solo su museitaliani L' 퐀퐫퐜퐨 퐝퐢 퐂퐨퐬퐭퐚퐧퐭퐢퐧퐨 퐚 퐌퐚퐥퐛퐨퐫퐠퐡퐞퐭퐭퐨 dalle 9.30 alle 18.30, ingresso liberoFabio Caricchia#DomenicalMuseo #EstateInCittà #6settembre #archeologia",,,,,,,,,http://media.beniculturali.it/mibac/files/boards/4beb3ecf75b9c4eef0d89c978a80c89c/fb%20caracalla.jpg
http://dati.beniculturali.it/mibact/eventi/resource/CulturalEvent/48232,"L’identità sospesa: resistere, rivivere e reimmaginare il futuro. Archivi, biblioteche e beni storico artistici tra dispersione e recupero.",Apertura Straordinaria,"Presentazione della mostra allestita negli spazi dell’aula magna curata dagli archivisti e bibliotecari
dell’ACS. Nelle due giornate saranno effettuati quattro focus su: Pasquale Rotondi, Palma Bucarelli,
sull’attività di recupero delle opere d’arte per danni di guerra e sul PNRR. I visitatori inoltre potranno
visitare, accompagnati, gli spazi dell’istituto e lo “Scrigno della memoria”.&nbsp;",,,,,,,,,
http://dati.beniculturali.it/mibact/eventi/resource/CulturalEvent/48233,COME VESTIVANO GLI ANTICHI ROMANI,Apertura Straordinaria,"COME
VESTIVANO GLI ANTICHI ROMANI. Seminario e laboratorio pratico alla scoperta
della moda di 2000 anni fa, a cura di Roma Costumi-Francesca Staccioli.Sabato 26 settembre, ore 17:30.",,,,,,,,,http://media.beniculturali.it/mibac/files/boards/eb7e237f5a3d59feafeffaa8cef2595d/GEP%202026/GEP%20Mentana.jpg
http://dati.beniculturali.it/mibact/eventi/resource/CulturalEvent/48234,"GEP 2026 - Guardare le mura, raccontare la città",evento solo on site,"Sabato 26 settembre 2026 - Dalle 17.30 alle 19.00Una passeggiata guidata alla scoperta della Conversano
fortificata, a partire dalla lettura della città e delle sue trasformazioni
nel tempo. Il percorso accompagnerà i partecipanti alla ricerca delle tracce
ancora visibili del sistema difensivo urbano, dalle mura megalitiche alle
torri, attraversando il nucleo antico e l’antico Casale.Condotto dal prof. Paolo Perfido, docente
universitario e capogruppo FAI del Sud-Est Barese, il percorso intreccerà il
racconto storico con l’osservazione diretta dei luoghi. In alcuni momenti, il fotografo
Mimmo d’Onghia accompagnerà i partecipanti a soffermarsi su particolari,
prospettive e punti di vista capaci di restituire il rapporto tra la città di
ieri e quella di oggi. 



Il percorso si concluderà al Museo Archeologico,
dove le tracce incontrate lungo il cammino troveranno un ulteriore contesto di
lettura attraverso i reperti e le testimonianze conservate. I partecipanti
saranno invitati a proseguire autonomamente la visita, scoprendo altre storie
legate alla città, al territorio e alle comunità che lo hanno abitato nel
tempo.",,,,,,,,,
http://dati.beniculturali.it/mibact/eventi/resource/CulturalEvent/48235,GEP 2026 - Quando la mappa racconta - Scoprire il territorio attraverso le platee,evento solo on site,"Sabato 26 settembre, ore
10:00-11:30 – attività per bambini (6
- 11 anni)Visione
e spiegazione delle 2 platee conservate nell’archivio storico diocesano con
riferimento alle tecniche di esecuzione e realizzazione delle mappe;
individuazione degli elementi naturali o prodotti dall’uomo (case, torri,
pozzi) presenti sulle carte.Segue
il laboratorio di coloritura ad acquerello di scorci di Castellaneta legati
all’analisi della cartografia.Ore
17:00-19:00 – attività per adulti Visione
e spiegazione delle 2 platee conservate nell’archivio storico diocesano con
riferimento alle tecniche di esecuzione e realizzazione delle mappe;
individuazione degli elementi naturali o prodotti dall’uomo; analisi delle
mappe più significative per la  storia
della città; riflessione sulla toponomastica.Segue
il laboratorio di realizzazione e coloritura ad acquerello di scorci di
Castellaneta legati all’analisi cartografica.











Domenica
27, ore 17:00-19:00, si ripete
l’attività del pomeriggio precedente.",,,,,,,,,
http://dati.beniculturali.it/mibact/eventi/resource/CulturalEvent/48236,"GEP 2026 - L'Arte di Durare. Storie di resistenza, riuso e tutela nelle collezioni del MuSA",Visita Guidata,"Domenica 27 settembre 2026, dalle ore 10.00 alle ore 13.00In
occasione delle GEP 2026, il MuSA dell'Università del Salento propone visite
guidate gratuite per approfondire la capacità dei reperti archeologici di raccontare
storie di resistenza al tempo e di continua trasformazione.Attraverso la lettura diretta delle collezioni, il
percorso metterà in luce:-         
La maestria tecnica di artigiani e maestranze, capaci di creare opere
che hanno attraversato i secoli;-         
Le tracce antiche di riuso, riparazione e rifunzionalizzazione, segno
di comunità in grado di rigenerare le proprie risorse;-         
Il ruolo della ricerca archeologica e del restauro, indispensabili per
tutelare un patrimonio fragile e trasmetterlo alle generazioni future.Un itinerario per riflettere sul valore del
patrimonio come bene vivo da custodire insieme.Le visite saranno curate dalla Dott.ssa Grazia Maria
Signore, Direttrice del MuSA.













Il museo fa parte della Rete Museale Salento della
Regione Puglia.I TURNO: inizio ore 10:00 (max 25 pax)II TURNO: inizio ore 11:00 (max 25 pax)



III TURNO: inizio ore 12:00 (max 25 pax)",,,,,,,,,
http://dati.beniculturali.it/mibact/eventi/resource/CulturalEvent/48237,Del sonar de ogni sorta de flauti,Concerto,"Il Museo di Palazzo Grimani – Musei archeologici nazionali di Venezia e della Laguna è lieto di invitarvi al concerto finale degli allievi della masterclass di flauto traversiere a cura di Stefano Bet, insegnante della Scuola di Musica Antica di VeneziaSabato 12 settembre alle ore 17.00Concerto finale degli allievi della Masterclass di flauto traversiereMusiche di:Giovanni Bassano, Tylman Susato, Andrea Gabrieli, Jacob van Eyck, Georg Philipp Telemann, Johann Sebastian Bach, Benedetto Marcello, Antonio Lotti, Antonio Vivaldi, Giovanni Benedetto Platti, Pietro Antonio Locatelli, Jean Hotteterre, Johann Adolf Hasse, Johann Joachim Quantz, Josef Haydn, Wolfgang Amadeus MozartPrenotazione obbligatoria fino ad esaurimento posti.L’evento è incluso nel costo del biglietto d’entrata al Museo e alla mostra in corso:Amoako Boafo, It doesn't have to always make sense (06.05.2026 - 22.11.2026)Vi invitiamo a considerare l'acquisto dell'abbonamento Grimani365, che permette accessi illimitati al museo e la partecipazione gratuita a tutti gli eventi per un anno al costo di 30 euro.Info e prenotazioni0412411507Info.museogrimani@cultura.gov.it",,,,,,,,,http://media.beniculturali.it/mibac/files/boards/ed7d22490a255307e497167bbda83a55/2026_Grimani/Concerto%20finale%20Masterclass%20Flauto%20Traversiere.jpg
http://dati.beniculturali.it/mibact/eventi/resource/CulturalEvent/48238,Una storia millenaria - Visita alla Necropoli preromana di Cafaggio e al Castello di Ameglia (SP),Apertura Straordinaria,"Nell’ambito del Piano di Valorizzazione 2026, la Soprintendenza ABAP per la LiguriA organizza due giornate di apertura straordinaria con visita guidata dalla Necropoli di Cafaggio al Castello di Ameglia, sabato 12 e sabato 19 settembre 2026.



La giornata avrà inizio presso il sito 
della Necropoli di Cafaggio con visita guidata dell’area archeologica. 
Da qui si muoverà verso il Castello di Ameglia, dove sarà possibile 
visitare il maniero e prendere le sale che saranno adibite ad Antiquarium per l’esposizione di alcuni corredi provenienti da Cafaggio. 



L’apertura straordinaria, resa possibile 
dalla collaborazione tra il Comune di Ameglia e gli Istituti del 
Ministero della Cultura coinvolti (Soprintendenza ABAP per la Liguria e 
Direzione regionale Musei nazionali Liguria, rappresenta l’occasione per
 i visitatori di conoscere il sito della Necropoli, i lavori in corso 
per migliorane l’accessibilità nonché il progetto che interessa 
l’esposizione presso il Castello di Ameglia dei reperti da esso 
provenienti.



In ognuna delle due giornate, tra le 9 e 
18, saranno disponibili 4 turni di visita (9-11; 11-13; 14-16; 16-18), 
con gruppi di 25 persone max. Tutte le visite partiranno dalla Necropoli 
di Cafaggio e si concluderanno al Castello di Ameglia.",,,,,,,,,http://media.beniculturali.it/mibac/files/boards/47432187a434e5af0c552b25671fdbfb/PIANO%20VALORIZZAZIONE%202026/Castello_Ameglia_300.jpg
http://dati.beniculturali.it/mibact/eventi/resource/CulturalEvent/48239,La metodologia laser applicata nel restauro del polittico proveniente dal Castello Brown. Apertura straordinaria del laboratorio di restuaro della Soprintendenza,Apertura Straordinaria,"Si rinnova l’appuntamento con la visita alle attività del Laboratorio di
Restauro della Soprintendenza.  Oltre
agli interventi sul territorio, l’attività del laboratorio prevede anche
operazioni concrete su opere mobili che vengono restaurate presso la sede di
Palazzo Reale. L’attività
di diagnostica che si svolge in parallelo al restauro, costituisce
un’eccellenza che si propone di ritagliare anche momenti di sperimentazione per
l’utilizzo di nuovi materiali e metodi applicativi. Per questa
particolare occasione vengono aperte le porte del Laboratorio permettendo una
visione privilegiata dei restauri in corso d’opera normalmente preclusi al
pubblico. L’accesso alla visita avverrà dal cortile d’onore di Palazzo Reale,  previa registrazione all’ingresso.",,,,,,,,,http://media.beniculturali.it/mibac/files/boards/47432187a434e5af0c552b25671fdbfb/PIANO%20VALORIZZAZIONE%202026/Fig.%202%20particolare%20del%20polittico%20smontato.JPG
http://dati.beniculturali.it/mibact/eventi/resource/CulturalEvent/48240,"Un crocifisso ligneo barocco, un unicum nel patrimonio del Cimitero di Staglieno in Genova: presentazione del restauro",Visita Guidata,"All’interno
dei laboratori e degli spazi didattici del Cimitero Monumentale di Staglieno è stato
allestito un itinerario didattico che ha come fulcro il restauro di un
crocifisso ligneo del XVII secolo, arrivato nella Cappella del Cimitero nel XIX
secolo, e proveniente da uno sconosciuto edificio ecclesiastico del genovesato.
L’opera è interessante sia per le caratteristiche tecniche della falegnameria e
dell’intaglio, ma anche per la sua alta qualità artistica,  e per la presenza sulla sua superficie di una
serie di coloriture che scandiscono i tre secoli di vita del crocifisso. Queste
vicende che verranno illustrate ai partecipanti all’evento di fronte alla
scultura, integrando la illustrazione con proiezioni, anche inerenti alle
tecniche di restauro impiegate.Appuntamento davanti all'ingresso laterale del Cimitero di Staglieno.",,,,,,,,,http://media.beniculturali.it/mibac/files/boards/47432187a434e5af0c552b25671fdbfb/PIANO%20VALORIZZAZIONE%202026/IMG_20260615_130313.jpg
http://dati.beniculturali.it/mibact/eventi/resource/CulturalEvent/48241,"TERRA SONANS Arte, Cultura e Vox Populi: dal 9 al 13 settembre 2026 all'Anfiteatro Campano",Concerto,"Il festival Terra Sonans nasce nel cuore della Campania, nella suggestiva cornice dell’Anfiteatro Campano di Santa Maria Capua Vetere (Caserta), uno dei più grandi e iconici anfiteatri dell’antichità romana. Questo luogo, simbolo di storia millenaria e memoria collettiva, diventa oggi spazio vivo d’incontro tra culture, suoni e visioni.

“Terra Sonans – Arte, Cultura e Vox Populi” è un viaggio musicale, ideato e diretto da Enzo Avitabile, che attraversa continenti e tradizioni, storie e culture. Dal 9 al 13 settembre 2026, il festival promosso e finanziato dalla Regione Campania attraverso Scabec – Società Campana Beni Culturali con Fondi di Coesione Italia 21–27, nell’ambito delle azioni di valorizzazione del patrimonio Unesco e Itinerari Culturali della Campania - e prodotto da Black Tarantella in collaborazione con il Ministero della Cultura, Direzione regionale Musei nazionali Campania e Comune di Santa Maria Capua Vetere, presenta 6 concerti ad ingresso gratuito, con grandi artisti internazionali.

Tra gli ospiti attesi al festival: la statunitense Dee Dee Bridgewater, i maliani Salif Keïta e Rokia Traoré, il norvegese Jan Garbarek con l’indiano Trilok Gurtu, gli iraniani Kayhan Kalhor, Kiya Tabassian e Niloufar Mohseni, oltre allo stesso Enzo Avitabile protagonista di un inedito progetto live insieme a Daby Touré, cantante e musicista mauritano naturalizzato francese.

LE DICHIARAZIONI
«La scelta di promuovere la nascita del festival Terra Sonans risponde a una precisa linea di programmazione culturale e d'investimento sul territorio», spiega Onofrio Cutaia, Assessore alla Cultura, agli Eventi e al Personale della Regione Campania. «Con questo progetto la Regione Campania sceglie di investire con forza sulla provincia di Caserta, puntando sul suo patrimonio straordinario oltre i grandi circuiti tradizionali, come la Reggia, e valorizzandolo con una proposta artistica di respiro internazionale. L’Anfiteatro Campano di Santa Maria Capua Vetere diventa così uno spazio vivo, nel quale la storia millenaria della Campania incontra le musiche, le culture e le voci del mondo. È questa la direzione in cui intende muoversi la Regione Campania: fare dei nostri luoghi della cultura non soltanto testimonianze da custodire, ma presìdi aperti e contemporanei, capaci di generare nuove occasioni di conoscenza, incontro e sviluppo per le comunità. La visione artistica di Enzo Avitabile esprime pienamente questa visione.»

«Più di un semplice evento musicale, Terra Sonans è un progetto con una forte identità di dialogo interculturale, incontro tra popoli, lingue, tradizioni e inclusione sociale», dichiara Enzo Avitabile. «Il nome stesso, Terra Sonans, richiama l’idea di una terra che vibra, che parla attraverso i suoni delle culture del mondo. Partecipare a questo festival significa vivere un’esperienza immersiva tra arte e storia, un momento di condivisione collettiva, un ponte tra identità locali e culture globali».

Luigina Tomay, Direttrice regionale Musei nazionali Campania, commenta così l’iniziativa: «L’Anfiteatro Campano è uno dei luoghi più importanti della rete dei Musei Nazionali della Campania, testimonianza monumentale della storia dell’antica Capua che abbiamo il compito di tutelare e rendere sempre più accessibile. Valorizzare un sito archeologico significa anche creare occasioni nuove per conoscerlo e viverlo, nel pieno rispetto della sua identità e del suo valore. Terra Sonans si inserisce in questa prospettiva: la musica diventa uno strumento capace di avvicinare pubblici diversi al patrimonio e di costruire un dialogo tra la profondità della storia e i linguaggi della contemporaneità. La presenza di artisti provenienti da culture e tradizioni differenti restituisce inoltre all’Anfiteatro una dimensione di incontro e di apertura, rafforzandone il ruolo non soltanto come luogo della memoria, ma come spazio vivo della cultura del nostro tempo».

«Ospitare Terra Sonans in uno dei luoghi simbolo della nostra città rappresenta per Santa Maria Capua Vetere un’importante occasione di valorizzazione e di apertura», dichiara Antonio Mirra, Sindaco di Santa Maria Capua Vetere. «L’Anfiteatro Campano è parte profonda della nostra identità e della nostra storia e vederlo diventare punto d’incontro tra artisti, culture e tradizioni provenienti da diverse parti del mondo rafforza la vocazione culturale della città e la sua capacità di accogliere. Una rassegna di così alto profilo rappresenta inoltre un’opportunità per far conoscere sempre di più Santa Maria Capua Vetere e il suo straordinario patrimonio, creando nuove occasioni di partecipazione per la comunità e di attrazione per visitatori e turisti. Siamo quindi particolarmente felici di accogliere Terra Sonans e quanti, attraverso la musica, avranno l’occasione di scoprire o riscoprire la nostra città e la sua storia.»

Tutti i concerti in programma sono ad ingresso gratuito con prenotazione obbligatoria su Eventbrite.
Per informazioni e contatti: info@terrasonans.it
Ufficio stampa: 

Umberto Di Micco dmvcomunicazione@gmail.com 
Scabec - stampa@scabec.it 
LA NOTA DEL DIRETTORE ARTISTICO


Il festival Terra Sonans nasce nel cuore della Campania, nella suggestiva cornice dell’Anfiteatro Campano, uno dei più grandi e affascinanti anfiteatri dell’antichità romana, secondo per dimensioni solo al Colosseo. Questo luogo, simbolo di storia millenaria e memoria collettiva, diventa oggi spazio vivo di incontro tra culture, suoni e visioni contemporanee. “Terra Sonans – Arte, Cultura e Vox Populi” è un viaggio sonoro che attraversa continenti e tradizioni. Il festival propone: artisti internazionali e realtà locali, performance che uniscono musica, danza e narrazione. Il nome stesso - “Terra Sonans” - richiama l’idea di una terra che vibra, che parla attraverso i suoni delle culture del mondo. Più di un semplice evento musicale, Terra Sonans è un progetto culturale con una forte identità di dialogo interculturale, incontro tra popoli, lingue, tradizioni e inclusione sociale. Memoria e contemporaneità valorizzano il patrimonio storico attraverso l’arte, con particolare attenzione ai temi ambientali e alla relazione uomo-terra. In questo senso, il festival si inserisce nella vocazione dell’anfiteatro come luogo di aggregazione pubblica, reinterpretandolo in chiave moderna. L’Anfiteatro Campano, costruito tra I e II secolo d.C. oggi diventa un luogo di emozione e bellezza, dove la musica risuona tra le pietre antiche, creando un dialogo unico tra passato e presente Partecipare a Terra Sonans significa vivere: un’esperienza immersiva tra arte e storia, un momento di condivisione collettiva, un’occasione per riscoprire il territorio campano, un ponte tra identità locali e culture globali.
Enzo Avitabile

IL PROGRAMMA

MERCOLEDÌ 9 SETTEMBRE · ORE 21
SALIF KEÏTA
Mali

Ad inaugurare il ciclo di concerti all’Anfiteatro Campano sarà Salif Keïta. Discendente diretto di Sundiata Keïta, eroe nazionale e fondatore dell’Impero del Mali nel XIV secolo, Salif Keïta è una delle figure più iconiche della musica africana contemporanea. Pioniere e punto di riferimento da oltre mezzo secolo dell’Afro-pop, grazie alla sua voce straordinaria – definita “The golden voice of Africa” – e alla fusione delle tradizioni musicali Mandé con influenze pop, jazz, funk, blues e sonorità elettroniche, ha dato vita a 20 album e successi planetari come ""Yamore"" e ""Madan"". Salif Keïta è uno dei grandi protagonisti dell'evoluzione della musica africana, contribuendo in modo significativo alla sua diffusione globale. Sul palco, insieme a lui ci sarà la Electric Band composta da Soubeiga Fatoumata e Aicha Mariko (voci), Guimba Kouyate (chitarra), Harouna Samake (kamale n'goni), Seydou Kouyate (tastiera & kora), Mamady Kouyate (basso), Moise Sagara (batteria), Daouda Kone (percussioni) e Abou Cisse (MPC).



GIOVEDÌ 10 SETTEMBRE · ORE 21
JAN GARBAREK GROUP feat. TRILOK GURTU 
Norvegia · India

La seconda serata della rassegna Terra Sonans vede protagonista una leggenda del jazz europeo: Jan Garbarek. Un grande musicista che ha influenzato intere generazioni col suo stile inconfondibile, capace di definire il sound tipico della mitica etichetta ECM Records. Tra le sue numerose collaborazioni impossibile non citare quelle con Bill Frisell, Keith Jarrett, Agnes Buen Garnås, Zakir Hussain, Anouar Brahem e The Hilliard Ensemble. Ma il suo punto fermo è rappresentato dal progetto Jan Garbarek Group. Insieme al sassofonista e compositore norvegese classe 1947 (figlio di un ex prigioniero di guerra polacco) troviamo il suo collaudato gruppo composto dal pianista e tastierista tedesco Rainer Brüninghaus, dal bassista brasiliano Yuri Daniel e dal fenomenale percussionista indiano Trilok Gurtu. Un quartetto multietnico capace di superare stili e generi musicali, dando vita a un raffinatissimo estetismo sonoro. Nulla è più difficile di ciò che è semplice. Jan Garbarek, da sessant'anni, rende semplice, limpido ed evidente ciò che è complesso.


VENERDÌ 11 SETTEMBRE · ORE 21
DEE DEE BRIDGEWATER
U.S.A.

L’Anfiteatro Campano accoglie una delle più acclamate voci del jazz: Dee Dee Bridgewater. Nel corso di una carriera poliedrica che abbraccia più di quattro decenni, ha raggiunto l'apice tra le voci del panorama musicale mondiale. La cantante originaria di Memphis - vincitrice di tre Grammy Awards - porta sul palco un progetto che unisce musica e impegno civile, costruito insieme al suo ensemble tutto femminile: accanto a lei, Alexis Lombre (al pianoforte), Rosa Brunello (al basso elettrico, contrabbasso) e Anne Paceo (alla batteria). In questo spettacolo dal titolo evocativo, “WE EXIST!” - che richiama volutamente il capolavoro di Max Roach del 1960 “We Insist! Freedom Now Suite” – Dee Dee Bridgewater unisce il suo vasto vissuto e tutte le sue doti artistiche. Con questo progetto, arte e attivismo si fondono nella sua vocalità potente e raffinata, capace di attraversare generi, epoche e linguaggi, mantenendo intatta la propria identità.


SABATO 12 SETTEMBRE · ORE 21
ROKIA TRAORÉ
Mali

Tra le figure di punta della cosiddetta “nuova Africa musicale”, Rokia Traoré è un’artista capace di coniugare con naturalezza le radici della tradizione africana con le sonorità contemporanee del rock, del folk e della canzone d’autore globale. Nata nel 1974 a Kolokani, in Mali, e figlia di un diplomatico, ha vissuto tra Stati Uniti, Europa e Medio Oriente, esposta fin da giovane a culture e musiche diverse. Ha studiato sociologia a Bruxelles prima di dedicarsi interamente alla musica. Oltre alla carriera musicale e teatrale, Rokia Traoré è anche una figura centrale dell’attivismo culturale africano. Nel 2009 ha fondato a Bamako la Fondation Passerelle, con l’obiettivo di formare e sostenere giovani artisti maliani offrendo loro strumenti tecnici, educazione artistica e opportunità di crescita. Nel 2016 è stata nominata ambasciatrice di buona volontà dell’UNHCR, l’Alto Commissariato ONU per i Rifugiati.

SABATO 12 SETTEMBRE · ORE 22
THE ART OF IMPROVISATION IN IRANIAN MUSIC
KAYHAN KALHOR · KIYA TABASSIAN · NILOUFAR MOHSENI
Iran

Tre straordinari musicisti ci conducono nel cuore di una delle più antiche tradizioni musicali del mondo, dove poesia, spiritualità e virtuosismo si intrecciano in un dialogo senza confini. L’ambasciatore
della musica persiana, Kayhan Kalhor, vincitore del Grammy Award e del Womex Artist Award, considerato il più grande virtuoso al mondo del kamancheh (violino persiano). Le sue collaborazioni con il Silkroad Ensemble di Yo-Yo Ma, i Kronos Quartet e numerosi artisti provenienti da culture diverse gli hanno permesso di costruire un ponte tra Oriente e Occidente. Accanto a lui, Kiya Tabassian, virtuoso del setar (il liuto persiano), compositore e fondatore dell'ensemble Constantinople. Il suo lavoro esplora le connessioni tra la tradizione persiana, il Mediterraneo e il Medio Oriente. Completa il trio Niloufar Mohseni, interprete di grande sensibilità del tombak, il principale strumento a percussione della musica classica e popolare persiana.

DOMENICA 13 SETTEMBRE · ORE 21
ENZO AVITABILE
IN ROTTE CLANDESTINE · guest DABY TOURÉ
Italia · Mauritania

La serata conclusiva di Terra Sonans vede in scena il Maestro Enzo Avitabile con il nuovo e inedito concerto “Rotte Clandestine”. Il compositore e cantautore partenopeo, da sempre impegnato nella
ricerca e nella contaminazione sonora, dialoga in questa esibizione con il cantante e musicista mauritano, naturalizzato francese, Daby Touré (storico collaboratore di Peter Gabriel e già al fianco di Avitabile in varie occasioni). Insieme presentano dal vivo questo progetto musicale che racconta, attraverso suoni e parole, le rotte migratorie contemporanee. Un concerto intimo ma pieno di groove, che si sviluppa come un viaggio simbolico tra Sud e Nord del mondo, mettendo al centro le storie di chi attraversa confini alla ricerca di dignità, identità e futuro. L’incontro tra Enzo Avitabile e Daby Touré, accompagnati da Gianluigi Di Fenza (chitarra) e Emidio Ausiello (tamburi a cornice), crea un dialogo artistico che fonde tradizioni diverse, trasformando il palco in uno spazio condiviso e la musica in un suono di comunità senza confini.",,,,,,,,,http://media.beniculturali.it/mibac/files/boards/3d4b62738d2cccfe44a560bc3b687299/2026%20Capua%20Vetere/DRMCAM_ANFITEATRO_TERRA%20SONANS.jpg
http://dati.beniculturali.it/mibact/eventi/resource/CulturalEvent/48242,GEP 2026 La Soprintendenza Abap per le province di Caserta e Benevento apre i siti con visite guidate il 26 e 27 settembre. Iniziative gratuite,Visita Guidata,"Nelle giornate di sabato 26 e domenica 27 settembre 2026, la Soprintendenza Archeologia, Belle Arti e Paesaggio per le province di Caserta e Benevento aderisce alle Giornate Europee del Patrimonio con aperture straordinarie gratuite, sia diurne sia serali, di siti distribuiti su tutto il territorio, in collaborazione con le Amministrazioni Comunali e visite guidate con accesso libero. Le Giornate Europee del Patrimonio(European Heritage Days), promosse dal Consiglio d’Europa e dalla Commissione europea dal 1991 e coordinate in Italia dal Ministero della Cultura, rappresentano un’importante occasione per promuovere un sentimento di appartenenza e di comunità su tutto il territorio europeo. Il tema di quest’anno, “Proteggere il patrimonio. Rinnovare, resistere, reinventare”, declinazione italiana dello slogan europeo “Heritage at Risk: Protecting, Renewing, Reimagining”, richiama l’attenzione sul continuo rischio a cui è sottoposto il nostro patrimonio culturale in un mondo in rapido e costante cambiamento. Il tema invita inoltre a riflettere sulla duplice natura del patrimonio culturale: da un lato, un bene fragile e vulnerabile, che richiede cura e tutela; dall’altro, una risorsa fondamentale, capace di costituire un pilastro per le comunità e di rafforzarne l’identità. Esse rappresentano, inoltre, un’importante occasione per illustrare i risultati conseguiti grazie agli interventi finanziati dal Piano Nazionale di Ripresa e Resilienza (PNRR).
Il Soprintendente Mariano Nuzzo: “Le Giornate Europee del Patrimonio ci ricordano che tutelare non significa soltanto conservare ciò che abbiamo ricevuto, ma assumerci la responsabilità di consegnarlo al futuro. È in questo passaggio, tra memoria e futuro, che oggi si colloca il lavoro della Soprintendenza. Proteggere significa allora anche riaccendere questo rapporto, restituendo ai cittadini la possibilità di conoscere, frequentare e riconoscere come propria un’eredità che spesso è sotto i loro occhi senza essere pienamente percepita. Per questo le aperture del 26 e 27 settembre hanno per noi un significato particolare. Non vogliamo semplicemente aprire delle porte: vogliamo creare occasioni di incontro. La collaborazione con le Amministrazioni comunali ci consente di portare il patrimonio fuori da una dimensione esclusivamente specialistica e di ricondurlo alla sua natura più autentica, quella di bene pubblico, capace di generare conoscenza, identità, nuove relazioni e responsabilità condivisa”.
Le aperture straordinarie seguiranno il seguente calendario stilato dai funzionari responsabili Antonio Salerno, Andrea Martelli, Simone Foresta e Domenico Oione:
APERTURE DIURNE

Caserta
Conocchia di Curti: sabato 26 settembre dalle 9:00 alle 13:00 e domenica 27 settembre dalle 9:00 alle 13:00.
Parco Archeologico dell’Appia Antica Mondragone: sabato 26 settembre dalle 9:00 alle 13:00 e domenica 27 settembre dalle 9:00 alle 13:00.

Benevento
Abbazia S. Salvatore Telesino: sabato 26 settembre dalle 9:00 alle 13:00 e domenica 27 settembre dalle 9:00 alle 13:00.
Centro Operativo Benevento ex Convento S. Felice: sabato 26 settembre dalle 9:00 alle 13:00 e domenica 27 settembre dalle 9:00 alle 13:00.

APERTURE SERALI
Caserta
Villa Romana di S. Limato Cellole: sabato 26 settembre dalle 16:00 alle 20:00.
Conocchia di Curti: sabato 26 settembre dalle 17:00 alle 21:00.

Benevento
Abbazia S. Salvatore Telesino: sabato 26 settembre dalle 17:00 alle 21:00.
Centro Operativo Benevento ex Convento S. Felice: sabato 26 settembre dalle 18:00 alle 22:00.",,,,,,,,,http://media.beniculturali.it/mibac/files/boards/649d577dfde502534e670781c72a1b66/2026/SABAB%20CE%20E%20BN_GEP%20DIURNE%202026_GRAFICA%20FRANCESCO%20BALLETTA.jpg
http://dati.beniculturali.it/mibact/eventi/resource/CulturalEvent/48243,GEP 2026 La Soprintendenza Abap per le province di Caserta e Benevento apre i siti con visite guidate il 26 e 27 settembre. Iniziative gratuite_Copia,Visita Guidata,"Nelle giornate di sabato 26 e domenica 27 settembre 2026, la Soprintendenza Archeologia, Belle Arti e Paesaggio per le province di Caserta e Benevento aderisce alle Giornate Europee del Patrimonio con aperture straordinarie gratuite, sia diurne sia serali, di siti distribuiti su tutto il territorio, in collaborazione con le Amministrazioni Comunali e visite guidate con accesso libero. Le Giornate Europee del Patrimonio(European Heritage Days), promosse dal Consiglio d’Europa e dalla Commissione europea dal 1991 e coordinate in Italia dal Ministero della Cultura, rappresentano un’importante occasione per promuovere un sentimento di appartenenza e di comunità su tutto il territorio europeo. Il tema di quest’anno, “Proteggere il patrimonio. Rinnovare, resistere, reinventare”, declinazione italiana dello slogan europeo “Heritage at Risk: Protecting, Renewing, Reimagining”, richiama l’attenzione sul continuo rischio a cui è sottoposto il nostro patrimonio culturale in un mondo in rapido e costante cambiamento. Il tema invita inoltre a riflettere sulla duplice natura del patrimonio culturale: da un lato, un bene fragile e vulnerabile, che richiede cura e tutela; dall’altro, una risorsa fondamentale, capace di costituire un pilastro per le comunità e di rafforzarne l’identità. Esse rappresentano, inoltre, un’importante occasione per illustrare i risultati conseguiti grazie agli interventi finanziati dal Piano Nazionale di Ripresa e Resilienza (PNRR).
Il Soprintendente Mariano Nuzzo: “Le Giornate Europee del Patrimonio ci ricordano che tutelare non significa soltanto conservare ciò che abbiamo ricevuto, ma assumerci la responsabilità di consegnarlo al futuro. È in questo passaggio, tra memoria e futuro, che oggi si colloca il lavoro della Soprintendenza. Proteggere significa allora anche riaccendere questo rapporto, restituendo ai cittadini la possibilità di conoscere, frequentare e riconoscere come propria un’eredità che spesso è sotto i loro occhi senza essere pienamente percepita. Per questo le aperture del 26 e 27 settembre hanno per noi un significato particolare. Non vogliamo semplicemente aprire delle porte: vogliamo creare occasioni di incontro. La collaborazione con le Amministrazioni comunali ci consente di portare il patrimonio fuori da una dimensione esclusivamente specialistica e di ricondurlo alla sua natura più autentica, quella di bene pubblico, capace di generare conoscenza, identità, nuove relazioni e responsabilità condivisa”.
Le aperture straordinarie seguiranno il seguente calendario stilato dai funzionari responsabili Antonio Salerno, Andrea Martelli, Simone Foresta e Domenico Oione:
APERTURE DIURNE

Caserta
Conocchia di Curti: sabato 26 settembre dalle 9:00 alle 13:00 e domenica 27 settembre dalle 9:00 alle 13:00.
Parco Archeologico dell’Appia Antica Mondragone: sabato 26 settembre dalle 9:00 alle 13:00 e domenica 27 settembre dalle 9:00 alle 13:00.

Benevento
Abbazia S. Salvatore Telesino: sabato 26 settembre dalle 9:00 alle 13:00 e domenica 27 settembre dalle 9:00 alle 13:00.
Centro Operativo Benevento ex Convento S. Felice: sabato 26 settembre dalle 9:00 alle 13:00 e domenica 27 settembre dalle 9:00 alle 13:00.

APERTURE SERALI
Caserta
Villa Romana di S. Limato Cellole: sabato 26 settembre dalle 16:00 alle 20:00.
Conocchia di Curti: sabato 26 settembre dalle 17:00 alle 21:00.

Benevento
Abbazia S. Salvatore Telesino: sabato 26 settembre dalle 17:00 alle 21:00.
Centro Operativo Benevento ex Convento S. Felice: sabato 26 settembre dalle 18:00 alle 22:00.",,,,,,,,,
http://dati.beniculturali.it/mibact/eventi/resource/CulturalEvent/48244,GEP 2026 La Soprintendenza Abap per le province di Caserta e Benevento apre i siti con visite guidate il 26 e 27 settembre. Iniziative gratuite_Copia_Copia,Visita Guidata,"Nelle giornate di sabato 26 e domenica 27 settembre 2026, la Soprintendenza Archeologia, Belle Arti e Paesaggio per le province di Caserta e Benevento aderisce alle Giornate Europee del Patrimonio con aperture straordinarie gratuite, sia diurne sia serali, di siti distribuiti su tutto il territorio, in collaborazione con le Amministrazioni Comunali e visite guidate con accesso libero. Le Giornate Europee del Patrimonio(European Heritage Days), promosse dal Consiglio d’Europa e dalla Commissione europea dal 1991 e coordinate in Italia dal Ministero della Cultura, rappresentano un’importante occasione per promuovere un sentimento di appartenenza e di comunità su tutto il territorio europeo. Il tema di quest’anno, “Proteggere il patrimonio. Rinnovare, resistere, reinventare”, declinazione italiana dello slogan europeo “Heritage at Risk: Protecting, Renewing, Reimagining”, richiama l’attenzione sul continuo rischio a cui è sottoposto il nostro patrimonio culturale in un mondo in rapido e costante cambiamento. Il tema invita inoltre a riflettere sulla duplice natura del patrimonio culturale: da un lato, un bene fragile e vulnerabile, che richiede cura e tutela; dall’altro, una risorsa fondamentale, capace di costituire un pilastro per le comunità e di rafforzarne l’identità. Esse rappresentano, inoltre, un’importante occasione per illustrare i risultati conseguiti grazie agli interventi finanziati dal Piano Nazionale di Ripresa e Resilienza (PNRR).
Il Soprintendente Mariano Nuzzo: “Le Giornate Europee del Patrimonio ci ricordano che tutelare non significa soltanto conservare ciò che abbiamo ricevuto, ma assumerci la responsabilità di consegnarlo al futuro. È in questo passaggio, tra memoria e futuro, che oggi si colloca il lavoro della Soprintendenza. Proteggere significa allora anche riaccendere questo rapporto, restituendo ai cittadini la possibilità di conoscere, frequentare e riconoscere come propria un’eredità che spesso è sotto i loro occhi senza essere pienamente percepita. Per questo le aperture del 26 e 27 settembre hanno per noi un significato particolare. Non vogliamo semplicemente aprire delle porte: vogliamo creare occasioni di incontro. La collaborazione con le Amministrazioni comunali ci consente di portare il patrimonio fuori da una dimensione esclusivamente specialistica e di ricondurlo alla sua natura più autentica, quella di bene pubblico, capace di generare conoscenza, identità, nuove relazioni e responsabilità condivisa”.
Le aperture straordinarie seguiranno il seguente calendario stilato dai funzionari responsabili Antonio Salerno, Andrea Martelli, Simone Foresta e Domenico Oione:
APERTURE DIURNE

Caserta
Conocchia di Curti: sabato 26 settembre dalle 9:00 alle 13:00 e domenica 27 settembre dalle 9:00 alle 13:00.
Parco Archeologico dell’Appia Antica Mondragone: sabato 26 settembre dalle 9:00 alle 13:00 e domenica 27 settembre dalle 9:00 alle 13:00.

Benevento
Abbazia S. Salvatore Telesino: sabato 26 settembre dalle 9:00 alle 13:00 e domenica 27 settembre dalle 9:00 alle 13:00.
Centro Operativo Benevento ex Convento S. Felice: sabato 26 settembre dalle 9:00 alle 13:00 e domenica 27 settembre dalle 9:00 alle 13:00.

APERTURE SERALI
Caserta
Villa Romana di S. Limato Cellole: sabato 26 settembre dalle 16:00 alle 20:00.
Conocchia di Curti: sabato 26 settembre dalle 17:00 alle 21:00.

Benevento
Abbazia S. Salvatore Telesino: sabato 26 settembre dalle 17:00 alle 21:00.
Centro Operativo Benevento ex Convento S. Felice: sabato 26 settembre dalle 18:00 alle 22:00.",,,,,,,,,http://media.beniculturali.it/mibac/files/boards/649d577dfde502534e670781c72a1b66/2026/SABAB%20CE%20E%20BN_GEP%202026_ABBAZIA%20S.%20SALVATORE%20T.%20GRAFICA%20FRANCESCO%20BALLETTA.jpg
http://dati.beniculturali.it/mibact/eventi/resource/CulturalEvent/48245,GEP 2026 La Soprintendenza Abap per le province di Caserta e Benevento apre i siti con visite guidate il 26 e 27 settembre. Iniziative gratuite_Copia_Copia,Visita Guidata,"Nelle giornate di sabato 26 e domenica 27 settembre 2026, la Soprintendenza Archeologia, Belle Arti e Paesaggio per le province di Caserta e Benevento aderisce alle Giornate Europee del Patrimonio con aperture straordinarie gratuite, sia diurne sia serali, di siti distribuiti su tutto il territorio, in collaborazione con le Amministrazioni Comunali e visite guidate con accesso libero. Le Giornate Europee del Patrimonio(European Heritage Days), promosse dal Consiglio d’Europa e dalla Commissione europea dal 1991 e coordinate in Italia dal Ministero della Cultura, rappresentano un’importante occasione per promuovere un sentimento di appartenenza e di comunità su tutto il territorio europeo. Il tema di quest’anno, “Proteggere il patrimonio. Rinnovare, resistere, reinventare”, declinazione italiana dello slogan europeo “Heritage at Risk: Protecting, Renewing, Reimagining”, richiama l’attenzione sul continuo rischio a cui è sottoposto il nostro patrimonio culturale in un mondo in rapido e costante cambiamento. Il tema invita inoltre a riflettere sulla duplice natura del patrimonio culturale: da un lato, un bene fragile e vulnerabile, che richiede cura e tutela; dall’altro, una risorsa fondamentale, capace di costituire un pilastro per le comunità e di rafforzarne l’identità. Esse rappresentano, inoltre, un’importante occasione per illustrare i risultati conseguiti grazie agli interventi finanziati dal Piano Nazionale di Ripresa e Resilienza (PNRR).
Il Soprintendente Mariano Nuzzo: “Le Giornate Europee del Patrimonio ci ricordano che tutelare non significa soltanto conservare ciò che abbiamo ricevuto, ma assumerci la responsabilità di consegnarlo al futuro. È in questo passaggio, tra memoria e futuro, che oggi si colloca il lavoro della Soprintendenza. Proteggere significa allora anche riaccendere questo rapporto, restituendo ai cittadini la possibilità di conoscere, frequentare e riconoscere come propria un’eredità che spesso è sotto i loro occhi senza essere pienamente percepita. Per questo le aperture del 26 e 27 settembre hanno per noi un significato particolare. Non vogliamo semplicemente aprire delle porte: vogliamo creare occasioni di incontro. La collaborazione con le Amministrazioni comunali ci consente di portare il patrimonio fuori da una dimensione esclusivamente specialistica e di ricondurlo alla sua natura più autentica, quella di bene pubblico, capace di generare conoscenza, identità, nuove relazioni e responsabilità condivisa”.
Le aperture straordinarie seguiranno il seguente calendario stilato dai funzionari responsabili Antonio Salerno, Andrea Martelli, Simone Foresta e Domenico Oione:
APERTURE DIURNE

Caserta
Conocchia di Curti: sabato 26 settembre dalle 9:00 alle 13:00 e domenica 27 settembre dalle 9:00 alle 13:00.
Parco Archeologico dell’Appia Antica Mondragone: sabato 26 settembre dalle 9:00 alle 13:00 e domenica 27 settembre dalle 9:00 alle 13:00.

Benevento
Abbazia S. Salvatore Telesino: sabato 26 settembre dalle 9:00 alle 13:00 e domenica 27 settembre dalle 9:00 alle 13:00.
Centro Operativo Benevento ex Convento S. Felice: sabato 26 settembre dalle 9:00 alle 13:00 e domenica 27 settembre dalle 9:00 alle 13:00.

APERTURE SERALI
Caserta
Villa Romana di S. Limato Cellole: sabato 26 settembre dalle 16:00 alle 20:00.
Conocchia di Curti: sabato 26 settembre dalle 17:00 alle 21:00.

Benevento
Abbazia S. Salvatore Telesino: sabato 26 settembre dalle 17:00 alle 21:00.
Centro Operativo Benevento ex Convento S. Felice: sabato 26 settembre dalle 18:00 alle 22:00.",,,,,,,,,http://media.beniculturali.it/mibac/files/boards/649d577dfde502534e670781c72a1b66/2026/SABAB%20CE%20E%20BN_GEP%202026_ABBAZIA%20S.%20SALVATORE%20T.%20GRAFICA%20FRANCESCO%20BALLETTA.jpg
http://dati.beniculturali.it/mibact/eventi/resource/CulturalEvent/48246,GEP 2026 La Soprintendenza Abap per le province di Caserta e Benevento apre i siti con visite guidate il 26 e 27 settembre. Iniziative gratuite_Copia_Copia_Copia,Visita Guidata,"Nelle giornate di sabato 26 e domenica 27 settembre 2026, la Soprintendenza Archeologia, Belle Arti e Paesaggio per le province di Caserta e Benevento aderisce alle Giornate Europee del Patrimonio con aperture straordinarie gratuite, sia diurne sia serali, di siti distribuiti su tutto il territorio, in collaborazione con le Amministrazioni Comunali e visite guidate con accesso libero. Le Giornate Europee del Patrimonio(European Heritage Days), promosse dal Consiglio d’Europa e dalla Commissione europea dal 1991 e coordinate in Italia dal Ministero della Cultura, rappresentano un’importante occasione per promuovere un sentimento di appartenenza e di comunità su tutto il territorio europeo. Il tema di quest’anno, “Proteggere il patrimonio. Rinnovare, resistere, reinventare”, declinazione italiana dello slogan europeo “Heritage at Risk: Protecting, Renewing, Reimagining”, richiama l’attenzione sul continuo rischio a cui è sottoposto il nostro patrimonio culturale in un mondo in rapido e costante cambiamento. Il tema invita inoltre a riflettere sulla duplice natura del patrimonio culturale: da un lato, un bene fragile e vulnerabile, che richiede cura e tutela; dall’altro, una risorsa fondamentale, capace di costituire un pilastro per le comunità e di rafforzarne l’identità. Esse rappresentano, inoltre, un’importante occasione per illustrare i risultati conseguiti grazie agli interventi finanziati dal Piano Nazionale di Ripresa e Resilienza (PNRR).
Il Soprintendente Mariano Nuzzo: “Le Giornate Europee del Patrimonio ci ricordano che tutelare non significa soltanto conservare ciò che abbiamo ricevuto, ma assumerci la responsabilità di consegnarlo al futuro. È in questo passaggio, tra memoria e futuro, che oggi si colloca il lavoro della Soprintendenza. Proteggere significa allora anche riaccendere questo rapporto, restituendo ai cittadini la possibilità di conoscere, frequentare e riconoscere come propria un’eredità che spesso è sotto i loro occhi senza essere pienamente percepita. Per questo le aperture del 26 e 27 settembre hanno per noi un significato particolare. Non vogliamo semplicemente aprire delle porte: vogliamo creare occasioni di incontro. La collaborazione con le Amministrazioni comunali ci consente di portare il patrimonio fuori da una dimensione esclusivamente specialistica e di ricondurlo alla sua natura più autentica, quella di bene pubblico, capace di generare conoscenza, identità, nuove relazioni e responsabilità condivisa”.
Le aperture straordinarie seguiranno il seguente calendario stilato dai funzionari responsabili Antonio Salerno, Andrea Martelli, Simone Foresta e Domenico Oione:
APERTURE DIURNE

Caserta
Conocchia di Curti: sabato 26 settembre dalle 9:00 alle 13:00 e domenica 27 settembre dalle 9:00 alle 13:00.
Parco Archeologico dell’Appia Antica Mondragone: sabato 26 settembre dalle 9:00 alle 13:00 e domenica 27 settembre dalle 9:00 alle 13:00.

Benevento
Abbazia S. Salvatore Telesino: sabato 26 settembre dalle 9:00 alle 13:00 e domenica 27 settembre dalle 9:00 alle 13:00.
Centro Operativo Benevento ex Convento S. Felice: sabato 26 settembre dalle 9:00 alle 13:00 e domenica 27 settembre dalle 9:00 alle 13:00.

APERTURE SERALI
Caserta
Villa Romana di S. Limato Cellole: sabato 26 settembre dalle 16:00 alle 20:00.
Conocchia di Curti: sabato 26 settembre dalle 17:00 alle 21:00.

Benevento
Abbazia S. Salvatore Telesino: sabato 26 settembre dalle 17:00 alle 21:00.
Centro Operativo Benevento ex Convento S. Felice: sabato 26 settembre dalle 18:00 alle 22:00.",,,,,,,,,http://media.beniculturali.it/mibac/files/boards/649d577dfde502534e670781c72a1b66/2026/SABAB%20CE%20E%20BN_GEP%202026_MAUSOLEO%20CONOCCHIA%20CURTI_GRAFICA%20FRANCESCO%20BALLETTA.jpg
http://dati.beniculturali.it/mibact/eventi/resource/CulturalEvent/48247,GEP 2026 La Soprintendenza Abap per le province di Caserta e Benevento apre i siti con visite guidate il 26 e 27 settembre. Iniziative gratuite_Copia_Copia_Copia_Copia,Visita Guidata,"Nelle giornate di sabato 26 e domenica 27 settembre 2026, la Soprintendenza Archeologia, Belle Arti e Paesaggio per le province di Caserta e Benevento aderisce alle Giornate Europee del Patrimonio con aperture straordinarie gratuite, sia diurne sia serali, di siti distribuiti su tutto il territorio, in collaborazione con le Amministrazioni Comunali e visite guidate con accesso libero. Le Giornate Europee del Patrimonio(European Heritage Days), promosse dal Consiglio d’Europa e dalla Commissione europea dal 1991 e coordinate in Italia dal Ministero della Cultura, rappresentano un’importante occasione per promuovere un sentimento di appartenenza e di comunità su tutto il territorio europeo. Il tema di quest’anno, “Proteggere il patrimonio. Rinnovare, resistere, reinventare”, declinazione italiana dello slogan europeo “Heritage at Risk: Protecting, Renewing, Reimagining”, richiama l’attenzione sul continuo rischio a cui è sottoposto il nostro patrimonio culturale in un mondo in rapido e costante cambiamento. Il tema invita inoltre a riflettere sulla duplice natura del patrimonio culturale: da un lato, un bene fragile e vulnerabile, che richiede cura e tutela; dall’altro, una risorsa fondamentale, capace di costituire un pilastro per le comunità e di rafforzarne l’identità. Esse rappresentano, inoltre, un’importante occasione per illustrare i risultati conseguiti grazie agli interventi finanziati dal Piano Nazionale di Ripresa e Resilienza (PNRR).
Il Soprintendente Mariano Nuzzo: “Le Giornate Europee del Patrimonio ci ricordano che tutelare non significa soltanto conservare ciò che abbiamo ricevuto, ma assumerci la responsabilità di consegnarlo al futuro. È in questo passaggio, tra memoria e futuro, che oggi si colloca il lavoro della Soprintendenza. Proteggere significa allora anche riaccendere questo rapporto, restituendo ai cittadini la possibilità di conoscere, frequentare e riconoscere come propria un’eredità che spesso è sotto i loro occhi senza essere pienamente percepita. Per questo le aperture del 26 e 27 settembre hanno per noi un significato particolare. Non vogliamo semplicemente aprire delle porte: vogliamo creare occasioni di incontro. La collaborazione con le Amministrazioni comunali ci consente di portare il patrimonio fuori da una dimensione esclusivamente specialistica e di ricondurlo alla sua natura più autentica, quella di bene pubblico, capace di generare conoscenza, identità, nuove relazioni e responsabilità condivisa”.
Le aperture straordinarie seguiranno il seguente calendario stilato dai funzionari responsabili Antonio Salerno, Andrea Martelli, Simone Foresta e Domenico Oione:
APERTURE DIURNE

Caserta
Conocchia di Curti: sabato 26 settembre dalle 9:00 alle 13:00 e domenica 27 settembre dalle 9:00 alle 13:00.
Parco Archeologico dell’Appia Antica Mondragone: sabato 26 settembre dalle 9:00 alle 13:00 e domenica 27 settembre dalle 9:00 alle 13:00.

Benevento
Abbazia S. Salvatore Telesino: sabato 26 settembre dalle 9:00 alle 13:00 e domenica 27 settembre dalle 9:00 alle 13:00.
Centro Operativo Benevento ex Convento S. Felice: sabato 26 settembre dalle 9:00 alle 13:00 e domenica 27 settembre dalle 9:00 alle 13:00.

APERTURE SERALI
Caserta
Villa Romana di S. Limato Cellole: sabato 26 settembre dalle 16:00 alle 20:00.
Conocchia di Curti: sabato 26 settembre dalle 17:00 alle 21:00.

Benevento
Abbazia S. Salvatore Telesino: sabato 26 settembre dalle 17:00 alle 21:00.
Centro Operativo Benevento ex Convento S. Felice: sabato 26 settembre dalle 18:00 alle 22:00.",,,,,,,,,http://media.beniculturali.it/mibac/files/boards/649d577dfde502534e670781c72a1b66/2026/SABAB%20CE%20E%20BN_GEP%202026_MAUSOLEO%20CONOCCHIA%20CURTI_GRAFICA%20FRANCESCO%20BALLETTA.jpg
http://dati.beniculturali.it/mibact/eventi/resource/CulturalEvent/48248,GEP 2026 La Soprintendenza Abap per le province di Caserta e Benevento apre i siti con visite guidate il 26 e 27 settembre. Iniziative gratuite_Copia_Copia_Copia_Copia_Copia,Visita Guidata,"Nelle giornate di sabato 26 e domenica 27 settembre 2026, la Soprintendenza Archeologia, Belle Arti e Paesaggio per le province di Caserta e Benevento aderisce alle Giornate Europee del Patrimonio con aperture straordinarie gratuite, sia diurne sia serali, di siti distribuiti su tutto il territorio, in collaborazione con le Amministrazioni Comunali e visite guidate con accesso libero. Le Giornate Europee del Patrimonio(European Heritage Days), promosse dal Consiglio d’Europa e dalla Commissione europea dal 1991 e coordinate in Italia dal Ministero della Cultura, rappresentano un’importante occasione per promuovere un sentimento di appartenenza e di comunità su tutto il territorio europeo. Il tema di quest’anno, “Proteggere il patrimonio. Rinnovare, resistere, reinventare”, declinazione italiana dello slogan europeo “Heritage at Risk: Protecting, Renewing, Reimagining”, richiama l’attenzione sul continuo rischio a cui è sottoposto il nostro patrimonio culturale in un mondo in rapido e costante cambiamento. Il tema invita inoltre a riflettere sulla duplice natura del patrimonio culturale: da un lato, un bene fragile e vulnerabile, che richiede cura e tutela; dall’altro, una risorsa fondamentale, capace di costituire un pilastro per le comunità e di rafforzarne l’identità. Esse rappresentano, inoltre, un’importante occasione per illustrare i risultati conseguiti grazie agli interventi finanziati dal Piano Nazionale di Ripresa e Resilienza (PNRR).
Il Soprintendente Mariano Nuzzo:&nbsp;“Le Giornate Europee del Patrimonio ci ricordano che tutelare non significa soltanto conservare ciò che abbiamo ricevuto, ma assumerci la responsabilità di consegnarlo al futuro. È in questo passaggio, tra memoria e futuro, che oggi si colloca il lavoro della Soprintendenza. Proteggere significa allora anche riaccendere questo rapporto, restituendo ai cittadini la possibilità di conoscere, frequentare e riconoscere come propria un’eredità che spesso è sotto i loro occhi senza essere pienamente percepita. Per questo le aperture del 26 e 27 settembre hanno per noi un significato particolare. Non vogliamo semplicemente aprire delle porte: vogliamo creare occasioni di incontro. La collaborazione con le Amministrazioni comunali ci consente di portare il patrimonio fuori da una dimensione esclusivamente specialistica e di ricondurlo alla sua natura più autentica, quella di bene pubblico, capace di generare conoscenza, identità, nuove relazioni e responsabilità condivisa”.

Le aperture straordinarie seguiranno il seguente calendario stilato dai funzionari responsabili Antonio Salerno, Andrea Martelli, Simone Foresta e Domenico Oione:

APERTURE DIURNE

Caserta
Conocchia di Curti: sabato 26 settembre dalle 9:00 alle 13:00 e domenica 27 settembre dalle 9:00 alle 13:00.
Parco Archeologico dell’Appia Antica Mondragone: sabato 26 settembre dalle 9:00 alle 13:00 e domenica 27 settembre dalle 9:00 alle 13:00.

Benevento
Abbazia S. Salvatore Telesino: sabato 26 settembre dalle 9:00 alle 13:00 e domenica 27 settembre dalle 9:00 alle 13:00.
Centro Operativo Benevento ex Convento S. Felice: sabato 26 settembre dalle 9:00 alle 13:00 e domenica 27 settembre dalle 9:00 alle 13:00.

APERTURE SERALI
Caserta
Villa Romana di S. Limato Cellole: sabato 26 settembre dalle 16:00 alle 20:00.
Conocchia di Curti: sabato 26 settembre dalle 17:00 alle 21:00.

Benevento
Abbazia S. Salvatore Telesino: sabato 26 settembre dalle 17:00 alle 21:00.
Centro Operativo Benevento ex Convento S. Felice: sabato 26 settembre dalle 18:00 alle 22:00.Grafica Francesco Balletta",,,,,,,,,http://media.beniculturali.it/mibac/files/boards/649d577dfde502534e670781c72a1b66/2026/SABAP%20CE%20E%20BN_GEP%202026_CENTRO%20OPERATIVO%20BENEVENTO_page-0001.jpg
http://dati.beniculturali.it/mibact/eventi/resource/CulturalEvent/48249,GEP 2026 La Soprintendenza Abap per le province di Caserta e Benevento apre i siti con visite guidate il 26 e 27 settembre. Iniziative gratuite_Copia_Copia_Copia_Copia_Copia_Copia,Visita Guidata,"Nelle giornate di sabato 26 e domenica 27 settembre 2026, la Soprintendenza Archeologia, Belle Arti e Paesaggio per le province di Caserta e Benevento aderisce alle Giornate Europee del Patrimonio con aperture straordinarie gratuite, sia diurne sia serali, di siti distribuiti su tutto il territorio, in collaborazione con le Amministrazioni Comunali e visite guidate con accesso libero. Le Giornate Europee del Patrimonio(European Heritage Days), promosse dal Consiglio d’Europa e dalla Commissione europea dal 1991 e coordinate in Italia dal Ministero della Cultura, rappresentano un’importante occasione per promuovere un sentimento di appartenenza e di comunità su tutto il territorio europeo. Il tema di quest’anno, “Proteggere il patrimonio. Rinnovare, resistere, reinventare”, declinazione italiana dello slogan europeo “Heritage at Risk: Protecting, Renewing, Reimagining”, richiama l’attenzione sul continuo rischio a cui è sottoposto il nostro patrimonio culturale in un mondo in rapido e costante cambiamento. Il tema invita inoltre a riflettere sulla duplice natura del patrimonio culturale: da un lato, un bene fragile e vulnerabile, che richiede cura e tutela; dall’altro, una risorsa fondamentale, capace di costituire un pilastro per le comunità e di rafforzarne l’identità. Esse rappresentano, inoltre, un’importante occasione per illustrare i risultati conseguiti grazie agli interventi finanziati dal Piano Nazionale di Ripresa e Resilienza (PNRR).
Il Soprintendente Mariano Nuzzo:&nbsp;“Le Giornate Europee del Patrimonio ci ricordano che tutelare non significa soltanto conservare ciò che abbiamo ricevuto, ma assumerci la responsabilità di consegnarlo al futuro. È in questo passaggio, tra memoria e futuro, che oggi si colloca il lavoro della Soprintendenza. Proteggere significa allora anche riaccendere questo rapporto, restituendo ai cittadini la possibilità di conoscere, frequentare e riconoscere come propria un’eredità che spesso è sotto i loro occhi senza essere pienamente percepita. Per questo le aperture del 26 e 27 settembre hanno per noi un significato particolare. Non vogliamo semplicemente aprire delle porte: vogliamo creare occasioni di incontro. La collaborazione con le Amministrazioni comunali ci consente di portare il patrimonio fuori da una dimensione esclusivamente specialistica e di ricondurlo alla sua natura più autentica, quella di bene pubblico, capace di generare conoscenza, identità, nuove relazioni e responsabilità condivisa”.

Le aperture straordinarie seguiranno il seguente calendario stilato dai funzionari responsabili Antonio Salerno, Andrea Martelli, Simone Foresta e Domenico Oione:

APERTURE DIURNE

Caserta
Conocchia di Curti: sabato 26 settembre dalle 9:00 alle 13:00 e domenica 27 settembre dalle 9:00 alle 13:00.
Parco Archeologico dell’Appia Antica Mondragone: sabato 26 settembre dalle 9:00 alle 13:00 e domenica 27 settembre dalle 9:00 alle 13:00.

Benevento
Abbazia S. Salvatore Telesino: sabato 26 settembre dalle 9:00 alle 13:00 e domenica 27 settembre dalle 9:00 alle 13:00.
Centro Operativo Benevento ex Convento S. Felice: sabato 26 settembre dalle 9:00 alle 13:00 e domenica 27 settembre dalle 9:00 alle 13:00.

APERTURE SERALI
Caserta
Villa Romana di S. Limato Cellole: sabato 26 settembre dalle 16:00 alle 20:00.
Conocchia di Curti: sabato 26 settembre dalle 17:00 alle 21:00.

Benevento
Abbazia S. Salvatore Telesino: sabato 26 settembre dalle 17:00 alle 21:00.
Centro Operativo Benevento ex Convento S. Felice: sabato 26 settembre dalle 18:00 alle 22:00.Grafica Francesco Balletta",,,,,,,,,http://media.beniculturali.it/mibac/files/boards/649d577dfde502534e670781c72a1b66/2026/SABAP%20CE%20E%20BN_GEP%202026_CENTRO%20OPERATIVO%20BENEVENTO_page-0001.jpg
http://dati.beniculturali.it/mibact/eventi/resource/CulturalEvent/48250,GEP 2026 La Soprintendenza Abap per le province di Caserta e Benevento apre i siti con visite guidate il 26 e 27 settembre. Iniziative gratuite_Copia_Copia_Copia_Copia_Copia_Copia_Copia,Visita Guidata,"Nelle giornate di sabato 26 e domenica 27 settembre 2026, la Soprintendenza Archeologia, Belle Arti e Paesaggio per le province di Caserta e Benevento aderisce alle Giornate Europee del Patrimonio con aperture straordinarie gratuite, sia diurne sia serali, di siti distribuiti su tutto il territorio, in collaborazione con le Amministrazioni Comunali e visite guidate con accesso libero. Le Giornate Europee del Patrimonio(European Heritage Days), promosse dal Consiglio d’Europa e dalla Commissione europea dal 1991 e coordinate in Italia dal Ministero della Cultura, rappresentano un’importante occasione per promuovere un sentimento di appartenenza e di comunità su tutto il territorio europeo. Il tema di quest’anno, “Proteggere il patrimonio. Rinnovare, resistere, reinventare”, declinazione italiana dello slogan europeo “Heritage at Risk: Protecting, Renewing, Reimagining”, richiama l’attenzione sul continuo rischio a cui è sottoposto il nostro patrimonio culturale in un mondo in rapido e costante cambiamento. Il tema invita inoltre a riflettere sulla duplice natura del patrimonio culturale: da un lato, un bene fragile e vulnerabile, che richiede cura e tutela; dall’altro, una risorsa fondamentale, capace di costituire un pilastro per le comunità e di rafforzarne l’identità. Esse rappresentano, inoltre, un’importante occasione per illustrare i risultati conseguiti grazie agli interventi finanziati dal Piano Nazionale di Ripresa e Resilienza (PNRR).
Il Soprintendente Mariano Nuzzo:&nbsp;“Le Giornate Europee del Patrimonio ci ricordano che tutelare non significa soltanto conservare ciò che abbiamo ricevuto, ma assumerci la responsabilità di consegnarlo al futuro. È in questo passaggio, tra memoria e futuro, che oggi si colloca il lavoro della Soprintendenza. Proteggere significa allora anche riaccendere questo rapporto, restituendo ai cittadini la possibilità di conoscere, frequentare e riconoscere come propria un’eredità che spesso è sotto i loro occhi senza essere pienamente percepita. Per questo le aperture del 26 e 27 settembre hanno per noi un significato particolare. Non vogliamo semplicemente aprire delle porte: vogliamo creare occasioni di incontro. La collaborazione con le Amministrazioni comunali ci consente di portare il patrimonio fuori da una dimensione esclusivamente specialistica e di ricondurlo alla sua natura più autentica, quella di bene pubblico, capace di generare conoscenza, identità, nuove relazioni e responsabilità condivisa”.

Le aperture straordinarie seguiranno il seguente calendario stilato dai funzionari responsabili Antonio Salerno, Andrea Martelli, Simone Foresta e Domenico Oione:

APERTURE DIURNE

Caserta
Conocchia di Curti: sabato 26 settembre dalle 9:00 alle 13:00 e domenica 27 settembre dalle 9:00 alle 13:00.
Parco Archeologico dell’Appia Antica Mondragone: sabato 26 settembre dalle 9:00 alle 13:00 e domenica 27 settembre dalle 9:00 alle 13:00.

Benevento
Abbazia S. Salvatore Telesino: sabato 26 settembre dalle 9:00 alle 13:00 e domenica 27 settembre dalle 9:00 alle 13:00.
Centro Operativo Benevento ex Convento S. Felice: sabato 26 settembre dalle 9:00 alle 13:00 e domenica 27 settembre dalle 9:00 alle 13:00.

APERTURE SERALI
Caserta
Villa Romana di S. Limato Cellole: sabato 26 settembre dalle 16:00 alle 20:00.
Conocchia di Curti: sabato 26 settembre dalle 17:00 alle 21:00.

Benevento
Abbazia S. Salvatore Telesino: sabato 26 settembre dalle 17:00 alle 21:00.
Centro Operativo Benevento ex Convento S. Felice: sabato 26 settembre dalle 18:00 alle 22:00.Grafica Francesco Balletta",,,,,,,,,http://media.beniculturali.it/mibac/files/boards/649d577dfde502534e670781c72a1b66/2026/SABAP%20CE%20E%20BN_GEP%202026_PARCO%20APPIA%20MONDRAGONE_page-0001.jpg
http://dati.beniculturali.it/mibact/eventi/resource/CulturalEvent/48251,GEP 2026 La Soprintendenza Abap per le province di Caserta e Benevento apre i siti con visite guidate il 26 e 27 settembre. Iniziative gratuite_Copia_Copia_Copia_Copia_Copia_Copia_Copia_Copia,Visita Guidata,"Nelle giornate di sabato 26 e domenica 27 settembre 2026, la Soprintendenza Archeologia, Belle Arti e Paesaggio per le province di Caserta e Benevento aderisce alle Giornate Europee del Patrimonio con aperture straordinarie gratuite, sia diurne sia serali, di siti distribuiti su tutto il territorio, in collaborazione con le Amministrazioni Comunali e visite guidate con accesso libero. Le Giornate Europee del Patrimonio(European Heritage Days), promosse dal Consiglio d’Europa e dalla Commissione europea dal 1991 e coordinate in Italia dal Ministero della Cultura, rappresentano un’importante occasione per promuovere un sentimento di appartenenza e di comunità su tutto il territorio europeo. Il tema di quest’anno, “Proteggere il patrimonio. Rinnovare, resistere, reinventare”, declinazione italiana dello slogan europeo “Heritage at Risk: Protecting, Renewing, Reimagining”, richiama l’attenzione sul continuo rischio a cui è sottoposto il nostro patrimonio culturale in un mondo in rapido e costante cambiamento. Il tema invita inoltre a riflettere sulla duplice natura del patrimonio culturale: da un lato, un bene fragile e vulnerabile, che richiede cura e tutela; dall’altro, una risorsa fondamentale, capace di costituire un pilastro per le comunità e di rafforzarne l’identità. Esse rappresentano, inoltre, un’importante occasione per illustrare i risultati conseguiti grazie agli interventi finanziati dal Piano Nazionale di Ripresa e Resilienza (PNRR).
Il Soprintendente Mariano Nuzzo: “Le Giornate Europee del Patrimonio ci ricordano che tutelare non significa soltanto conservare ciò che abbiamo ricevuto, ma assumerci la responsabilità di consegnarlo al futuro. È in questo passaggio, tra memoria e futuro, che oggi si colloca il lavoro della Soprintendenza. Proteggere significa allora anche riaccendere questo rapporto, restituendo ai cittadini la possibilità di conoscere, frequentare e riconoscere come propria un’eredità che spesso è sotto i loro occhi senza essere pienamente percepita. Per questo le aperture del 26 e 27 settembre hanno per noi un significato particolare. Non vogliamo semplicemente aprire delle porte: vogliamo creare occasioni di incontro. La collaborazione con le Amministrazioni comunali ci consente di portare il patrimonio fuori da una dimensione esclusivamente specialistica e di ricondurlo alla sua natura più autentica, quella di bene pubblico, capace di generare conoscenza, identità, nuove relazioni e responsabilità condivisa”.

Le aperture straordinarie seguiranno il seguente calendario stilato dai funzionari responsabili Antonio Salerno, Andrea Martelli, Simone Foresta e Domenico Oione:

APERTURE DIURNE

Caserta
Conocchia di Curti: sabato 26 settembre dalle 9:00 alle 13:00 e domenica 27 settembre dalle 9:00 alle 13:00.
Parco Archeologico dell’Appia Antica Mondragone: sabato 26 settembre dalle 9:00 alle 13:00 e domenica 27 settembre dalle 9:00 alle 13:00.

Benevento
Abbazia S. Salvatore Telesino: sabato 26 settembre dalle 9:00 alle 13:00 e domenica 27 settembre dalle 9:00 alle 13:00.
Centro Operativo Benevento ex Convento S. Felice: sabato 26 settembre dalle 9:00 alle 13:00 e domenica 27 settembre dalle 9:00 alle 13:00.

APERTURE SERALI
Caserta
Villa Romana di S. Limato Cellole: sabato 26 settembre dalle 16:00 alle 20:00.
Conocchia di Curti: sabato 26 settembre dalle 17:00 alle 21:00.

Benevento
Abbazia S. Salvatore Telesino: sabato 26 settembre dalle 17:00 alle 21:00.
Centro Operativo Benevento ex Convento S. Felice: sabato 26 settembre dalle 18:00 alle 22:00.",,,,,,,,,http://media.beniculturali.it/mibac/files/boards/649d577dfde502534e670781c72a1b66/2026/SABAB%20CE%20E%20BN_GEP%202026_DOMUS%20VILLA%20S.%20LIMATO_GRAFICA%20FRANCESCO%20BALLETTA.jpg
http://dati.beniculturali.it/mibact/eventi/resource/CulturalEvent/48252,L'arte di illuminare presso gli Etruschi,Convegno/conferenza,"Giovedì 10 settembre, ore 17:00“L'ARTE DI ILLUMINARE PRESSO GLI ETRUSCHI”Relatore: Vittorio Mascelli. Reparto Antichità Etrusco Italiche, &nbsp;Museo Gregoriano Etrusco - Musei Vaticani“… gli Etruschi, ingegnosi come erano, producevano oggetti di ogni tipo…” Con queste parole Ateneo di Naucrati, ricorda, ancora nel II secolo d.C., la maestria degli Etruschi nel produrre splendidi candelabri in bronzo.Ma quali erano le tecniche utilizzate dai Tirreni per vincere il buio e rischiarare gli ambienti domestici al calare della sera? Dall'uso di candele di cera, di grasso animale a quello di olii combustibili e degli strumenti che all'uomo moderno possano apparire tra i più bizzarri mai prodotti, faremo insieme un viaggio approfondito tra vita quotidiana e devozione religiosa nell'Etruria Antica, incrociando fonti scritte e dati archeologici.Come al solito: Ingresso gratuito con prenotazione, scrivendo&nbsp;a man-fi@cultura.gov.it",,,,,,,,,http://media.beniculturali.it/mibac/files/boards/d9a1bcc6fad16ebc1ab1a4a15e8e0ffd/POMERIGGI%20ARCHEOLOGICO/10_09_arte%20di%20illuminare.jpeg
http://dati.beniculturali.it/mibact/eventi/resource/CulturalEvent/48253,Storia dell'Italia repubblicana,Incontro/presentazione,"Nell'ambito della Rassegna letteraria autunnale, Ignazio Salvatore Basile presenta il suo libro Storia dell'Italia repubblicana, ed. LFA. Dialogano con l'autore Alessandra Sorcinelli e Paolo Arigotti. Interventi interattivi con il pubblico. Esposizione artistica dedicata e letture emozionali tratte dal testo.",,,,,,,,,
http://dati.beniculturali.it/mibact/eventi/resource/CulturalEvent/48254,Via Roma: inizia una nuova storia,Apertura Straordinaria,"In occasione dell’inaugurazione della rinnovata via Roma, l’Archivio di Stato di Torino propone sabato 12 settembre un’apertura straordinaria della sede di Corte.La serata si aprirà con un momento musicale organizzato dal Festival Mito per la Città e dal Centro Civico di Formazione Musicale (CFM):Il filo d’archi -Trio CFMJacques Féréol Mazas (1782 – 1849): Pagine dai 18 duetti per due violini Op. 38Dmitrij Šostakovič (1906-1975): Cinque pezzi per due violiniLavinia Mossucca, Alessandro Orlotti, Massimo Bairo, violini. Classe di violino preaccademico di Massimo BairoIl concerto porta al centro della scena due giovanissimi violinisti e il loro professore, il maestro Massimo Bairo. Per l’occasione vengono proposti alcuni duetti di Mazas, compositore e didatta francese ottocentesco, seguiti – saltando al secolo successivo – dai Cinque pezzi per due violini e pianoforte di Šostakovič, con il loro stile moderno e leggero, influenzato della musica da balletto o per il cinema.A seguire, l’Archivio proporrà due visite guidate ai saloni juvarriani, con un percorso attraverso disegni, fotografie e mappe che raccontano la trasformazione di via Roma e della città tra il XVIII e il XX secolo. Saranno esposti documenti dell’archivio Giuseppe Momo, ingegnere e architetto che, in collaborazione con Marcello Piacentini, progetta nel 1936 la sistemazione del secondo tratto di via Roma, da Piazza San Carlo a Piazza CLN. Il percorso sarà completato da documenti della Prefettura di Torino e del fondo Giuseppe Falzone del Barbarò, e da una selezione di mappe storiche della città, che permetteranno di seguire l’evoluzione dell’assetto urbano del centro storico dal Settecento al Novecento.Apertura straordinariaDove: Archivio di Stato di Torino – Sezione Corte, ingresso da piazzetta Mollino 1Quando: sabato 12 settembre 2026. Il concerto inizierà alle ore 17.30, le visite guidate partiranno alle 18 e alle 19.Ingresso gratuito, fino a esaurimento postiPer maggiori informazioni:as-to@cultura.gov.it011 5624431",,,,,,,,,http://media.beniculturali.it/mibac/files/4622/Facciata%20juvarriana%20della%20sezione%20di%20Corte%20(piazzetta%20Mollino).jpeg
http://dati.beniculturali.it/mibact/eventi/resource/CulturalEvent/48255,Laboratorio didattico multisensoriale – Anno scolastico 2026-2027,Attività Didattica,"Laboratorio didattico multisensoriale – Anno scolastico 2026-2027Servizi Educativi dell’Archivio di Stato di Agrigento – Anno scolastico 2026-2027. Presso l’Archivio di Stato di Agrigento, si rinnova l’appuntamento con le scuole. A decorrere dal 1° settembre 2026, sono stati attivati i nuovi percorsi rivolti alle scuole, di ogni ordine e grado, per favorire la conoscenza e la fruizione del patrimonio archivistico. Le proposte riferite all’anno scolastico 2026-2027, sono strettamente legate ai percorsi culturali del nuovo Piano di Valorizzazione 2026 (Giornate Europee del Patrimonio, Domenica di carta, progetti PNRR e accessibilità culturale) e a quelli realizzati negli anni precedenti, con particolare riferimento al legame tra archivi, archeologia, teatro e musica, territorio, carcere. Particolare attenzione è stata rivolta all’accessibilità culturale, anche per valorizzare i progetti realizzati nell’ambito del PNRR Missione 1 – Digitalizzazione, Innovazione, Competitività e Cultura - Componente 3 – Cultura 4.0 (M1C3) – Misura 1 “Patrimonio Culturale per la Prossima Generazione” - Investimento 1.2 “Rimozione delle Barriere Fisiche e Cognitive in Musei, Biblioteche e Archivi per consentire un più ampio accesso e partecipazione alla cultura”.Tra le novità della nuova offerta formativa, è stata ulteriormente implementata la sezione dedicata alle attività laboratoriali, che prevedono percorsi dedicati alle scuole di ogni ordine e grado, in linea con i principi dell’edutainment. Il Laboratorio didattico multisensoriale dell’Archivio di Stato di Agrigento offre numerosi percorsi, esperienze e attività per favorire e accrescere partecipazione, inclusione e conoscenze.  Le aree tematiche dei percorsi, sono le seguenti: Archivi e conservazione: Focus su tutela e conservazione del patrimonio archivistico, dalla fotoriproduzione alla digitalizzazione del patrimonio archivistico. Archivi e carcere: Focus sulle fonti archivistiche per la storia dell’ex Carcere di San Vito di Agrigento in rapporto al progetto PNRR “Carte senza barriere”.Archivi e archeologia: Focus sulle fonti archivistiche per la storia della Valle dei Templi di Agrigento in rapporto ai progetti Parchium- L’archivio racconta (Pon Fesr 2014-2020), digital library su Archivio Digitale, Fumetti nei musei.Archivi e territorio: Focus sulle fonti archivistiche per la storia del territorio e dell’architettura.Archivi e guerra: Focus sulle fonti archivistiche per le memorie di guerra.Archivi, musica e teatri: Focus sulle fonti archivistiche per la storia dello spettacolo.Archivi e scuola: Focus sulle fonti archivistiche per le memorie della scuola.Focus su accessibilità culturale, inclusione e partecipazione. Le attività, incentrate su cooperative learning, apprendimento per scoperta, rielaborazione dell’esperienza, rappresentano un’occasione di incontro con il mondo degli archivi e di valorizzazione del patrimonio archivistico dell’Archivio di Stato di Agrigento, costituendo, altresì, un’opportunità formativa e di arricchimento dei percorsi scolastici.Le informazioni sui nuovi percorsi sono disponibili al seguente link:https://asagrigento.cultura.gov.it/sede/didattica Responsabile dei Servizi educativi e della sezione dedicata all’accessibilità culturale, è il Direttore dell’Archivio di Stato di Agrigento, Dott.ssa Rossana Florio.",,,,,,,,,http://media.beniculturali.it/mibac/files/boards/d31eb9df4a3096c8324fe24aa919d385/2026/copertina_laboratorio.jpg
http://dati.beniculturali.it/mibact/eventi/resource/CulturalEvent/48256,Nuove aperture della Sala Capitolare del Perugino,Apertura Straordinaria,"Uno dei tesori del Rinascimento, la Sala Capitolare del 
convento di Santa Maria Maddalena de’ Pazzi, all’interno del Liceo 
Michelangiolo in via della Colonna 9, tornerà ad accogliere il pubblico 
lunedì 7, sabato 12 e 19 settembre 2026, dalle 9 alle 13, ingresso 
libero. Un’occasione preziosa per ammirare da vicino uno dei cicli 
pittorici più intensi e spiritualmente solenni di Pietro Perugino, 
protagonista&nbsp; della cultura figurativa tra Quattrocento e primo 
Cinquecento.

La Sala Capitolare faceva parte del complesso monastico delle monache
 cistercensi di Santa Maria Maddalena de’ Pazzi. È proprio in questo 
contesto che si inserisce la grande impresa pittorica di&nbsp;Pietro 
Vannucci, detto il Perugino (1450 ca. – 1523), chiamato a realizzare 
un’opera capace di tradurre in immagini il rigore ascetico e la 
profondità contemplativa dell’ordine.
Fulcro della sala è la monumentale&nbsp;Crocifissione con la Vergine, San 
Giovanni, la Maddalena e i Santi Bernardo e Benedetto, eseguita tra 
il&nbsp;1493 e il 1496&nbsp;su committenza di&nbsp;Dionigi e Giovanna Pucci, esponenti 
di una delle famiglie più influenti della Firenze medicea.
L’affresco occupa l’intera parete di fondo e si impone per la sua 
severa monumentalità. Cristo crocifisso domina la scena al centro, 
stagliandosi contro un paesaggio ampio e luminoso, tipico della poetica 
peruginesca: dolci colline sfumate, orizzonti ariosi, una luce tersa che
 pervade l’intera composizione.
Ai piedi della croce si dispongono, in rigorosa simmetria la Vergine 
Maria,&nbsp;San Giovanni Evangelista,&nbsp;Maria Maddalena,&nbsp;San Bernardo di 
Chiaravalle&nbsp;e&nbsp;San Benedetto, figure chiave per la spiritualità monastica
 e strettamente legate all’identità del luogo.Nella stessa sala è conservato anche un secondo nucleo di 
straordinario interesse: l’affresco staccato con “San Bernardo accoglie 
il corpo di Cristo”, attribuito a&nbsp;Sperandio di Giovanni, allievo del 
Perugino, ed eseguito probabilmente intorno al&nbsp;1506.La scena rappresenta un episodio mistico della tradizione bernardina:
 Cristo si stacca dalla croce per abbracciare San Bernardo, suggellando 
il rapporto diretto tra il santo e il sacrificio redentore
Particolarmente rilevante è la presenza della&nbsp;sinopia, il disegno 
preparatorio tracciato sull’intonaco prima della stesura del colore. La 
sinopia permette di osservare il processo creativo:
Si tratta di una testimonianza rara e preziosa per comprendere le 
tecniche dell’affresco rinascimentale, offrendo uno sguardo diretto 
sulle fasi operative della bottega peruginesca.",,,,,,,,,"http://media.beniculturali.it/mibac/files/boards/bec8803f226b6c1f1d4be3ed98d36b8e/DRM-TOSCANA/Firenze%20(FI)%20-%20Sala%20del%20Perugino,%20veduta%20d'insieme%20dell'affresco%20della%20Crocifissione.jpg"
http://dati.beniculturali.it/mibact/eventi/resource/CulturalEvent/48258,GEP 2026 - Brindisi vista dal mare. Il patrimonio archeologico subacqueo del Museo Ribezzo tra protezione e innovazione,Convegno/conferenza,"Venerdì 25 settembre 2026, ore 17.00Il Museo Archeologico
Ribezzo aderisce all’edizione 2026 delle Giornate Europee del Patrimonio, condividendo
il tema di quest’anno – “Proteggere il
patrimonio. Rinnovare, resistere, reinventare” – con la conferenza dal
titolo “Brindisi vista dal mare. Il patrimonio archeologico subacqueo del
Museo Ribezzo tra protezione e innovazione”, organizzata dal Polo
Biblio-Museale di Brindisi in collaborazione con il Club per l’UNESCO di
Brindisi.

Venerdì
25 settembre, dalle ore 17:00, i numerosi e significativi reperti esposti al
Museo Ribezzo, recuperati a seguito di rinvenimenti fortuiti o di campagne di
ricerca e scavo sistematiche, offriranno l’occasione per poter rileggere il
passato del territorio di Brindisi attraverso uno sguardo che viene dal mare.",,,,,,,,,
http://dati.beniculturali.it/mibact/eventi/resource/CulturalEvent/48259,"Voci che resistono. Cunti, stornelli e memoria",Incontro/presentazione,ND,,,,,,,,,
http://dati.beniculturali.it/mibact/eventi/resource/CulturalEvent/48266,Comune di Voghera GEP 2026,Apertura Straordinaria,"La Notte della Cultura - alla Scoperta dei luoghi e degli edifici storici della Città di VogheraApertura straordinaria dei principali luoghi della cultura 2026 con Mostre e concerti.Biblioteca civica Ricottiana:·         “Francesco e la Bibbia” esposizione di bibbie dal manoscritto alla stampa·         Alle ore 18.00: “Spinosauro, il gigante perduto del Sahara” con Simone Maganuco e il blogger Dinorec·         apertura serale del prestito bibliotecarioCivico Museo di Scienze Naturali “G. Orlandi”:·         a partire dalle ore 19.30 visita al museo accompagnati dal paleontologo Simone Maganuco e dal blogger Dinorec·         alle ore 20.30 inaugurazione della Mostra “La lupa di San Francesco, etologia della fede”Museo Storico “Beccari”:·         tre secoli di storia: visita alle tredici sale espositive allestite nella ex caserma di cavalleriaCasa Gallini – Dimora Storica:·         visita alla casa museo e alla quadreria di Carlo Gallini·         Mostra documentaria “1585 - il Giappone a Voghera” a cura dell’archivio Storico civicoRidotto del Teatro “Valentino Garavani”·         visita alla mostra “Rèclame: da fine ottocento agli anni ‘40, grafica, manifesti e pubblicità a Voghera” a cura di Spazio53Chiesa di San Giuseppe“Armonie d’arte“: concerti dell’ensemble di giovani chitarre, dirette dal Maestro Alberto Graziani, e dell’orchestra d’archi G. Sacerdoti della civica Scuola di Musica, diretta dal Maestro Giorgio Pertusi",,,,,,,,,http://media.beniculturali.it/mibac/files/boards/bfa844dbe37608b113348836519416de/GEP2026/LOCANDINA%20VOGHERA.jpg
http://dati.beniculturali.it/mibact/eventi/resource/CulturalEvent/48268,Gep 2026  Presentazione del libro “Ci criste vole” a cura di Peppino Lovecchi,evento solo on site,"Nell'ambito
delle GEP 2026 si terrà la presentazione del libro ""Ci Criste Vole"",
a cura di Peppino Lovecchio, dedicato allo studio e alla valorizzazione del
dialetto monopolitano quale patrimonio culturale e identitario della comunità,
organizzato dal Comune di Monopoli –
Assessorato alle Politiche Culturali in collaborazione con la Biblioteca civica
""Prospero Rendella""L'iniziativa
risponde al tema GEP 2026 nella sua accezione di ""resistere"": il
dialetto, custodito e tramandato nel tempo, rappresenta una forma di patrimonio
immateriale che la comunità continua a preservare e a trasmettere. La
pubblicazione contribuisce inoltre a ""rinnovare"" l'interesse verso
questo patrimonio, restituendogli visibilità e nuova attualità attraverso lo
studio e la divulgazione.



L'evento
si svolgerà il 26 settembre 2026, dalle 18:30 alle 20:30, a ingresso libero.",,,,,,,,,
http://dati.beniculturali.it/mibact/eventi/resource/CulturalEvent/48269,Presentazione libro,Incontro/presentazione,"A Verona la presentazione del volume
dedicato alle tre città-fortezza Patrimonio dell’Umanità UNESCOVerona, 25 settembre 2026 – ore 17.00
Piazza San Fermo 3, VeronaUn viaggio attraverso storia, architettura, paesaggio e memoria per
raccontare tre straordinari esempi di città fortificate italiane: Bergamo,
Peschiera del Garda e Palmanova. È questo il filo conduttore del volume Parole
e immagini in opera. Le fortezze di Bergamo, Peschiera del Garda e
Palmanova, che sarà
presentato venerdì 25 settembre alle ore 17.00 a Verona, Sala Gazzola, sede
della Soprintendenza - Piazza San Fermo 3.Il volume nasce con l'obiettivo di raccontare, attraverso parole e
immagini, il valore delle tre città-fortezza inserite nel sito UNESCO delle
Opere di difesa veneziane tra XVI e XVII secolo: Stato da Terra – Stato da
Mar occidentale, restituendone la complessità storica e il rapporto con i
territori e le comunità che ancora oggi le abitano.La presentazione sarà l'occasione per mettere in dialogo istituzioni,
amministrazioni locali, soprintendenti e autori, partendo dalla genesi del
progetto editoriale per arrivare a una riflessione più ampia sul futuro dei
beni riconosciuti Patrimonio dell'Umanità.Ad aprire l'incontro saranno i saluti istituzionali dell'arch. Andrea
Rosignoli, Soprintendente ABAP per le province di Verona, Rovigo e Vicenza.Seguirà la presentazione del progetto editoriale, con gli interventi di Claudio
Cecchinelli, Responsabile del servizio Cultura e UNESCO del Comune di
Bergamo, Marco Cofani, Assessore al Patrimonio UNESCO del Comune
di Peschiera del Garda, e Gabriella Del Frate, Responsabile della
struttura Ufficio Cultura, Eventi e Turismo del Comune di Palmanova.La presentazione del volume sarà affidata a Ettore Napione,
Responsabile dell'Ufficio Turismo e valorizzazione sito UNESCO del Comune
di Verona.Particolarmente significativo sarà il successivo dialogo con gli autori,
al quale prenderanno parte Michele De Mori, per Peschiera del Garda, Nicholas
Fiorina, per Bergamo, e Barbara Pessina, per Palmanova.Un confronto sul futuro del
patrimonioLa seconda parte dell'incontro sarà dedicata a una tavola rotonda
dal titolo:“Un confronto tra istituzioni,
tutela del territorio e governance locale per il futuro dei beni riconosciuti
Patrimonio UNESCO.”Un tema particolarmente attuale, che mette al centro la necessità di
coniugare conservazione e valorizzazione, tutela del patrimonio e
sviluppo dei territori, in un confronto tra le diverse realtà istituzionali
coinvolte.Interverranno i Soprintendenti ABAP Andrea Rosignoli, per le
province di Verona, Rovigo e Vicenza, Giuseppe Stolfi, per le province
di Bergamo e Brescia, e Paola Ventura, per il Friuli Venezia
Giulia.A rappresentare le amministrazioni comunali saranno i Sindaci Elena
Carnevali, del Comune di Bergamo, Maria Orietta Gaulli, del Comune
di Peschiera del Garda, e Giuseppe Tellini, del Comune di Palmanova.L'incontro vuole così trasformare la presentazione di un libro in un
momento di condivisione e confronto sul significato contemporaneo del
patrimonio fortificato, sulla sua capacità di costruire identità e sulla
responsabilità delle istituzioni nel garantirne la conoscenza, la tutela e la
trasmissione alle generazioni future.Un percorso che prosegue con le
Giornate Europee del PatrimonioLa scelta di collocare l'iniziativa a ridosso delle Giornate Europee del
Patrimonio nasce infatti dalla volontà di trasformare il racconto delle
fortificazioni in una vera esperienza di conoscenza, passando dalle parole e
dalle immagini alla visita diretta dei luoghi.In occasione delle Giornate Europee del Patrimonio, il percorso proseguirà
quindi a Peschiera del Garda, con le visite guidate alla ex Caserma
La Rocca.Sarà un'opportunità per conoscere più da vicino uno
dei luoghi della città fortificata, approfondendone la storia e il significato
all'interno del sistema difensivo di Peschiera e del più ampio patrimonio delle
opere di difesa veneziane riconosciute dall'UNESCOAppuntamento:
Venerdì 25 settembre 2026, ore 17.00
Sede della Soprintendenza, Piazza San Fermo 3 – Verona













































A seguire, il 26 e 27 settembre in occasione delle
Giornate Europee del Patrimonio:
visite guidate alla ex Caserma La Rocca di Peschiera del Garda&nbsp;con prenotazione obbligatoria su Evenbrite:&nbsp;https://www.eventbrite.it/e/1999756658999?aff=oddtdtcreator",,,,,,,,,http://media.beniculturali.it/mibac/files/boards/3f48d342b9d80a3702ae98402b32b818/Parole_immagini.jpg
http://dati.beniculturali.it/mibact/eventi/resource/CulturalEvent/48270,Gep 2026 Volti e luoghi ritrovati. Una mostra fotografica partecipata,evento solo on site,"""Volti e Luoghi Ritrovati"" è un progetto di valorizzazione partecipata di un piccolo nucleo fotografico conservato in Biblioteca Rendella: immagini attraverso le quali riscoprire volti e luoghi della città, in parte riconducibili alla colonia marina di Monopoli, a firma dello studio fotografico Brigida. Le fotografie, private ancora di parte della loro storia, diventano occasione per coinvolgere la cittadinanza in un lavoro condiviso di riconoscimento e memoria, restituendo agli istituti culturali il volto di luoghi vivi che si rinnovano col contributo di chi lo visita, rendendo i partecipanti protagonisti attivi, nello spirito della Public History (Storia Pubblica). Accanto a ogni foto ci saranno domande-guida (dove si trova questo luogo? Riconosci qualcuno? In quali anni è stata scattata? Hai un ricordo da condividere?) a cui rispondere con post-it o tramite QR.Inaugurazione il 26 settembre alle 17:30.",,,,,,,,,
http://dati.beniculturali.it/mibact/eventi/resource/CulturalEvent/48271,Gep 2026 Volti e luoghi ritrovati. Una mostra fotografica partecipata_Copia,evento solo on site,"""Volti e Luoghi Ritrovati"" è un progetto di valorizzazione partecipata di un piccolo nucleo fotografico conservato in Biblioteca Rendella: immagini attraverso le quali riscoprire volti e luoghi della città, in parte riconducibili alla colonia marina di Monopoli, a firma dello studio fotografico Brigida. Le fotografie, private ancora di parte della loro storia, diventano occasione per coinvolgere la cittadinanza in un lavoro condiviso di riconoscimento e memoria, restituendo agli istituti culturali il volto di luoghi vivi che si rinnovano col contributo di chi lo visita, rendendo i partecipanti protagonisti attivi, nello spirito della Public History (Storia Pubblica). Accanto a ogni foto ci saranno domande-guida (dove si trova questo luogo? Riconosci qualcuno? In quali anni è stata scattata? Hai un ricordo da condividere?) a cui rispondere con post-it o tramite QR.Inaugurazione il 26 settembre alle 17:30.",,,,,,,,,
http://dati.beniculturali.it/mibact/eventi/resource/CulturalEvent/48272,Gep 2026  Presentazione del libro “Ci criste vole” a cura di Peppino Lovecchi_Copia,evento solo on site,"Nell'ambito
delle GEP 2026 si terrà la presentazione del libro ""Ci Criste Vole"",
a cura di Peppino Lovecchio, dedicato allo studio e alla valorizzazione del
dialetto monopolitano quale patrimonio culturale e identitario della comunità,
organizzato dal Comune di Monopoli –
Assessorato alle Politiche Culturali in collaborazione con la Biblioteca civica
""Prospero Rendella""L'iniziativa
risponde al tema GEP 2026 nella sua accezione di ""resistere"": il
dialetto, custodito e tramandato nel tempo, rappresenta una forma di patrimonio
immateriale che la comunità continua a preservare e a trasmettere. La
pubblicazione contribuisce inoltre a ""rinnovare"" l'interesse verso
questo patrimonio, restituendogli visibilità e nuova attualità attraverso lo
studio e la divulgazione.



L'evento
si svolgerà il 26 settembre 2026, dalle 18:30 alle 20:30, a ingresso libero.",,,,,,,,,
http://dati.beniculturali.it/mibact/eventi/resource/CulturalEvent/48274,Gep 2026 visita guidata straordinaria alla chiesa rupestre dello Spirito Santo,Mostra,"La Cripta dello Spirito Santo, chiesa ipogeica a tre navate risalente al XII-XIII secolo, è stata recentemente interessata da un intervento di restauro degli affreschi interni (dicembre 2024 -primavera 2 025), finanziato con fondi regionali e comunali. I lavori hanno consentito il recupero di porzioni di affreschi occultati da secoli di scialbature, tra cui la Sacra Effige della Santissima Trinità.In occasione delle GEP 2026 si propone una visita guidata straordinaria al sito, che unisce la valorizzazione degli esiti del restauro a una modalità di fruizione digitale tramite visore Oculus, capace di illustrare anche gli aspetti non diversamente fruibili in loco. La visita sarà attiva il 26 e 27 settembre 2026, con apertura nella fascia mattutina 9:00–12:00 e pomeridiana 15:00–18:00. I turni si susseguono ogni 30 minuti, per gruppi di massimo 20 partecipanti, con accesso previa prenotazione obbligatoria presso l'InfoPoint del Comune di Monopoli.",,,,,,,,,
http://dati.beniculturali.it/mibact/eventi/resource/CulturalEvent/48275,"GEP 2026 - Proteggere il patrimonio. Rinnovare, resistere, reinventare",evento solo on site,"Visita guidata delle sedi del Santuario della
Madonna della sanità a cura degli studenti dell’IISS “Leonardo da Vinci” di
Martina Franca nel ruolo di “Guide Esperienziali”.Orari:sabato 26/09/2026: dalle ore 16.30 alle ore 21.30;domenica 27/09/2026: dalle ore 10.00 alle ore 13.00; dalle ore 16.30 alle ore 21.00",,,,,,,,,
http://dati.beniculturali.it/mibact/eventi/resource/CulturalEvent/48276,Gep 2026 visita guidata alla chiesa rupestre Santi martiri Andrea e Procopio,evento solo on site,"La chiesa rupestre dei SS. Andrea e Procopio è un impianto dell'XI-XIV secolo interamente affrescato, che conserva una rara iscrizione di fondazione in latino e un impianto liturgico a doppio abside con iconostasi litoide. Il sito testimonia la capacità della comunità di custodire nel tempo un patrimonio minore ma di grande valore, spesso meno noto rispetto ai grandi monumenti cittadini (""resistere""). La visita guidata ne reinventa la fruizione come itinerario culturale e paesaggistico, aperto a un pubblico più ampio. La visita sarà attiva il 26 e 27 settembre 2026, con apertura nella fascia mattutina 9:00–12:00 e pomeridiana 15:00–18:00. I turni, della durata di 30 minuti, per gruppi di massimo 15 partecipanti, con accesso previa prenotazione obbligatoria presso l'InfoPoint del Comune di Monopoli.",,,,,,,,,
http://dati.beniculturali.it/mibact/eventi/resource/CulturalEvent/48277,GEP 2026,Apertura Straordinaria,"﻿﻿Apertura straordinaria promossa dal museo Civico di Storia Naturale Don Michelangelo Ambrosioni di Merate, finalizzata alla valorizzazione delle proprie collezioni e del patrimonio naturalistico locale, in particolare del lago di Sartirana.Per l'occasione sarà presente una collezione di reperti normalmente conservati nei depositi, offrendo al pubblico l'opportunità di conoscere una parte meno accessibile del patrimonio museale.L'iniziativa sarà completata da un laboratorio didattico e creativo rivolto ai bambini dai 5 ai 10 anni, dedicato al lago di Sartirana, alla sua biodiversità e alle trasformazioni dell'ambiente, con l'obbiettivo di favorire la conoscenza e la consapevolezza del patrimonio naturale del territorio, invitando anche i più piccoli a ragionare sui futuri possibili di questo luogo.Luogo: Museo Civico di Storia Naturale Don Michelangelo AmbrosioniComune: MerateIndirizzo: Via Collegio Manzoni 45Provincia: LC",,,,,,,,,
http://dati.beniculturali.it/mibact/eventi/resource/CulturalEvent/48278,"GEP 2026 - Tra conoscenza e creatività, arte e benessere. Dialogare con il patrimonio culturale_Museo di Romualdo-Concattedrale di Monopoli",Apertura Straordinaria,"Si propongono aperture straordinarie e visite guidate alla Cattedrale ed al Museo di Romualdo, il percorso espositivo allestito nell’area archeologica riportata in luce nei sotterranei della Cattedrale stessa; il percorso consente di visualizzare i resti delle distrutte chiese precedenti e testimonianze della storia più antica di Monopoli per un periodo di circa 35 secoli.Orario dell'evento:sabato 26 settembre 2026: ore 10.00-14.00 e 16.00-22.00domenica 27 settembre 2026: ore 10-00-14.00 e 16.00-20.00",,,,,,,,,
http://dati.beniculturali.it/mibact/eventi/resource/CulturalEvent/48279,"GEP 2026 - Tra conoscenza e creatività, arte e benessere. Dialogare con il patrimonio culturale_Museo diocesano di Monopoli",Attività Didattica,"Si propongono aperture
straordinarie e visite guidate, il trekking lungo la fascia costiera fino al
Castello di S. Stefano, cui si
aggiungono attività rivolte ai ragazzi con esigenze specifiche ed alle loro
famiglie; saranno curate, infatti, visite guidate e laboratori esperienziale di osservazione e
rielaborazione figurativa dei dettagli iconografici delle opere esposte nel
Museo Diocesano.Orario dell'evento: ore 9.00-13.00 e
17.30-22.00",,,,,,,,,
http://dati.beniculturali.it/mibact/eventi/resource/CulturalEvent/48283,"Fragile bellezza. Proteggere, rinnovare, reinventare il Patrimonio",Visita Guidata,"Visite guidate26 e 27 settembre 2026, ore 16:00In occasione delle GEP – Giornate Europee del Patrimonio, il Museo Villa Bassi Rathgeb invita a scoprire le proprie collezioni da una prospettiva diversa: quella della fragilità.La visita guidata prende avvio da due rari ventagli cinesi di fine Settecento, recentemente esposti in una delle sale del Museo, realizzati in carta, seta e avorio. Oggetti preziosi e delicati che, attraverso i loro materiali, raccontano un mondo lontano, fatto di raffinatezza, viaggi e incontri tra culture. Da qui, un viaggio tra le opere della Pinacoteca per riflettere sulle parole chiave dell'iniziativa: proteggere, rinnovare, resistere, reinventare.Luogo di partenza: biglietteria Museo Villa Bassi Rathgeb",,,,,,,,,
http://dati.beniculturali.it/mibact/eventi/resource/CulturalEvent/48284,CACCIA AL TESORO – SULLE TRACCE DEL TAMBURINO,Attività Didattica,"Sei pronto a seguire le tracce del Tamburino Sardo e scoprire la storia, la natura e il paesaggio di Custoza?&nbsp;Il percorso è facile, gratuito e da svolgere in autonomia: 7 tappe, ciascuna con un indizio o una piccola sfida. Raccogli le risposte e ricostruisci il codice finale!Partenza: 45°22'34.3""N 10°47'44.7""ESegui sempre i segnavia viola-bianchi e non uscire dai sentieri.Durata indicativa: fino a 3 ore.Porta con te la scheda di gioco, una penna o matita e il telefono per consultare la mappa.&nbsp;Raggiungi la tappa finale dell’Ossario di Custoza e conserva il codice finale.️ VANTAGGIO PER I PARTECIPANTI: chi completa la Caccia al tesoro ha diritto a uno sconto sul biglietto dell’Ossario nelle giornate del 26 e 27 settembre. Se l’Ossario è chiuso, conserva la scheda e torna durante gli orari di apertura.Istruzioni complete, mappa, scheda di gioco e informazioni sull’Ossario sono disponibili sul sito www.ossariocustoza.it.Per poter visitare il monumento e usufruire delle riduzioni legate alla partecipazione all'evento è opportuno considerare gli orari di apertura del monumento.Ossario di CustozaOrari di apertura 26 e 27 settembre 2026:Orario apertura9.00 - 12.3015.00 - 18.30	Orario ultimo ingresso: 12.00 e 18.00Gli orari si riferiscono all'apertura dell'Ossario di Custoza per la visita.&nbsp;L'attività di Caccia al tesoro si può svolgere nel corso dell'intera giornata. Per la partecipazione&nbsp; alla Caccia al tesoro non è prevista nessuna prenotazione.&nbsp;",,,,,,,,,
http://dati.beniculturali.it/mibact/eventi/resource/CulturalEvent/48286,attività didattica,Attività Didattica,"Un affresco degli Appartamenti dei Principi diventerà il punto di partenza per un viaggio nella fantasia. Seguendo il tema dell’edizione di quest’anno – “Proteggere il patrimonio. Rinnovare, resistere, reinventare” – bambine e bambini saranno invitati a osservare l’opera, interpretarla e immaginare insieme al gruppo la storia nascosta dietro ciò che vedono. Dopo la lettura collettiva dell’affresco, ogni partecipante potrà trasformare la propria idea in un disegno, utilizzando un foglio speciale e unico, che riproduce il soffitto di una delle sale visitate. Un’attività per artiste e artisti in erba, dai 6 ai 10 anni.",,,,,,,,,http://media.beniculturali.it/mibac/files/boards/99c11a910aad48e66d038671de790e5a/GEP%202021/foto_facciata_palazzo%20carignano.jpg
http://dati.beniculturali.it/mibact/eventi/resource/CulturalEvent/48287,Fatigue - DANZA URBANA FESTIVAL,Spettacolo di Danza,"Lunedì 7 settembre e Martedì 8 settembre ore 21Ex Chiesa di San Mattia - Festival Internazionale di Danza nei paesaggi urbaniFatigueIrene Russolillo / ORBITA|SpellboundDurata 45′ Ingresso gratuito con prenotazione obbligatoriaProgetto, coreografia, scrittura vocale, costumi Irene RussolilloCreazione sonora, scrittura vocale Edoardo Sansonne/KawabateCreazione, performance:Danza Toma Aydinyan, Andrey TikhonovCanto Zara Gevorgyan, Lusya KarapetyanArtiste tessili Hermine Melkonyan, Piruza Gevorgyan, Hermine Iskandaryan, Anahit Gasparyan, Karine GaloyanSartoria Gohar GhazaryanInterventi pittorici Vanessa MantellassiCoproduzione ORBITA|Spellbound centro di produzione nazionale della danza di Roma e Henrik Igityan NCA National Centre for Aesthetics di YerevanCoordinatrice di produzione Nara MakaryanSostegno per le residenze creative Associazione Culturale Dello Scompiglio, TRAC teatri di residenza artistica, Network Crossing the seaPartnership High Fest International performing arts festivalCon il supporto di MiC Ministero della Cultura, Ministero della Cultura della Repubblica armenaFatigue è una performance corale, vocale e fisica sull’atto di andare avanti, che evoca una scalata e una processione. Respiro e canto sono all’origine della coreografia. Un corpo fatto di più corpi affronta la fatica di un movimento fisico e spirituale, in cui possono emergere visioni e tracce di persone e luoghi perduti o lasciati. L’ascesa è di solito impiegata come metafora per il compimento di un obiettivo o persino per la conquista di nuovi territori, ma se non ci fosse alcuna cima da raggiungere e l’impresa avvenisse su una superficie infinitamente piana? Fatigue mette corpi e voci sotto sforzo mentre creano un rifugio effimero, in uno spazio che è al tempo stesso di lotta e di sostegno reciproco.Le esperienze di Irene Russolillo in Armenia hanno gettato le basi per questa creazione: durante i suoi soggiorni a Yerevan ha realizzato delle residenze creative, presentato performance e condotto laboratori rivolti a gruppi eterogenei di studenti incentrati su danza e ricerca vocale che facevano parte delle attività professionali dell’Henrik Igityan NCA National Centre for Aesthetics. Attraverso questi viaggi, Russolillo si è gradualmente immersa nel tessuto culturale e sociale armeno, sviluppando un forte legame con la sua gente e le sue realtà politiche. Grazie alla crescente familiarità con questo contesto, ma rifiutando ogni approccio estrattivo o folklorico, la creazione di Fatigue ha trovato il suo terrenoIrene RussolilloIrene Russolillo è danzatrice, vocalist e coreografa con un approccio nomade e transdisciplinare alla scena. Dal 2019 sviluppa progetti di ricerca che esplorano voce e movimento in relazione a identità culturale, memoria storica e potenziale trasformativo delle arti performative, specialmente in territori di confine e espressioni culturali minoritarie. Il suo prossimo progetto, Forget Diplomacy, si svilupperà tra Italia e Estonia, su uno dei confini orientali del continente europeo. https://vimeo.com/irenerussolilloEreditare il futuro è un progetto di ricerca dedicato al dialogo tra danza contemporanea e patrimonio culturale, promosso da Danza Urbana ETS in collaborazione con la Direzione regionale Musei nazionali Emilia-Romagna e i Musei nazionali di Bologna. Nato dall’esperienza trentennale del Festival Danza Urbana, il progetto considera il patrimonio come un processo culturale in continua trasformazione, alimentato dalle pratiche attraverso cui le comunità lo vivono, lo interpretano e gli attribuiscono nuovi significati. In questa prima tappa del progetto le opere La Sagra della Primavera e Fatigue, presentate nell’Ex Chiesa di San Mattia, non assumono il luogo come semplice scenario della performance, ma come uno spazio in cui la pratica artistica rinnova le modalità di fruizione e di uso culturale. L’incontro tra le opere, il pubblico e il luogo genera infatti una comunità di esperienza, anche temporanea, che contribuisce ad arricchire e ad attualizzare il patrimonio, stratificando nuove relazioni, nuovi significati e nuove forme di appartenenza.",,,,,,,,,http://media.beniculturali.it/mibac/files/boards/0cdb6bb111e95298dcca90809b275370/SAN%20MATTIA/Ex%20Chiesa%20San%20Mattia%20(34).jpg
http://dati.beniculturali.it/mibact/eventi/resource/CulturalEvent/48288,Visita Guidata all’Orto Giardino della Chiesa del Santissimo Redentore,Visita Guidata,"Visita guidata gratuita all’Orto Giardino del Santissimo Redentore26 settembre 2026orario: 11:30 e 16:00In occasione delle Giornate Europee del Patrimonio 2026, dedicate al tema “Proteggere il patrimonio. Rinnovare, resistere, reinventare”, Venice Gardens Foundation propone due visite guidate, alle 11.30 e alle 16.00, all’Orto Giardino del Santissimo Redentore alla Giudecca.Inaugurato nell’autunno 2024 dopo un complesso intervento di restauro promosso e realizzato dalla Fondazione, l’Orto Giardino si estende per circa un ettaro, dal canale della Giudecca alla Laguna, e comprende le Antiche Officine e la Serra. Il progetto, affidato all’architetto Paolo Pejrone, recupera la tradizione degli orti conventuali cappuccini, unendo conservazione, sperimentazione e nuove forme di cura.Il restauro degli antichi fabbricati, condotto nel rispetto dei caratteri storici e costruttivi, restituisce leggibilità ai valori della tradizione francescana. Le visite saranno un’occasione per scoprire un patrimonio vivo, in cui memoria e futuro, tutela e rinnovamento dialogano per trasmettere alle nuove generazioni un luogo da conoscere, custodire e abitare.",,,,,,,,,
http://dati.beniculturali.it/mibact/eventi/resource/CulturalEvent/48289,Fragili Eredità - visita guidata congiunta presso Casa Museo Giacomo Matteotti e Museo Etnografico “il Manegium”,Visita Guidata,"Visita guidata congiunta presso Casa Museo Giacomo Matteotti e Museo Etnografico “il Manegium”26 settembre 2026 ore 17.00Un percorso guidato presso i due musei per riscoprire il Polesine in cui Matteotti è cresciuto e le radici della sua formazione umana, sociale e politica. Un patrimonio fatto di luoghi, storie e testimonianze, fragile e prezioso, da conoscere e preservare.Luogo di partenza: biglietteria Casa Matteotti",,,,,,,,,
http://dati.beniculturali.it/mibact/eventi/resource/CulturalEvent/48290,visita guidata,Visita Guidata,"In occasione delle Giornate europee del patrimonio, gli Appartamenti dei Principi di Savoia-Carignano apriranno eccezionalmente le loro porte oltre il consueto orario.Dalle 18.00 alle 21.00, visite guidate in partenza ogni ora porteranno alla scoperta di ambienti di straordinaria bellezza: le raffinate boiseries dorate, gli eleganti affreschi di Stefano Maria Legnani, detto Legnanino, e lo spettacolare scalone progettato da Guarino Guarini.Un’occasione speciale per vivere la storia e l’arte in una suggestiva atmosfera serale.",,,,,,,,,http://media.beniculturali.it/mibac/files/boards/99c11a910aad48e66d038671de790e5a/Palazzo%20Carignano/6_Palazzo-Carignano_volta_Sala-delle-Battaglie-457x500.jpg
http://dati.beniculturali.it/mibact/eventi/resource/CulturalEvent/48291,Apertura del Teatro Eden con visita guidata,Visita Guidata,"Apertura del Teatro Eden con visita guidataDopo un attento intervento di restauro, viene aperto al pubblico il Teatro Eden. La costruzione, datata 1910, si caratterizza per essere, insieme al teatro di Schio uno dei due teatri in Stile Liberty italiani. Ogni elemento storico e architettonico è stato preservato e valorizzato. La struttura è stata dotata delle più moderne attrezzature.DATA: 26/09/2026ORARIO: 15.30&nbsp;Evento gratuito con prenotazione obbligatoria&nbsp;",,,,,,,,,
http://dati.beniculturali.it/mibact/eventi/resource/CulturalEvent/48292,visita guidata,Visita Guidata,"Visita guidata a cura dei giardinieri del Consorzio delle Residenze Reali Sabaude, alla scoperta del patrimonio botanico della vigna accompagnati dal referente del progetto Autostrada delle Api e Impollinatori selvatici. Un’occasione per approfondire il valore ecologico delle specie presenti e il loro ruolo nel disegno storico del paesaggio agricolo della residenza. La visita rientra nel progetto Coltivare benessere. Percorsi tra cultura, natura e salute a Villa della Regina, promosso dall’Associazione ""Amici di Villa della Regina"", che interpreta la residenza come spazio capace di favorire pratiche di welfare culturale, mettendo in dialogo il patrimonio storico con alcune delle sfide contemporanee legate alla salute e alla qualità della vita.",,,,,,,,,http://media.beniculturali.it/mibac/files/boards/99c11a910aad48e66d038671de790e5a/giardini%20Villa%20della%20Regina.JPG
http://dati.beniculturali.it/mibact/eventi/resource/CulturalEvent/48293,conferenza,Convegno/conferenza,"Stefano Polato, chef inserito dall’Agenzia Spaziale Europea nella missione Futura, ideatore del metodo cucina vertical e del Progetto di divulgazione scientifica tra gusto e benessere, e Andrea De Vecchi, medico nutrizionista, accompagnano le persone presenti in una riflessione sul ruolo dell’alimentazione nella promozione della salute e nella valorizzazione delle tradizioni gastronomiche. Modera l’incontro Roberto Frediani. L’iniziativa rientra nel progetto Coltivare benessere. Percorsi tra cultura, natura e salute a Villa della Regina, promosso dall’Associazione ""Amici di Villa della Regina"", che interpreta la residenza come spazio capace di favorire pratiche di welfare culturale, mettendo in dialogo il patrimonio storico con alcune delle sfide contemporanee legate alla salute e alla qualità della vita.",,,,,,,,,http://media.beniculturali.it/mibac/files/boards/99c11a910aad48e66d038671de790e5a/GEP%202020/VdR%20Villa%20della%20Regina%20Salone.jpg
http://dati.beniculturali.it/mibact/eventi/resource/CulturalEvent/48294,altro,Altro,"Il sabato delle Giornate europee del patrimonio si concluderà con un aperitivo nella vigna di Villa della Regina, in collaborazione con l’Associazione “Amici di Villa della Regina”. Brindando fra i filari si potrà godere dello splendido panorama sulla città di Torino al tramonto, con sottofondo musicale. L’iniziativa rientra nel progetto Coltivare benessere. Percorsi tra cultura, natura e salute a Villa della Regina, promosso dall’Associazione ""Amici di Villa della Regina"", che interpreta la residenza come spazio capace di favorire pratiche di welfare culturale, mettendo in dialogo il patrimonio storico con alcune delle sfide contemporanee legate alla salute e alla qualità della vita.",,,,,,,,,http://media.beniculturali.it/mibac/files/boards/99c11a910aad48e66d038671de790e5a/Villa%20della%20Regina/06_Villa%20della%20Regina_vigneto.jpg
http://dati.beniculturali.it/mibact/eventi/resource/CulturalEvent/48295,apertura straordinaria,Apertura Straordinaria,"Una sera speciale a Villa della Regina, tra arte, storia e metamorfosi.In occasione dell’apertura straordinaria serale, sarà possibile visitare il complesso museale e le mostre di arte contemporanea con un biglietto simbolico di 1 euro.Protagoniste della serata saranno le esposizioni Contre-époque / fuori dal tempo di Frédérique Nalbandian e Living Mimesis di Fabio Viale, parte del progetto espositivo Anatomie della metamorfosi, nell’ambito della rassegna QU.EEN – narrazioni d’arte e natura a Villa della Regina.&nbsp;Due artisti, due linguaggi, un luogo ricco di storia: le opere di Nalbandian e Viale entrano in dialogo con gli spazi della residenza, dando vita a un percorso inedito e immersivo intorno al tema della metamorfosi, esplorata nelle sue molteplici forme e interpretazioni.Un’occasione per scoprire Villa della Regina in una veste insolita, tra arte contemporanea, natura e suggestioni fuori dal tempo.",,,,,,,,,http://media.beniculturali.it/mibac/files/boards/99c11a910aad48e66d038671de790e5a/GEP%202021/vdr%20-%20galleria%20dei%20musici.jpg
http://dati.beniculturali.it/mibact/eventi/resource/CulturalEvent/48296,concerto,Concerto,"Reincanto è una performance musicale site specific con i Giovani Cantori di Torino, diretti dal maestro Carlo PaveseUna voce che attraversa il giardino, lo ascolta e lo trasforma. Un coro che si fa paesaggio, tra memoria e presente.Da sempre la musica e il canto dialogano con la natura: la osservano, ne evocano le forme, cercano un’armonia con i suoi elementi e, oggi, ne raccontano anche la fragilità e le minacce.A Villa della Regina, questo dialogo prende così vita in una performance musicale site specific in cui la voce diventa materia e il suono si intreccia con gli spazi della residenza e dei suoi giardini. Il tema della metamorfosi, profondamente inscritto nell’identità di Villa della Regina, incontra il potere trasformativo della musica, perché la musica cambia mentre scorre nel tempo e, nel suo divenire, cambia anche chi la ascolta.Una melodia del passato può rinascere attraverso un nuovo interprete; un arrangiamento può trasformarne il volto; un coro può modellare il suono, improvvisarlo, reinventarlo. Così, voce dopo voce, la musica si trasforma e genera nuovi paesaggi sonori, capaci di riscrivere il rapporto tra arte, natura e spazio.La voce, come il giardino, rein-canta il mondo.",,,,,,,,,http://media.beniculturali.it/mibac/files/boards/99c11a910aad48e66d038671de790e5a/GEP%202020/Villa%20della%20Regina.jpg
http://dati.beniculturali.it/mibact/eventi/resource/CulturalEvent/48297,GEP 2026 al Parco e al Museo archeologico degli ipogei (Trinitapoli),evento solo on site,"“Scopri il Parco
Archeologico degli Ipogei: laboratorio didattico e visite guidate” (laboratorio
didattico, visite guidate, apertura straordinaria notturna)“Bronzo e ferro,
antico e contemporaneo” (mostra, apertura straordinaria notturna)Il Parco e il Museo Archeologico degli Ipogei
propongono un ricco programma di iniziative dedicate alla scoperta, alla
conoscenza e alla valorizzazione del patrimonio culturale. Le attività
comprendono un laboratorio didattico pensato per avvicinare bambini e bambine
all’archeologia attraverso il gioco e l’esperienza diretta, suggestive visite
guidate notturne che offriranno al pubblico l’opportunità di conoscere gli
Ipogei in un’atmosfera insolita e affascinante, e una mostra di arte
contemporanea in dialogo con gli spazi, la storia e la memoria del luogo. Un
programma rivolto a pubblici di tutte le età, per vivere il patrimonio come
esperienza condivisa e spazio di incontro tra passato e presente.Prenotazione
obbligatoria per il giorno 26/09/2026 per laboratorio didattico e visita
guidata.&nbsp;L’ingresso al Museo
Archeologico degli Ipogei il giorno 27/09/2026 è gratuito in occasione del
vernissage della mostra “Bronzo e ferro, antico e contemporaneo”.Orario dell’evento: 26/09/2026 ore 18:00 – 21:3027/09/2026 ore 19:00 – 21:30",,,,,,,,,
http://dati.beniculturali.it/mibact/eventi/resource/CulturalEvent/48298,25 Aprile 2022 all'Anfiteatro romano di Lecce_Copia_Copia_Copia_Copia_Copia_Copia_Copia_Copia_Copia_Copia,Spettacolo Teatrale,"Attività
immersiva teatralizzata. Sabato 26 settembre 2026, ore 21:10-23:50 (3 turni da 40 minuti ciascuno. Primo
turno: 21:10-21:50; secondo turno: 22:10-22:50; terzo turno: 23.10-23:50)I
partecipanti potranno interagire con attori/archeologi, toccare oggetti di
scena e ascoltare riproduzioni di voci e suoni del passato, diventando i
protagonisti di una modalità insolita di fruizione dell’Anfiteatro, in cui il
rigore scientifico accompagna un allestimento teatrale godibile e coinvolgente.Partendo
dal presente, si ripercorreranno le tracce lasciate da coloro che, nel corso di
quasi 100 anni, hanno pazientemente rimesso in luce e recuperato l’Anfiteatro, lottando
per evitarne la distruzione. Un focus dedicato alle venationes (cacce), consentirà
di conoscere dettagliatamente un tipo di spettacolo organizzato in questo
edificio durante l’epoca romana. Si scopriranno dettagli sull’abbigliamento
utilizzato dai venatores (cacciatori) e sulle armi da loro usate
nell’arena. La riproduzione dei suoni che si potevano udire durante gli
spettacoli aiuterà i partecipanti a immergersi completamente nel passato.





A cura della direttrice del sito, dott.ssa Marina M.S.
Nuovo, in collaborazione con le associazioni culturali del territorio Terrae
Aps, Spitha e Legio II Augusta Salento.N.B. L'ingresso al sito per la serata ha un costo simbolico di €1.00; la partecipazione all'attività ha un costo di €5.00 ed è gratuita per i minori di 5 anni.",,,,,,,,,
http://dati.beniculturali.it/mibact/eventi/resource/CulturalEvent/48299,concerto,Concerto,"Il Parco del Castello di Agliè, grazie a un progetto UNESCO realizzato con fondi della Legge 77/2006, diventa spazio di incontro, partecipazione e sperimentazione dedicata alla sostenibilità e alla valorizzazione del patrimonio verde. Nella suggestiva cornice della Fontana dei Fiumi, sarà possibile assistere al concerto di Zigola Quartetto Jazz & Plant Music che accompagnerà in un percorso sonoro ispirato alla natura, con composizioni generate dai biosegnali delle piante. L’incontro sarà preceduto da una presentazione multimediale a cura di Disco Vintage, Music and Stories, con la presentazione di Andrea Beltramo, storico conduttore del programma per bambini L’Albero Azzurro. Seguirà rinfresco con degustazioni di prodotti del territorio.",,,,,,,,,http://media.beniculturali.it/mibac/files/boards/be78e33bc8ca0c99bff70aa174035096/Luoghi/Castello%20di%20Agliè.jpg
http://dati.beniculturali.it/mibact/eventi/resource/CulturalEvent/48300,visita guidata,Visita Guidata,"In occasione delle Giornate europee del patrimonio, apertura straordinaria serale di Vitae. Il sentimento della Natura, una mostra dedicata all’artista Jessica R. Carroll, pensata come un viaggio affascinante nel mondo della natura e delle relazioni tra gli esseri viventi. Le sale storiche del Castello si trasformano in un percorso ricco di scoperte, dove sculture poetiche accompagnano in un’esperienza coinvolgente e accessibile.Attraverso animali come api, pesci, anguille, rane e grilli, la mostra racconta in modo semplice e suggestivo il valore della collaborazione, della convivenza e della comunicazione. Le opere non sono solo da osservare, ma invitano a cambiare punto di vista, a usare l’immaginazione e a lasciarsi sorprendere: si passa da ambienti immersivi a installazioni che evocano suoni e movimenti, fino a scenari quasi fiabeschi.",,,,,,,,,http://media.beniculturali.it/mibac/files/boards/99c11a910aad48e66d038671de790e5a/aglie_salone%20volta.jpg
http://dati.beniculturali.it/mibact/eventi/resource/CulturalEvent/48302,visita guidata,Visita Guidata,"In occasione delle Giornate europee del patrimonio, sabato 26 settembre doppio appuntamento con Arte e naturalia, il ciclo di visite naturalistiche che invita a scoprire il Castello di Agliè attraverso un dialogo sorprendente tra arte e natura, a cura dell’Associazione Vivere i Parchi.Alle 10.30 si svolgerà la visita Dipinti e animalia nelle sale del Castello, alla ricerca della natura espressa nell’arte, tra quadri, affreschi e collezioni.Alle 14.30 sarà la volta di Sapori e naturalia nelle cucine del Castello, dove, dall’antipasto al dolce, gli ingredienti dell’arte gastronomica derivano dalla flora e dalla fauna locali, e la convivenza tra arte, scienze naturali e storia si trasformava in appetitose pietanze.Ritrovo 15 minuti prima dell'inizio della visita.",,,,,,,,,http://media.beniculturali.it/mibac/files/boards/99c11a910aad48e66d038671de790e5a/GEP%202023/Castello%20di%20Agliè_gep.jpg
http://dati.beniculturali.it/mibact/eventi/resource/CulturalEvent/48303,ROME WAR CEMETERY - OPEN DAY CON VISITE GUIDATE,Apertura Straordinaria,"Nell'ambito
delle Giornate Europee del Patrimonio 2026, la Commonwealth War Graves
Commission (CWGC) è lieta di organizzare una visita guidata del Rome War
Cemetery di Testaccio, rinnovato di recente. In
linea con il tema delle Giornate Europee 2026, “Proteggere il patrimonio.
Rinnovare, resistere, reinventare"" il Rome War Cemetery avrà un open day
sabato 26/9, con visite guidate gratuite per presentare il suo storico
rinnovamento incentrato sull’architettura e la sostenibilità, completato nel
2025. Il
Rome War Cemetery della CWGC è il luogo di sepoltura di 426 caduti del
Commonwealth della Seconda Guerra Mondiale. Scopri le sue nuove componenti
architettoniche, la sua eccellenza orticola e il suo patrimonio di memoria. Orario
open day: dalle 10:00 alle 17:00. Le
visite guidate si terranno alle 11:00 e alle 14:30. Il punto di incontro sarà
all'ingresso del cimitero in Via Nicola Zabaglia. 



















Si
prega di prenotarsi online al seguente link: https://www.eventbrite.co.uk/e/1999664952703?aff=oddtdtcreator---------------------------------------------------------- As part of the European Heritage Days 2026, the
Commonwealth War Graves Commission (CWGC) is pleased to offer a guided tour of
the recently renewed Rome War Cemetery in Testaccio. In keeping with the theme of the 2026 European
Heritage Days, “Heritage at Risk: Revive, Resist, Reimagine”, Rome War Cemetery
at Testaccio will host an Open Day on Saturday 26 September, with free guided
tours showcasing its historic renewal project, focused on architecture and
sustainability, which was completed in 2025. Rome War Cemetery is the final resting place of
426 Commonwealth servicemen and women of the Second World War. Discover its new
architectural features, outstanding horticulture, and commemorative heritage. Open Day opening hours: 10:00am to 5:00pm

















 Guided tours: 11:00am and 2:30pm

 

Meeting point: Cemetery entrance, Via Nicola
Zabaglia, Rome.

 

Please book your place
online: https://www.eventbrite.co.uk/e/1999664952703?aff=oddtdtcreator",,,,,,,,,http://media.beniculturali.it/mibac/files/boards/eb7e237f5a3d59feafeffaa8cef2595d/GEP%202026/GEP%20Cimitero%20Roma.jpg
http://dati.beniculturali.it/mibact/eventi/resource/CulturalEvent/48304,"Frank Horvat, mostra fotografica alle Terme di Caracalla",Mostra,"Settant’anni di ricerca estetica e culturale disseminata in 72 immagini che attraversano gli ambienti delle Terme di Caracalla. Dall’11 settembre 2026 al 10 gennaio 2027 una grande mostra del fotografo Frank Horvat che ha segnato l’immaginario riscrivendo la fotografia di moda e di viaggio.La mostra promossa dalla Soprintendenza Speciale di Roma con l’organizzazione di Electa è curata dallo Studio Horvat (Fiammetta Horvat e Mathilde Oudin) e Nunzio Giustozzi.Il percorso espositivo si suddivide in tre ambiti: i ritratti dedicati all’universo femminile disposti in una delle palestre delle Terme di Caracalla con un focus dedicato ai servizi fotografici realizzati dal fotografo presso la Galleria L’Obelisco su invito di Irene Brin e Gaspero del Corso. La seconda sezione è ancora dedicata alle donne con Vere Sembianze che si inserisce negli ambienti voltati delle Terme, mentre la terza parte è incentrata sul ciclo Goethe in Sicilia realizzato nei primi anni Ottanta.Il volume, edito da Electa, segue e approfondisce le tre sezioni della mostra con scritti di Horvat e un ricordo di Ferdinando Scianna che apre il testo.Frank Horvat, nasce a Opatija/Abbazia in Croazia nel 1928 emigra con la famiglia a Lugano in Svizzera nel 1939 dove inizia a fotografare con una Retinamat da 35 mm. Nel 1947 frequenta l’Accademia di Belle Arti di Brera a Milano. A Parigi nel 1950 conosce Henri Cartier-Bresson e Robert Capa che avranno un’influenza sul suo stile. Unisce il fotogiornalismo per l’Agenzia Magnum al lavoro costante nel campo della moda e della pubblicità. Negli anni Settanta si stabilisce a Boulogne-Billancourt, vicino Parigi, dove continua a scrivere di fotografia oltre a seguire la ricerca fotografica anche con la sperimentazione delle nuove tecnologie digitali. Lavora fino alla fine dei suoi giorni, avvenuta nel 2020, all’età di 92 anni.Info utili:Dall’11 settembre 2026 al 10 gennaio 2027Orari:9.00 – 19 fino al 30 settembre, ultimo ingresso alle ore 18.009.00 – 18.30 dal 1° ottobre fino al 25 ottobre, ultimo ingresso alle 17.309.00 – 16.30 dal 26 ottobre fino al 10 gennaio, ultimo ingresso alle 15.30lunedì chiusoBiglietti:10 € intero4€ ridottoRiduzioni e gratuità secondo la normativa vigenteBiglietti disponibili esclusivamente su www.museiitaliani.it",,,,,,,,,http://media.beniculturali.it/mibac/files/boards/4beb3ecf75b9c4eef0d89c978a80c89c/HORVAT_SITO%20SOPRINTEN_1920x1080%20px_4_leggero.jpg
http://dati.beniculturali.it/mibact/eventi/resource/CulturalEvent/48305,"ANNA ONESTI - NUOVI CIELI, NUOVE CARTE",Mostra,"Le Giornate Europee del Patrimonio (GEP 2026) propongono quest’anno il tema: “Patrimonio a rischio: rivivere, resistere, reimmaginare”, un’occasione per riflettere sugli aspetti complessi dell’interazione dell’uomo con l’ambiente. L’evento quest’anno cade il 26 settembre in coincidenza con i festeggiamenti in onore di San Nilo, patrono di Grottaferrata. Per l’occasione la Biblioteca Statale del Monumento Nazionale di Grottaferrata, ospita la mostra: “ANNA ONESTI – NUOVI CIELI, NUOVE CARTE”, un’esposizione di opere realizzate dall’artista con carta prodotta dalla lavorazione del midollo dell’albero di gelso. La carta, un manufatto straordinario, ha attraversato la storia delle civiltà da Oriente a Occidente e grazie alla sapienza artigianale ha saputo resistere e rinnovarsi nei secoli.La tradizione vuole che sia stato il funzionario di corte cinese Ts’ai Lun nell’anno 105 d.C. ad avere avuto l’idea di produrre una materia scrittoria composta dagli scarti delle lavorazioni tessili e da un’ampia gamma di fibre vegetali ricavate anche da arbusti, come il gelso della carta. Tra il IV e il VI secolo la produzione della carta dalla Cina si estese prima in Corea e successivamente in Giappone, quando venne svolto un fondamentale&nbsp; lavoro di copia e poi di stampa di testi della tradizione buddista; fu la necessità di diffondere queste antiche scritture che diede l’impulso all’utilizzo del nuovo materiale. Come fu la necessità di trasmettere i testi della tradizione cristiana che favorì la diffusione della carta in Occidente quando, intorno all'XI secolo, le metodologie relative alla sua produzione si propagarono dalla penisola Arabica in Spagna, poi in Italia e successivamente nel resto dell’Europa. Il foglio di carta sostituì nel tempo l’uso della pergamena, diventando la materia principale per la scrittura e il disegno fino ad una crescita esponenziale della sua domanda nella seconda metà del 1400, dopo l’invenzione della stampa a caratteri mobili. https://www.lebiennali.com/la-mano-e-il-dono-del-gelso/Nell’Abbazia Greca di San Nilo a Grottaferrata, fondata nell'anno 1004 da un gruppo di monaci greci provenienti dall'Italia meridionale guidati da San Nilo di Rossano, ci troviamo in un luogo simbolo dove una fiorente scuola di paleografia e miniatura, attiva per secoli e poi una tipografia fondata sul finire del 1800, avevano fatto della carta un materiale imprescindibile. Qui su terreni dati in enfiteusi proprio dall’Abbazia, intorno agli anni trenta del 1600, vennero costruiti due stabilimenti per la produzione della carta attivi, con alterne vicende, fino alla 1893; questo importante luogo di archeologia industriale, situato in una zona umida di assoluto interesse paesaggistico, è oggi in triste stato di abbandono.Le opere di Anna Onesti sono realizzate con preziose carte, come gli aquiloni fatti con carta di gelso dipinta, stecche di bambù e fili di cotone; la costruzione di queste forme pensate per il volo è basata su tipologie tradizionali coreane, come l’aquilone scudo (pangp’ae-yŏn), o giapponesi come l’aquilone rettangolare (edo).&nbsp; Anna Onesti esporrà i suoi libri e i suoi diari nella “Loggia Cinquecentesca”, incantevole costruzione situata lungo la facciata sud est del complesso monumentale dell’Abbazia Greca di San Nilo, mentre nella Sala Conferenze della Biblioteca realizzerà un allestimento che vuol essere un omaggio al cielo con gli aquiloni ed opere ispirate al volo degli uccelli.&nbsp;Nel percorso espositivo saranno presenti anche un gruppo di opere intitolate “Con Grazia”, uno degli ultimi cicli di lavori che l’artista ha realizzato in omaggio a Grazia Marchianò, studiosa legata all’Abbazia per tradizione familiare, che ha donato nel 2023 alla Biblioteca Statale due opere pittoriche di suo padre, l’artista Giuseppe Marchianò, insieme ai testi di albanistica appartenuti alla biblioteca paterna. Un anno prima aveva lasciato tutti i libri della biblioteca di suo marito, il filosofo e storico delle religioni Elémire Zolla, all’Accademia Vivarium Novum, nella vicina Villa Falconieri a Frascati.Questa iniziativa sarà l’occasione per ammirare la “Collezione di opere d’arte contemporanea”, opere che la Biblioteca Statale ha acquisito negli anni grazie alle generose donazioni degli artisti o dei loro eredi, raccolta e che è stata pensata proprio da Anna Onesti negli anni in cui è stata Funzionario Restauratore Conservatore presso la Biblioteca Statale del Monumento Nazionale di Grottaferrata.",,,,,,,,,
http://dati.beniculturali.it/mibact/eventi/resource/CulturalEvent/48306,conferenza,Convegno/conferenza,"Nell’ambito del ciclo di conferenze L’archeologia si racconta nei Musei nazionali del Piemonte, l’incontro Da Veio e da Pompei ad Agliè: viaggio nelle collezioni etrusche e romane di Maria Cristina di Borbone-Napoli porterà alla scoperta delle preziose raccolte archeologiche della regina. Le archeologhe Elisa Lanza ed Enrica Silvia Minicucci racconteranno la storia dei reperti, oggi conservati nella residenza, provenienti dalla necropoli etrusca di Veio e dagli scavi di Pompei. Seguiranno una visita allo spazio espositivo e, alle 18.00, l’affascinante esibizione di Stefano Cavanna, in arte Incantastorie, tra i pochissimi musicisti al mondo diplomati in lira greca antica.È previsto il riconoscimento di n. 2 crediti per l’assolvimento degli obblighi di formazione professionale per le iscritte e gli iscritti all’Ordine degli Architetti.",,,,,,,,,http://media.beniculturali.it/mibac/files/boards/99c11a910aad48e66d038671de790e5a/sala%20tuscolana.jpg
http://dati.beniculturali.it/mibact/eventi/resource/CulturalEvent/48307,Una città tra fiumi e mare. Nuove ricerche a Pisa tra l’epoca etrusca e la prima età romana,Mostra,"Ad oltre venti anni dalla
grande mostra su Pisa e il Mediterraneo, la Soprintendenza Archeologia Belle Arti
e Paesaggio per le province di Pisa e Livorno e il Dipartimento di Civiltà e Forme
del Sapere organizzano il Convegno Internazionale di Studi “Una città tra fiumi
e mare. Nuove ricerche a Pisa tra l’epoca etrusca e la prima età romana”, volto
a presentare le scoperte più recenti e i nuovi studi che hanno definito ed
ampliato il quadro delle conoscenze su una delle più rilevanti metropoli
dell’Etruria settentrionale.",,,,,,,,,
http://dati.beniculturali.it/mibact/eventi/resource/CulturalEvent/48308,Una città tra fiumi e mare. Nuove ricerche a Pisa tra l’epoca etrusca e la prima età romana_Copia,Mostra,"Ad oltre venti anni dalla
grande mostra su Pisa e il Mediterraneo, la Soprintendenza Archeologia Belle Arti
e Paesaggio per le province di Pisa e Livorno e il Dipartimento di Civiltà e Forme
del Sapere organizzano il Convegno Internazionale di Studi “Una città tra fiumi
e mare. Nuove ricerche a Pisa tra l’epoca etrusca e la prima età romana”, volto
a presentare le scoperte più recenti e i nuovi studi che hanno definito ed
ampliato il quadro delle conoscenze su una delle più rilevanti metropoli
dell’Etruria settentrionale.",,,,,,,,,
http://dati.beniculturali.it/mibact/eventi/resource/CulturalEvent/48309,Giornate Europee del Patrimonio 2026 a Casa Pasolini - 26 settembre,Visita Guidata,"Nella prima casa di Pier Paolo Pasolini a Roma in via Tagliere 3, visite accompagnate e visite guidate alla mostra fotografica “La vita non è in un solo sogno ma in molti sogni”, prosegue la mostra che narra con immagini imperdibili la storia di Pier Paolo Pasolini. “Abitammo in una casa senza tetto e senza intonaco, / una casa di poveri, all’estrema periferia, vicino a un carcere. / C’era un palmo di polvere d’estate, e la palude d’inverno. / Ma era l’Italia, l’Italia nuda e formicolante, / coi suoi ragazzi, le sue donne, / i suoi ‘odori di gelsomini e minestre povere’, / i tramonti sui campi dell’Aniene, i mucchi di spazzature: / e, quanto a me, i miei sogni integri di poesia,” scriveva Pier Paolo Pasolini in Poeta delle ceneri (1966-67). Pochi versi per descrivere la sua prima casa romana, il quartiere Rebibbia, lo stato delle periferie romane e un’intera condizione esistenzialeIn particolare in occasione delle GEP alle ore 10, visita guidata a cura di Antonio Valerio Spera “Un patrimonio da rivivere, una memoria da reinventare”. Il percorso attraversa la vita di Pasolini, il suo rapporto con Roma e con le periferie, fino alla storia più recente della casa: dall'abbandono alla donazione dei produttori Camilla Nesbitt e Pietro Valsecchi allo Stato e alla sua rinascita come museoIn particolare in occasione delle GEP alle ore 17 visita guidata ""Pasolini e le sue case romane, i ragazzi di vita, letteratura e filmografia, seguendo il fiume."" a cura di Matilde Amaturo. La visita attraverso le case romane di PP conduce ad altri luoghi, le borgate, da scoprire, da raccontare con passione anche dai fiumi il Tevere e l’Aniene.Visite accompagnate alla mostra con i seguenti orari 10, 11, 12, 13, 14, 15, 16, 17 (durata per ciascuna visita 45/50 minuti per motivi di turnazione degli ingressi in sicurezza)",,,,,,,,,http://media.beniculturali.it/mibac/files/boards/128ae52db40cae8510626c2ef301bafd/2026/GEP%20-%20GIORNATE%20EUROPEE%20DEL%20PATRIMONIO/GEP_ApertureDiurne_Card.jpg
http://dati.beniculturali.it/mibact/eventi/resource/CulturalEvent/48310,altro,Altro,"Nell'ambito di EFFIMERA. Vivere il Parco del Castello di Racconigi, la rassegna che invita a riscoprire il Parco come luogo di emozioni, incontri e meraviglia, appuntamento con Storie di giardini e di giardinieri: insieme all’agronomo delle Residenze reali sabaude si andrà alla scoperta dello straordinario patrimonio verde del Giardino dei Principini, tra curiosità, storia e natura. E per rendere l’esperienza ancora più speciale, al termine dell’attività a tutte le persone partecipanti sarà distribuito un cestino per il pic-nic, da gustare immersi nella suggestiva cornice del Parco. L’ingresso avviene direttamente alla Margaria, dal cancello in ferro sul lato nord del muro di cinta del Parco, all’incrocio con via Migliabruna (coordinate GPS: 44°47’14.9″N 7°40’16.4″E).Per le persone che partecipano è disponibile un parcheggio con accesso dal cancello in ferro verso via Migliabruna (posti limitati).",,,,,,,,,http://media.beniculturali.it/mibac/files/boards/99c11a910aad48e66d038671de790e5a/GEP%202026/Castello%20di%20Racconigi_veduta%20dal%20Parco.jpg
http://dati.beniculturali.it/mibact/eventi/resource/CulturalEvent/48311,Giornate Europee del Patrimonio 2026 a Casa Pasolini - 27 settembre,Visita Guidata,"Nella prima casa di Pier Paolo Pasolini a Roma in via Tagliere 3, prosegue la mostra che narra con immagini imperdibili la storia di Pier Paolo Pasolini. “Abitammo in una casa senza tetto e senza intonaco, / una casa di poveri, all’estrema periferia, vicino a un carcere. / C’era un palmo di polvere d’estate, e la palude d’inverno. / Ma era l’Italia, l’Italia nuda e formicolante, / coi suoi ragazzi, le sue donne, / i suoi ‘odori di gelsomini e minestre povere’, / i tramonti sui campi dell’Aniene, i mucchi di spazzature: / e, quanto a me, i miei sogni integri di poesia,” scriveva Pier Paolo Pasolini in Poeta delle ceneri (1966-67). Pochi versi per descrivere la sua prima casa romana, il quartiere Rebibbia, lo stato delle periferie romane e un’intera condizione esistenziale.In particolare in occasione delle GEP si pone l’attenzione su ""Casa Pasolini reinventare il territorio: conoscere e testimoniare storie di vita"" h. 10 e h. 16 visite guidate itineranti di Alba Serino La visita parte dal quartiere di Rebibbia da riscoprire nelle molteplici stratificazioni dall’archeologia al contemporaneo e conduce alla Casa di Pier Paolo Pasolini, nuova chiave di lettura del territorio.Orario della visita guidata itinerante h. 10-11.30 e h. 16- 17.30Visite accompagnate alla mostra con i seguenti orari&nbsp;10, 11, 12, 13, 14, 15, 16, 17 (ore 17 ultimo ingresso)",,,,,,,,,http://media.beniculturali.it/mibac/files/boards/128ae52db40cae8510626c2ef301bafd/2026/GEP%20-%20GIORNATE%20EUROPEE%20DEL%20PATRIMONIO/GEP_ApertureDiurne_Card.jpg
http://dati.beniculturali.it/mibact/eventi/resource/CulturalEvent/48312,attività didattica,Attività Didattica,"Nell'ambito di EFFIMERA. Vivere il Parco del Castello di Racconigi, la rassegna che invita a riscoprire il Parco come luogo di emozioni, incontri e meraviglia, il complesso della Margaria aprirà le sue porte ai piccoli esploratori che, con l’aiuto del margaro Tunin, dovranno intercettare appunti, disegni e indizi dei lavoranti in una caccia entusiasmante tra arte, natura e storia.A cura dei Servizi Educativi del Castello. Età consigliata: 6-11 anni (per ogni partecipante sono ammessi due adulti accompagnatori).L’ingresso avviene direttamente alla Margaria, dal cancello in ferro sul lato nord del muro di cinta del Parco, all’incrocio con via Migliabruna (coordinate GPS: 44°47’14.9″N 7°40’16.4″E).Per le persone che parteciperanno è disponibile un parcheggio con accesso dal cancello in ferro verso via Migliabruna (posti limitati).",,,,,,,,,http://media.beniculturali.it/mibac/files/boards/99c11a910aad48e66d038671de790e5a/GEP%202026/Castello%20di%20Racconigi_veduta%20dal%20Parco.jpg
http://dati.beniculturali.it/mibact/eventi/resource/CulturalEvent/48313,Tributo alla band internazionale degli U2 con la cover band Utour Tribute,Concerto,"Il 12 settembre il palcoscenico della Villa ospiterà il primo dei due concerti previsti per questo mese (il prossimo sarà il 26): il tributo alla band internazionale degli U2 con la cover band Utour Tribute.&nbsp;L'evento, organizzato assieme al Comune di Bettona, inizierà alle 21:00 (i cancelli della Villa apriranno verso le 20:30) e l'ingresso sarà gratuito. Non è necessaria la prenotazione.",,,,,,,,,http://media.beniculturali.it/mibac/files/3474/09%20-%20Fronte%202022.jpg
http://dati.beniculturali.it/mibact/eventi/resource/CulturalEvent/48314,La notte di Pietro Diana incisore,Incontro/presentazione,"BIBLIOTECA NAZIONALE BRAIDENSEPresentazione
          19 SETTEMBRE 2026, ORE 11.00
          Sala di Lettura
          La notte  di Pietro Diana  incisore
                      
              La Biblioteca Nazionale Braidense presenta al pubblico  la figura dell’artista milanese Pietro Diana e la collezione  di 115 opere, donata all’istituzione nel 2023.Testi di Francesca Sgrazzutti e Luca Pietro Nicoletti
Edizioni Esseblu
 Partecipano alla presentazione
Angela Colombo Diana, moglie dell’Artista
Susanna Vallebona, designerRelatori
Michele Tavola, Storico dell’arte, Direzione regionale Musei nazionali Lombardia
Diana Mirolo, Storica dell’arte, Direttrice Museo Epper, Presidente della Fondazione Gérard, CH 



Il volume ripercorre la vicenda artistica di Pietro Diana (1931–2016),  tra i maggiori incisori italiani del secondo Novecento, mettendo  in luce l’intreccio tra assoluto rigore tecnico e intensa ricerca interiore. Dalle prime vedute luminose di paesaggio, influenzate dalla tradizione figurativa italiana, la sua opera evolve verso un universo visionario  e notturno popolato da castelli, mostri, civette e figure simboliche,  attraverso cui esplora i temi dell’inconscio, della memoria  e della condizione umana. L’incisione diventa così il luogo  di una riflessione esistenziale, in cui la perfezione del segno sostiene  un immaginario inquieto ma sempre governato da misura e disciplina.",,,,,,,,,http://media.beniculturali.it/mibac/files/boards/bec8803f226b6c1f1d4be3ed98d36b8e/Sala_Maria_Teresa_d'Austria_nella_Biblioteca_Nazionale_Braidense_di_Milano_©_James_O'Mara.jpg
http://dati.beniculturali.it/mibact/eventi/resource/CulturalEvent/48315,GEP 2026,Apertura Straordinaria,"﻿﻿In occasione delle Giornate Europee del Patrimonio 2026 i Musei Civici di Monza - Casa degli Umiliati, aprono in via straordinaria sabato 26 settembre dalle 20:00 alle 23:00 con biglietto unico a 1 €. Sarà possibile visitare il percorso museale permanente con l’audioguida gratuita e le 2 mostre temporanee: “Federica Galli. La natura incisa”; “Il Parco di Monza tra realtà e magia”. Il museo e le mostre sono completamente accessibili a persone con disabilità motorie, sensoriali, intellettive o affette da demenze; sono presenti ausili per ciechi, modelli 3D, audiodescrizioni, video LIS, guide CAA e Easy to Read e una postazione per l’esplorazione tattile virtuale delle opere. A disposizione presso il bookshop una sedia a rotelle, un mobility scooter, un passeggino e bastoni elettronici per ciechi per seguire il percorso tattilo-plantare con le indicazioni audio per la visita in autonomia.Luogo: Musei Civici Monza- Casa degli Umiliaticomune: MonzaIndirizzo: Via Teodolinda, 4Provincia: MB",,,,,,,,,
http://dati.beniculturali.it/mibact/eventi/resource/CulturalEvent/48316,Gep 2026 al Museo archeologico nazionale di Altamura,Visita Guidata,"Nel pomeriggio di sabato 26 settembre, il Museo Archeologico nazionale di Altamura offrirà la
possibilità di partecipare ad una visita guidata dal titolo Rinnovare per raccontare. Un nuovo percorso nel patrimonio culturale e archeologico di Altamura, tenuta dalla dott.ssa Ebe Chiara Princigalli, direttrice
del sito, volta ad illustrare la storia della popolazione dell’Alta Murgia e della città di Altamura, tra età
del Ferro e Alto Medioevo, ripercorrendola attraverso il nuovo percorso espositivo recentemente
inaugurato.",,,,,,,,,
http://dati.beniculturali.it/mibact/eventi/resource/CulturalEvent/48317,Il cammino nel deserto,Incontro/presentazione,"PINACOTECA DI BRERA17 settembre 2026 | Ore 18:00 Sala Aldo Bassetti

Presentazione del volume Il cammino nel deserto. Dalla malattia alla rinascita, tra fede e leadership imprenditoriale di Riccardo Braglia (PIEMME)



PresentaMelania RizzoliUn racconto di coraggio, trasformazione e speranza. Un viaggio umano e professionale che ispira a non arrendersi mai.























RICCARDO BRAGLIA Imprenditore e manager con oltre 40 anni di esperienza internazionale nel settore farmaceutico e degli investimenti scientifici, dal 2002 è presidente e amministratore delegato di Helsinn Healthcare, un gruppo a conduzione familiare specializzato in terapie di supporto oncologico e trattamenti contro il cancro, con sedi in Svizzera, nell’Unione Europea, negli Stati Uniti e in Cina. È vicepresidente di 3B Future Holding e presidente di HAS Healthcare Advanced Synthesis e Cerbios-Pharma. Sostiene attivamente progetti filantropici incentrati sulla ricerca sul cancro, l’assistenza sanitaria e l’istruzione in Africa ed è cofondatore della Fondazione Nuovo Fiore in Africa.",,,,,,,,,http://media.beniculturali.it/mibac/files/boards/3cfa6f12c9080229429e334d85240788/Pinacoteca_di_Brera_Napoleone_come_Marte_Pacificatore_di_Anotnio_Canova.jpg
http://dati.beniculturali.it/mibact/eventi/resource/CulturalEvent/48318,visita guidata,Visita Guidata,"In occasione delle Giornate europee del patrimonio, per Il Castello nascosto: patrimoni da riscoprire, un percorso esclusivo alla scoperta di ambienti normalmente non accessibili, potranno essere visitati i cosiddetti alloggi delle balie che permettono di accedere agli ambienti di servizio situati al primo piano ammezzato, sopra l’appartamento oggi chiamato dei Principini. Questi spazi evocano i periodi di villeggiatura trascorsi al Castello di Racconigi dai figli di Vittorio Emanuele III ed Elena del Montenegro e il lavoro delle figure incaricate della loro educazione, come balie e governanti, aprendo uno sguardo inedito sulla quotidianità della famiglia reale.Un'occasione speciale per varcare le soglie degli spazi più riservati del Castello e lasciarsi affascinare da luoghi ricchi di storia, arte e suggestione.",,,,,,,,,http://media.beniculturali.it/mibac/files/boards/99c11a910aad48e66d038671de790e5a/GEP%202020/racconigi_castello_sale_balie.JPG
http://dati.beniculturali.it/mibact/eventi/resource/CulturalEvent/48319,visita guidata,Visita Guidata,"Apertura straordinaria serale del primo piano nobile, che ospita nell’Appartamento cinese la mostra Specchi del Giappone. Stefano Faravelli al Castello di Racconigi, con visite accompagnate in gruppo, con partenza alle 19.15, 20.00, 20.45 e 21.30. Il percorso espositivo mette in dialogo il lavoro di Faravelli con gli ambienti che custodiscono le testimonianze del gusto per l’Oriente coltivato dalla corte sabauda. Taccuini di viaggio, acquerelli, album e strumenti dell’artista si confrontano con gli spazi che all’inizio del Novecento furono ribattezzati “Appartamento Giapponese”, dando vita a un percorso che intreccia il Giappone immaginato dall’Europa con quello conosciuto e raccontato attraverso anni di viaggi, studio e osservazione.",,,,,,,,,http://media.beniculturali.it/mibac/files/boards/99c11a910aad48e66d038671de790e5a/GEP%202020/racconigi_salone%20ercole.jpg
http://dati.beniculturali.it/mibact/eventi/resource/CulturalEvent/48320,Una città tra fiumi e mare. Nuove ricerche a Pisa tra l’epoca etrusca e la prima età romana - Convegno Internazionale di Studi,Convegno/conferenza,"Ad oltre venti anni dalla
grande mostra su Pisa e il Mediterraneo, la Soprintendenza Archeologia Belle Arti
e Paesaggio per le province di Pisa e Livorno e il Dipartimento di Civiltà e Forme
del Sapere organizzano il Convegno Internazionale di Studi “Una città tra fiumi
e mare. Nuove ricerche a Pisa tra l’epoca etrusca e la prima età romana”, volto
a presentare le scoperte più recenti e i nuovi studi che hanno definito ed
ampliato il quadro delle conoscenze su una delle più rilevanti metropoli
dell’Etruria settentrionale.",,,,,,,,,
http://dati.beniculturali.it/mibact/eventi/resource/CulturalEvent/48321,"Proteggere il patrimonio a rischio: rinnovare, resistere, reinventare",Apertura Straordinaria,"Sabato 26 settembre, a partire dalle ore 17.00, presso la Biblioteca Universitaria Alessandrina si terrà un evento speciale, in occasione delle Giornate Europee del Patrimonio 2026. La Biblioteca invita al brindisi di chiusura delle mostre fotografiche ""Costruire la Biblioteca Alessandrina per costruire... Sapienza"" a cura di Francesca Valletta e ""La città di Hita"" a cura di Davide Habes, sotto le nuvole di carta dell'artista Anna Onesti. Nell'occasione saranno esposte macchine fotografiche d'epoca e dagherrotipi di Donatella Cecchin e Davide Jabes.",,,,,,,,,
http://dati.beniculturali.it/mibact/eventi/resource/CulturalEvent/48322,visita guidata,Visita Guidata,"Un viaggio nel cuore della storia!In occasione delle Giornate europee del patrimonio, domenica 27 settembre dalle 15.00 alle 17.00, sarà possibile attraversare le tracce dell’antica Abbazia di Fruttuaria, custodite sotto l’attuale basilica settecentesca di San Benigno Canavese. Un’occasione speciale per scoprire un patrimonio nascosto e lasciarsi guidare attraverso i resti e le strutture dell’antico complesso abbaziale, fondato da Guglielmo da Volpiano.Le visite guidate, curate dai volontari dell’Associazione “Amici di Fruttuaria”, seguiranno il percorso archeologico Mille anni di storia attraverso le strutture dell’Abbazia di Guglielmo da Volpiano. Ogni visita avrà una durata di circa 50 minuti e sarà un vero e proprio viaggio attraverso i secoli: dalle origini dell’abbazia fino alle trasformazioni che hanno dato forma al complesso che oggi possiamo ammirare.Ritrovo e partenza dei gruppi nella piazza antistante la Basilica, attuale parrocchiale di San Benigno Canavese.",,,,,,,,,http://media.beniculturali.it/mibac/files/boards/99c11a910aad48e66d038671de790e5a/GEP%202026/Abbazia%20di%20Fruttuaria_grifone%20e%20volatili.jpg
http://dati.beniculturali.it/mibact/eventi/resource/CulturalEvent/48323,visita libera,Visita Libera,"Un'occasione per visitare liberamente il complesso dell'Abbazia di Vezzolano, gioiello medievale tra le colline piemontesi che visse il suo apice tra XII e XIII secolo. Dopo secoli di oblio, tornò alla luce nel 1937 grazie alla tutela statale.La chiesa colpisce per la facciata in cotto e arenaria e per l’interno gotico, dominato da un raro pontile scolpito con Patriarchi e Storie della Vergine, mentre l’abside conserva una straordinaria Annunciazione policroma del XII secolo.Il chiostro, tra i più intatti del Piemonte, conserva capitelli scolpiti e affreschi intensi come il Contrasto dei tre vivi e dei tre morti.Non perdete l'occasione di visitare questo luogo sospeso tra arte, fede e silenzio.",,,,,,,,,http://media.beniculturali.it/mibac/files/boards/99c11a910aad48e66d038671de790e5a/Beppe%20chiodi%20vezzolano%20drone18.jpg
http://dati.beniculturali.it/mibact/eventi/resource/CulturalEvent/48324,Inaugurazione della riapertura del Parco della Villa Medicea di Poggio a caiano - 9 settembre ore 12.,Nuova Apertura,"Mercoledì 9 settembre 2026, alle ore 12:00, si terrà la cerimonia di inaugurazione per la riapertura del Parco della Villa Medicea di Poggio a Caiano, al termine di un importante intervento di manutenzione e messa in sicurezza che ha interessato il suo prezioso patrimonio arboreo plurisecolare.Il Parco sarà incluso nelle attuali modalità di visita, senza costi aggiuntivi per i visitatori; in occasione dell'inaugurazione, sarà eccezionalmente aperto gratuitamente al pubblico dalle ore 10:00 alle ore 14:00.La riapertura restituisce alla comunità il suggestivo parco all'inglese e consente alla Villa Medicea di Poggio a Caiano di tornare pienamente fruibile in tutte le sue componenti — villa, giardino e parco — rafforzandone il ruolo tra le mete più amate del sito seriale UNESCO Ville e Giardini Medicei in Toscana.Particolarmente significativo è inoltre il progetto che ha accompagnato l'intervento, reso possibile grazie alla collaborazione con importanti soggetti di ambito nazionale e internazionale e destinato a contribuire alla valorizzazione e alla visibilità della Villa anche oltre il contesto territoriale.",,,,,,,,,"http://media.beniculturali.it/mibac/files/boards/bec8803f226b6c1f1d4be3ed98d36b8e/DRM-TOSCANA/Poggio%20a%20Caiano%20(PO)%20-%20Villa%20Medicea%20di%20e%20Museo%20della%20Natura%20Morta,%20veduta%20dall'alto.jpg"
http://dati.beniculturali.it/mibact/eventi/resource/CulturalEvent/48325,"A oltre 10 anni dalla riapertura, il Museo delle Statue Stele Lunigianesi si rinnova!",Visita Guidata,"In
occasione delle GEP – Giornate Europee del Patrimonio 2025, dedicate
quest'anno al tema ""Proteggere il patrimonio. Rinnovare, resistere,
reinventare"", il Museo amplia la sua offerta con una nuova vetrina
tutta da scoprire.Sarà
esposta una selezione di reperti rinvenuti negli stessi siti archeologici in
cui sono emerse le celebri statue stele. Pochi ma preziosi manufatti, che ci
aiuteranno a diradare il velo di mistero attorno a questi straordinari
monumenti protostorici, restituendoli al loro contesto storico e collocando il
fenomeno del megalitismo nel quadro più ampio delle culture dell'epoca.



Un'occasione
imperdibile per guardare le statue stele con occhi nuovi.",,,,,,,,,http://media.beniculturali.it/mibac/files/boards/0e5432d4e4d7301744f611bcdf786582/Pontremoli_GEP26low.jpg
http://dati.beniculturali.it/mibact/eventi/resource/CulturalEvent/48326,concerto,Concerto,"Un emozionante concerto-spettacolo ideato dall’Ensemble Belliners, raffinata formazione composta da quartetto d’archi e oboe, alla scoperta delle pagine più amate e celebri dell'opera di Giuseppe Verdi.Le sue immortali melodie  saranno accompagnate da una narrazione avvincente che ripercorre la trama di Rigoletto, capolavoro intenso e appassionante, animato da intrighi, passioni e dal magistrale gioco di maschere del più celebre buffone di corte della storia dell’opera lirica.Un’esperienza coinvolgente che intreccia musica e racconto, capace di avvicinare il pubblico alla grande tradizione operistica in un’atmosfera di rara bellezza. Lo spettacolo è realizzato in collaborazione con il Teatro della Caduta.",,,,,,,,,http://media.beniculturali.it/mibac/files/boards/99c11a910aad48e66d038671de790e5a/Abbazia%20di%20Vezzolano/2_Abbazia%20di%20Vezzolano_pontile.jpg
http://dati.beniculturali.it/mibact/eventi/resource/CulturalEvent/48327,visita guidata,Visita Guidata,"In occasione delle Giornate europee del patrimonio, sabato 26 settembre vi diamo appuntamento alle 16.00 con un percorso alla scoperta del Castello di Serralunga d'Alba attraverso una prospettiva inedita e ricca di suggestioni.Insieme alla guida sarà possibile approfondire alcuni episodi particolarmente significativi della storia del Castello, con l'obiettivo di stimolare curiosità, riflessione e una partecipazione più attiva alla visita. Un focus speciale sarà dedicato all'acquisto del maniero da parte del Demanio, avvenuto su iniziativa del Presidente della Repubblica Luigi Einaudi, un gesto che rappresenta ancora oggi un importante esempio di tutela e valorizzazione del patrimonio culturale.Il Castello diventa così simbolo concreto dell'impegno collettivo per la conservazione dei beni culturali, ma anche luogo della memoria della comunità locale. Per lungo tempo utilizzato dagli abitanti di Serralunga d'Alba come deposito agricolo, esso custodisce infatti storie, ricordi e testimonianze che appartengono al vissuto del territorio.Attraverso le voci e le esperienze dei suoi abitanti, il Castello si rivela non soltanto un monumento, ma un autentico custode di identità e memoria. Un'occasione per riscoprire il legame profondo tra patrimonio, comunità e futuro.",,,,,,,,,http://media.beniculturali.it/mibac/files/boards/99c11a910aad48e66d038671de790e5a/Castello%20di%20Serralunga/1_Castello%20di%20Serralunga_Ph%20Massimiliano%20Romanelli.jpg
http://dati.beniculturali.it/mibact/eventi/resource/CulturalEvent/48328,Rocca di Lucchio: la campagna di scavo 2026,Convegno/conferenza,"La Rocca di Lucchio celebra appieno lo spirito delle Giornate Europee del Patrimonio 2026: il progetto mira a conservare e rinnovare la memoria materiale e concettuale di un luogo che ha a lungo resistito all'oblio e alla trascuratezza. Domenica 27 settembre, dopo 3 anni di restauri e 2 campagne di scavo, l'équipe di archeologi accompagnerà i visitatori sul sito archeologico e racconterà in una conferenza i risultati inediti degli scavi, che reinventano e riscrivono la storia di questo monumento da sempre visibile nella sua imponenza, ma finora mai compreso fino in fondo.Dalle altezze mozzafiato alle inaspettate profondità stratigrafiche, un viaggio a ritroso fino alle fondazioni di questa suggestiva roccaforte.Programma:dalle ore 15.00 alle 16.15: visite guidate sugli scavi archeologici, riaperti per l'occasioneDalle 16.30 alle 18.00: conferenza sulla Campagna di scavo 2026",,,,,,,,,http://media.beniculturali.it/mibac/files/boards/0e5432d4e4d7301744f611bcdf786582/LUCCHIO_GEP_26.jpg
http://dati.beniculturali.it/mibact/eventi/resource/CulturalEvent/48329,visita guidata,Visita Guidata,"Non perdete l'occasione di conoscere - per proprio conto o con visite guidate gratuite su richiesta - l'Area archeologica di Libarna, la città romana fondata nel I secolo a.C. e destinata a ricevere grande impulso e a raggiunse massima fioritura in età imperiale (I-II secolo d.C.). Scoperta nel XIX secolo, Libarna è un tesoro nascosto che racconta storie millenarie. Oggi è possibile visitare una parte dell'antica città - circa un decimo dell'estensione originaria - e lasciarsi affascinare dai suoi straordinari resti: l’imponente teatro, l’anfiteatro e alcuni isolati residenziali che ci restituiscono scorci di vita quotidiana romana. Le abitazioni private, con ambienti disposti intorno a un cortile porticato centrale (peristilio), conservano pavimenti in lastre di marmo ed è stato anche rinvenuto un grande mosaico raffigurante il mito di Licurgo e Ambrosia, capolavoro di arte e simbolismo. Un sito archeologico che emoziona e sorprende, dove la storia prende forma.",,,,,,,,,http://media.beniculturali.it/mibac/files/boards/99c11a910aad48e66d038671de790e5a/Libarna/2_Libarna.JPG
http://dati.beniculturali.it/mibact/eventi/resource/CulturalEvent/48330,"#GEP2026 VitolinArte: ""Il paese che sarà. Visioni di cura e rinascita tra realtà e immaginazione""",Altro,"In occasione delle Giornate Europee del Patrimonio 2026, il Circolo ARCI Vitolini APS organizza per domenica 27 settembre una giornata interamente dedicata alla scoperta e alla valorizzazione di Vitolini, suggestivo borgo medievale immerso nel paesaggio del Montalbano.L'evento principale della manifestazione sarà un concorso di pittura estemporanea, durante il quale artisti e appassionati dipingeranno dal vivo gli angoli più caratteristici del paese, ritraendone i dettagli presenti o immaginando nuovi scenari per il suo futuro, per poi concludere con la premiazione dei quadri più belli nel pomeriggio. La mattina si aprirà invece con una passeggiata guidata nella natura, un'escursione tra gli oliveti e i panorami della zona che partirà dal centro storico — tra i resti dell'antico castello e le mura medievali — toccando storiche case torri e antiche dimore. Anche i più piccoli avranno il loro spazio: nei locali del Circolo si terrà infatti un laboratorio creativo dove bambine e bambini potranno cimentarsi con la pittura, usando la propria fantasia per reimmaginare i luoghi e le feste tradizionali del paese.",,,,,,,,,http://media.beniculturali.it/mibac/files/boards/1ede46002306283284d6cfccab580e47/GEP%202026/04_VitolinArte_Lab_Bambini.JPG
http://dati.beniculturali.it/mibact/eventi/resource/CulturalEvent/48331,Patrimonio archeologico sommerso del Golfo dell’Asinara,Mostra,"Il progetto prevede l'allestimento di una mostra dedicata ai reperti archeologici subacquei recuperati nei fondali del territorio di Stintino e l'organizzazione di un incontro scientifico inaugurale.
I Reperti in Mostra:
•	L'Anfora Massaliota de ""La Pelosa"": Pezzo di eccezionale interesse scientifico. L'anfora è stata custodita per anni (con regolare denuncia) presso l'abitazione della Sig.ra Anna Balzano. Nel 2018, a causa del degrado superficiale, è stata consegnata alla SABAP di Sassari e Nuoro per gli interventi di conservazione e studio. Recentemente restaurata presso il Centro di Restauro di Li Punti, viene ora restituita ed esposta alla comunità. Il trasporto dal centro di restauro di Li Punti e l'esposizione della stessa presso il MUT saranno concordati con i funzionari della Soprintendenza Archeologia, Belle Arti e Paesaggio per le provincie di Sassari e Nuoro;
•	Collezione di Reperti Subacquei: La mostra comprende ulteriori reperti (anfore, ancore e vasellame di diverse epoche) recuperati fortuitamente nel tempo da privati e custoditi nei magazzini del MUT.
Evento Inaugurale
•	Conferenza scientifica di apertura: La mostra sarà introdotta da una conferenza inerente il patrimonio archeologico subacqueo del territorio di Stintino e del Golfo dell’Asinara a cura della Dott.ssa Gabriella Gasperetti (Funzionaria archeologa), da anni impegnata nello studio, nella tutela e nella valorizzazione del patrimonio archeologico sommerso.",,,,,,,,,http://media.beniculturali.it/mibac/files/boards/c552bec33a06a9a6865c0806c8363236/GEP%202026/Anfora%20Massaliota.jpg
http://dati.beniculturali.it/mibact/eventi/resource/CulturalEvent/48332,spettacolo di danza,Spettacolo di Danza,"Il sito archeologico ospiterà tre micro performance di danza contemporanea, che esplorano il legame tra patrimonio archeologico e spettacolo dal vivo. Lo spettacolo è inserito nell’ambito di DIFFUSA, la rassegna di danza contemporanea promossa da Radic’Arte, associazione che dal 2021 opera nella provincia di Alessandria con l’obiettivo di portare la danza e valorizzare il territorio attraverso attività di spettacolo dal vivo, formazione e attivazione dei pubblici.Dopo aver animato palazzi storici e musei internazionali, come Castel Sant’Angelo a Roma e il Museo dell’Acropoli di Atene, le MicroDanze porteranno all’Area Archeologica di Libarna un percorso diviso in tre tappe: Eppur si muove di Francesca Lattuada, una danza misurata e solenne che prende forma su un piedistallo e sulle note di Beethoven; Terra Piccola di Antonella Bertoni, un solo femminile chiuso in un recinto geografico (e culturale) che guarda al futuro per cercare ciò che di umano ci resta; Soft P. di Diego Tortelli, coreografo della Cerimonia di Chiusura delle Olimpiadi Invernali di Milano Cortina 2026, che proporrà un duo ricco di sensualità capace di generare una tensione emotiva sottile, condivisa, fatta di rispetto e vulnerabilità reciproca.Lo spettacolo è organizzato in collaborazione con l'Associazione culturale Libarna Arteventi e il Comune di Serravalle Scrivia.Nella giornata l’area potrà essere visitata liberamente dalle 8.15 alle 18.30, con ultimo ingresso alle 17.30.Per informazioni sulla spettacolo: info@radicarte.it, 351 7114177; libarna.arteventi@gmail.com, 329 6484707.",,,,,,,,,http://media.beniculturali.it/mibac/files/boards/99c11a910aad48e66d038671de790e5a/Libarna/3_Libarna.JPG
http://dati.beniculturali.it/mibact/eventi/resource/CulturalEvent/48335,Abitare gli spazi nel medioevo a Siponto_Copia_Copia,Attività Didattica,"In occasione delle Giornate Europee del Patrimonio – GEP 2026, domenica 27 settembre il Parco archeologico di Siponto invita bambini, ragazzi e famiglie a partecipare a una speciale caccia al tesoro!Un percorso fatto di indizi, enigmi e piccole sfide porterà i partecipanti alla scoperta delle tracce dell’antica città di Siponto, ripercorrendo la sua storia dall’età romana a quella medievale. Tra antichi resti, mosaici e testimonianze del passato, ogni tappa nasconderà un indizio da osservare, interpretare e decifrare. Alla fine del percorso, ciascun partecipante riceverà un attestato: il vero tesoro sarà la conoscenza di un luogo straordinario e la possibilità di avvicinarsi all'archeologia in modo divertente e coinvolgente.",,,,,,,,,
http://dati.beniculturali.it/mibact/eventi/resource/CulturalEvent/48336,"Ferragosto 2024 al Museo Archeologico Nazionale di Mattinata ""Matteo Sansone""_Copia_Copia_Copia",Visita Guidata,"Sabato
26 ore 21.30 – 22.30In occasione delle Giornate Europee del Patrimonio 2026, il Museo archeologico nazionale “Matteo Sansone” di Mattinata propone un percorso dedicato alla storia della collezione “Matteo Sansone”, vincolata negli anni Novanta del secolo scorso fino alla nascita del museo.Attraverso una visita guidata alla collezione, saranno presentati alcuni dei reperti più significativi, accompagnando i visitatori in un viaggio alla scoperta della storia del territorio. La visita sarà un’occasione per approfondire l’importanza dello studio, della valorizzazione del patrimonio archeologico e della restituzione al pubblico dei sui contenuti e della sua storia.Il percorso si inserisce nel tema delle GEP 2026, “Proteggere il patrimonio. Rinnovare, resistere,reinventare”, offrendo uno spunto di riflessione sul ruolo del museo come luogo di tutela, conoscenza e trasmissione del patrimonio alle generazioni future. Attività per famiglie.",,,,,,,,,
http://dati.beniculturali.it/mibact/eventi/resource/CulturalEvent/48337,"Ferragosto 2024 al Museo Archeologico Nazionale di Mattinata ""Matteo Sansone""_Copia_Copia_Copia_Copia",Attività Didattica,"In occasione delle Giornate Europee del Patrimonio, il Museo archeologico nazionale “Matteo Sansone” di Mattinata propone un laboratorio per scoprire come un reperto archeologico diventa patrimonio di tutti.Attraverso l’osservazione e la compilazione di una carta d’identità del reperto, i partecipanti impareranno a raccogliere informazioni, formulare ipotesi e documentare un oggetto archeologico.Nella seconda parte, vestendo i panni di giovani curatori, potranno reinventare il modo di raccontare il reperto al pubblico, creando una nuova descrizione, un’illustrazione, uno slogan o progettando un piccolo allestimento.Un’attività che, attraverso i temi “Rinnovare” e “Reinventare”, avvicina i più piccoli al lavoro del museo e alla cura, conoscenza e valorizzazione del patrimonio archeologico.Laboratorio dedicato ai ragazzi 7-11 anni",,,,,,,,,
http://dati.beniculturali.it/mibact/eventi/resource/CulturalEvent/48338,La Chiesa del Santuccio aperta anche di sabato pomeriggio a settembre,Apertura Straordinaria,"Nel mese di settembre la Chiesa del Santuccio sarà aperta eccezionalmente anche il sabato pomeriggio, nelle giornate di sabato 12, 19 e 26 settembre, dalle 15.30 alle 18.30 alla presenza delle storiche dell'arte dei Musei Nazionali di Siena a disposizioni per fornire informazioni.&nbsp;Sabato 19 settembre alle ore 16.00 sarà possibile partecipare a ""Il Santuccio e dintorni"", visita guidata alla Chiesa del Santuccio e passeggiata urbana alla scoperta delle storie di San Galgano.Per prenotazioni: mn-si.comunicazione@cultura.gov.itLa Chiesa del Santuccio continua inoltre a essere regolarmente aperta ogni mercoledì dalle 9.00 alle 19.00.&nbsp;Nella stessa giornata, grazie alla collaborazione con i Conservatori Riuniti di Siena, è possibile visitare anche la vicina Chiesa di San Raimondo al Refugio, aperta dalle 9.30 alle 13.00 e dalle 14.30 alle 17.30.Mercoledì 16 settembre sarà inoltre possibile visitare anche il Museo della Società di Esecutori di Pie Disposizioni, in via Roma 71, aperto dalle 10.00 alle 13.00 e dalle 15.30 alle 18.30, con visite accompagnate dai soci della Società di Esecutori di Pie Disposizioni di Siena.Per maggiori informazioni: mn-si.comunicazione@cultura.gov.it",,,,,,,,,http://media.beniculturali.it/mibac/files/boards/9c13ab39dbc3c39b5f8a8776e3fe6d18/2026/SANTUCCIO%20ANNUNCIAZIONE.jpg
http://dati.beniculturali.it/mibact/eventi/resource/CulturalEvent/48339,Pasqua 2024_Copia_Copia_Copia_Copia_Copia_Copia_Copia_Copia_Copia_Copia_Copia_Copia_Copia_Copia_Copia_Copia_Copia_Copia_Copia,Incontro/presentazione,"EDU DAY – Un incontro per docenti e formatoriIl 22 settembre 2026, il Museo Archeologico Nazionale Concordiese di Portogruaro propone EDU DAY, un incontro dedicato a docenti e formatori per scoprire le proposte didattiche del museo. Un’occasione per conoscere le attività e gli strumenti educativi pensati per avvicinare studenti e visitatori al patrimonio storico, archeologico e culturale conservato nel museo.L’incontro si svolgerà dalle 17.00 alle 18.30 presso il Museo Archeologico Nazionale Concordiese, in Via Seminario 26 a Portogruaro (VE).Ingresso gratuito. È richiesta la prenotazione.ContattiTelefono: +39 0421 72674Email: drm-ven.museoportogruaro@cultura.gov.it",,,,,,,,,http://media.beniculturali.it/mibac/files/boards/3866906f1017fc6aa15df7f749c01fec/2026_PORTOGRUARO/edu-day-museo-archeologico-portogruaro-2026.jpg.png
http://dati.beniculturali.it/mibact/eventi/resource/CulturalEvent/48340,Colonie di Magna Grecia e Sicilia: i Sistemi di Fortificazione,Convegno/conferenza,"Due giornate di studio, confronto e ricerca dedicate a uno degli aspetti più significativi dell’urbanistica e dell’organizzazione territoriale del mondo greco coloniale: i sistemi di fortificazione.Il Museo Archeologico Nazionale “Vito Capialbi” riunirà studiosi e ricercatori per mettere a confronto Magna Grecia e Sicilia, attraverso vecchi problemi, nuove indagini e recenti acquisizioni della ricerca archeologica.Da Cuma a Paestum, da Siris a Metaponto, fino alle città della Calabria – Hipponion, Medma, Rhegion, Locri e Kaulonia – la prima giornata offrirà un quadro articolato delle esperienze fortificatorie della Magna Grecia.La seconda giornata sarà invece dedicata alla Sicilia, con contributi su Akragas, Monte San Basilio, Kasmenai, Segesta, Himera, Erice, Camarina, Hybla, Halaesa e Taormina.Un'occasione per leggere i sistemi di fortificazione non soltanto come opere difensive, ma come elementi attraverso i quali ricostruire la forma delle città, il controllo del territorio, le strategie politiche e militari e il rapporto tra comunità e paesaggio.",,,,,,,,,http://media.beniculturali.it/mibac/files/boards/b7441733246c07a608745e720b31d97c/CALABRIA%202026/01%20Titolo.jpg
http://dati.beniculturali.it/mibact/eventi/resource/CulturalEvent/48341,Un viaggio tra libri antichi e moderni nella sala mostre della Biblioteca nazionale di Bari,Mostra,"Le GEP - Giornate Europee del Patrimonio (European Heritage Days), organizzate dal Consiglio d'Europa e dalla Commissione Europea, sono la più estesa manifestazione culturale del continente, promossa per celebrare il patrimonio artistico e incoraggiare il dialogo tra i paesi partecipanti. Considerato il tema 2026, Proteggere il patrimonio. Rinnovare, resistere, reinventare, la Biblioteca nazionale di Bari offre un percorso tra antiche edizioni e volumi più recenti, capaci di resistere nel tempo, per riflettere sull’importanza della conservazione della memoria scritta e delle opere d’arte in genere. L’itinerario di visita, che si svolge all’interno della sala mostre, propone una panoramica che parte dalle pergamene antiche e prosegue con i manoscritti, gli incunaboli, le cinquecentine, fino a sezioni destinate ai periodici, agli autografi, alle monete e ai cliché di stampa. Completano l’esposizione un paesaggio di grandi dimensioni, dipinti e fotografie raffiguranti personalità del territorio, carte geografiche e i disegni del grande caricaturista barese Frate Menotti.",,,,,,,,,http://media.beniculturali.it/mibac/files/boards/bf99d0553025f3113dd8609cab618533/QUADRERIA%20-%2015%20NOV%202025/3.%20PASSERELLA.jpg
http://dati.beniculturali.it/mibact/eventi/resource/CulturalEvent/48342,"#GEP2026 Custodire, tramandare e reinventare un capolavoro: Turandot. Diecimila anni alla divina bellezza VISITA GUIDATA DELLA MOSTRA Turandot. O divina bellezza! O sogno! O meraviglia!",Visita Guidata,"Nel contesto del tema
delle GEP 2026 “Proteggere il patrimonio. Rinnovare, resistere, reinventare” il museo propone due visite guidate di Turandot.
O divina bellezza! O sogno! O meraviglia! mostra realizzata per celebrare il
centenario della première dell’opera al Teatro alla Scala, il 25 aprile
1926. Attraverso le immagini
d’epoca dell’allestimento, le foto di scena degli intrepreti, le cronache della
serata, il visitatore ‘parteciperà’ in prima persona alla prima della Scala di
100 anni fa. Protagonisti assoluti tre preziosi e raffinati costumi storici del
1926, accuratamente restaurati oltre a due bozzetti scenografici di Galileo
Chini e i figurini dei costumi di Umberto Brunelleschi, artisti scelti da
Puccini stesso per l’allestimento della sua ultima opera.



Le visite saranno condotte
dalla direttrice del museo e co-curatrice della mostra, e arricchite da
approfondimenti, letture e video.  Al
termine delle visite un brindisi alla salute del Maestro Puccini e ai 100 anni della
Principessa Turandot",,,,,,,,,http://media.beniculturali.it/mibac/files/boards/1ede46002306283284d6cfccab580e47/GEP%202026/3.Puccini%20Museum%20-%20dettaglio%20copricapo%20Turandot_%20Valentina%20Giunchi%20(1).jpg
http://dati.beniculturali.it/mibact/eventi/resource/CulturalEvent/48343,Studi e bibliografie,Mostra,"Tornano le Giornate Europee del Patrimonio (European Heritage Days), la più estesa e partecipata manifestazione culturale d’Europa, promossa dal Consiglio d’Europa e dalla Commissione Europea e coordinata per l’Italia dal Ministero della Cultura.Queste le proposte della Biblioteca Statale.",,,,,,,,,
http://dati.beniculturali.it/mibact/eventi/resource/CulturalEvent/48344,#GEP2026 Aperture e visite guidate gratuite,Visita Guidata,"Il
26 e 27 settembre il Museo del Tessuto di Prato partecipa alla più grande
manifestazione culturale d’Europa con apertura gratuita per tutto il week end e
con due visite guidate, ugualmente gratuite, al percorso permanente ed alle
mostre in corso. Al centro del programma, il tema internazionale
""Proteggere il patrimonio: Rinnovare, Resistere, Reinventare"" per
riscoprire la storia tessile tra archeologia industriale e sostenibilità. Ospitato
all'interno dell'ex Cimatoria Campolmi, uno dei più importanti monumenti di
archeologia industriale della Toscana, il Museo del Tessuto rappresenta
l’esempio perfetto di come un patrimonio storico possa essere salvato e
rinnovato. Le visite guidate gratuite offriranno al pubblico un viaggio
attraverso secoli di saper fare, mostrando come la comunità di Prato abbia
saputo resistere alle sfide del tempo e reinventarsi fino a diventare un punto
di riferimento mondiale per l’economia circolare e la moda sostenibile.Durante
il percorso, i visitatori potranno ammirare le collezioni storiche, esplorare
l’area dedicata ai materiali contemporanei e comprendere il legame profondo che
unisce la storia della città alla sua identità industriale e culturale, in
pieno spirito con i principi della Convenzione di Faro sul valore del
patrimonio per la società.





La gratuità dell’offerta in occasione delle Giornate
Europee del Patrimonio rafforza il concetto di inclusività della cultura, che
si apre a tutta la comunità, dalla dimensione locale a quella europea",,,,,,,,,http://media.beniculturali.it/mibac/files/boards/1ede46002306283284d6cfccab580e47/GEP%202026/Museo%20del%20Tessuto.png
http://dati.beniculturali.it/mibact/eventi/resource/CulturalEvent/48345,#GEP2026 Nel vigneto di Pascoli. Una storia da coltivare. Visita guidata straordinaria,Visita Guidata,"Sabato
26 settembre alle ore 11.00, in occasione delle Giornate Europee del
Patrimonio, la Casa Museo Giovanni Pascoli propone una visita guidata al suo
storico vigneto, già esistente ai tempi del poeta e destinato alla produzione
del Flos Vineae, il “fior di vigna” ottenuto da uve rosse e bianche.Rimesso
in funzione nel 2012, in occasione del centenario della morte di Pascoli, il
vigneto continua oggi a vivere grazie soprattutto all’impegno prezioso dei
contadini volontari e di quanti collaborano con loro. Sono le loro mani, il
loro tempo e la loro passione a rendere possibile la cura quotidiana delle viti
e la conservazione di questo importante patrimonio.Durante
la visita saranno proprio i volontari a raccontare il lavoro, le tradizioni e
il significato di custodire e far rivivere un luogo che appartiene alla memoria
del poeta e della comunità. Un esempio concreto di come il volontariato possa
proteggere, rinnovare e trasmettere il patrimonio culturale e paesaggistico
alle generazioni future.&nbsp;Durata 1 h circa",,,,,,,,,http://media.beniculturali.it/mibac/files/boards/1ede46002306283284d6cfccab580e47/GEP%202026/Fondazione%20Giovanni%20Pascoli.jpg
http://dati.beniculturali.it/mibact/eventi/resource/CulturalEvent/48346,Chiusura al pubblico 20 Settembre 2026 - MAN di Potenza,Altro, AVVISO AL PUBBLICOSi informa che domenica 20 settembre il Museo Archeologico Nazionale “Dinu Adamesteanu” di Potenza resterà chiuso al pubblico per l’intera giornata.Le attività e le visite riprenderanno regolarmente secondo i consueti giorni e orari di apertura.Ci scusiamo per l’eventuale disagio e ringraziamo il pubblico per la comprensione.️ Museo Archeologico Nazionale “Dinu Adamesteanu” – Potenza,,,,,,,,,
http://dati.beniculturali.it/mibact/eventi/resource/CulturalEvent/48347,Soprintendenza ABAP per l'Umbria - Arco Etrusco,Visita Guidata,"Il 12 settembre nell'ambito del Piano di Valorizzazione MiC 2026, proponiamo una visita serale alla scoperta dei segreti dell'Arco Etrusco, sede della Soprintendenza ABAP per l'Umbria, a cura del dott. Postrioti, Funzionario Archeologo. Si potrà ammirare il paesaggio notturno dalla loggetta, che immancabilmente colpisce la fantasia di perugini e turisti, ed accompagnare l'Arco nella sua storia millenaria fatta di grandi eventi e piccoli segreti ...La visita avrà una durata di circa un'ora, con tre turni composti da un massimo di 25 partecipanti, con inizio alle 19 e 30. Prenotazione obbligatoria.",,,,,,,,,
http://dati.beniculturali.it/mibact/eventi/resource/CulturalEvent/48348,"""AMORE E PSICHE"" IN SCENA AL MUSEO DINU ADAMESTEANU DI POTENZA - 19 settembre 2026",Spettacolo di Danza,"""AMORE E PSICHE"" IN SCENA AL MUSEO DINU ADAMESTEANU DI POTENZAIl 19 settembre evento conclusivo della sezione coreutica del progetto FUS ""In-cedere, il fluire del tempo in Lucania"" con due Primi Ballerini del Teatro alla ScalaPotenza, Museo Archeologico Nazionale ""Dinu Adamesteanu"" - Il giorno 19 settembre 2026, alle ore 20:00, il Museo Archeologico Nazionale Dinu Adamesteanu di Potenza ospiterà lo spettacolo ""Amore e Psiche"", evento di chiusura dei laboratori proposti dal centro studi Danza Loncar nell'ambito della 2° edizione del progetto FUS ""In-cedere, il fluire del tempo in Lucania"", realizzato con il coordinamento di Sabrina Mutino e la cooperazione di Teresa Carnevale.L'evento porta la firma della direzione artistica di Patricia Loncar, del Maestro coreografo Massimiliano Carretta e dell' assistente alla regia Emanuela Basso.""Amore e Psiche"" rilegge in chiave contemporanea il celebre mito di Apuleio. Le quattro prove imposte da Venere a Psiche diventano metafora di prove attuali, interiori e universali, in cui lo spettatore può riconoscersi. Un racconto dove danza, musica e parola si fondono per dimostrare come l'arte antica sia più attuale che mai.Protagonisti della scena saranno i giovani allievi della Loncar Academy di Potenza e del Ballet Studio di Lavello, accompagnati dalle musiche dei Maestri Paola Guarino, Carmine Viggiano e Michele Lorusso, dalla voce di Mariacristina Mecca e dalla partecipazione di Laura Iuele e Celeste Mastantuono. Voce recitante sarà l'attrice Monica Palese.Finale d'eccezione, affidato a due stelle della danza internazionale: i Primi Ballerini del Teatro alla Scala di Milano, Antonella Albano e Claudio Coviello, che con la loro performance suggelleranno con un bacio un amore struggente e all'apparenza impossibile.L'evento ha riscontrato grande interesse,facendo registrare  sold out nel giro di poco tempo.",,,,,,,,,
http://dati.beniculturali.it/mibact/eventi/resource/CulturalEvent/48349,"#GEP2026 Materia, luce e memoria: il Patrimonio in trasformazione a Lumina Factory",Altro,"In occasione delle Giornate Europee del Patrimonio, Lumina Factory schiude le porte del proprio atelier nel cuore di Pistoia per rivelare l'alchimia silente che unisce luce, chimica e visione. Presidio e laboratorio di ricerca visiva, lo spazio indaga costantemente il dialogo tra la lentezza della fotografia analogica e le declinazioni dell'immagine contemporanea, proponendosi come una soglia accogliente tra memoria storica e linguaggi visivi del presente. Nelle giornate del 26 e 27 settembre, il pubblico viene guidato dentro l’atmosfera intima e raccolta dell’atelier attraverso un itinerario esperienziale che restituisce al concetto di «patrimonio» un valore tangibile e pulsante: non reliquia distante, bensì materia viva impressa su supporti, stampe ai sali d'argento e matrici d'opera. Accompagnati dalle fondatrici, i visitatori scopriranno i luoghi in cui l’immagine prende forma fino alla restituzione contemporanea, toccando con mano come la sapienza artigiana del mestiere, la cura della grana e il rigore compositivo dialoghino intimamente con il tessuto urbano e umano della città. Un invito ad abitare un laboratorio operoso, dove l'arte visiva diventa racconto condiviso, ascolto e educazione dello sguardo.",,,,,,,,,http://media.beniculturali.it/mibac/files/boards/1ede46002306283284d6cfccab580e47/GEP%202026/Foto02_Archivio%20Lumina%20Factory.jpg
http://dati.beniculturali.it/mibact/eventi/resource/CulturalEvent/48350,Famiglie ai musei del GAMB – 19 settembre 2026,Attività Didattica,"Famiglie ai musei del GAMB è un ciclo di laboratori tematici per famiglie con bambini dai 7 agli 11 anni e per adulti, a cura dello staff dei musei del GAMB.Il primo appuntamento, sabato 19 settembre ore 15.30 presso la Galleria dell’Accademia di Firenze, sarà con Mi vesto così!Come ci si vestiva nella Firenze del Quattrocento? Osservando i dipinti nelle sale del museo, bambini e adulti scopriranno la moda Rinascimento e potranno mettere in gioco la loro fantasia e creatività, diventando piccoli stilisti che realizzano un piccolo personale outfit da portare con sé.Attività gratuita per i bambini, per gli adulti è previsto il pagamento del biglietto del museo salvo le gratuità di legge.Prenotazione obbligatoria entro le ore 12 di venerdì 18 settembre 2026 scrivendo a ga-afi-mn-bar.didattica@cultura.gov.it",,,,,,,,,http://media.beniculturali.it/mibac/files/boards/be78e33bc8ca0c99bff70aa174035096/Luoghi/la-tribuna-con-il-david-e-i-prigioni-di-michelangelo-foto-galleria-dell-accademia-di-firenze.jpg
http://dati.beniculturali.it/mibact/eventi/resource/CulturalEvent/48351,"#GEP2026 “Personaggi e città del mondo”. Omaggio a Francesco Gurrieri. Apertura straordinaria. Visita guidata , esposizione di opere grafiche",Altro,"In occasione delle Giornate Europee del Patrimonio 2026, la Fondazione Spadolini Nuova Antologia ospita “Personaggi e città del mondo”. Omaggio a Francesco Gurrieri, apertura straordinaria, visita guidata, esposizione di opere grafiche dell’architetto umanista Francesco Gurrieri corredata dalla ricca bibliografia specializzata su conservazione e restauro, arte e paesaggio e dai numerosi saggi pubblicati nella “Nuova Antologia (50 titoli) fra 1997-2025. Uno sguardo al futuro nella storia del passatoFrancesco Gurrieri. scomparso nel gennaio 2026, architetto, docente e protagonista della cultura italiana del restauro ha dedicato la sua lunga attività alla tutela del patrimonio storico, artistico e paesaggistico, In questa mostra da lui stesso concepita nel 2000 attraverso l’opera grafica unisce la scoperta dei grandi centri urbani nel mondo ai volti dei protagonisti della letteratura del nostro tempo. Attraverso l’insegnamento, la ricerca e una intensa attività editoriale ha contribuito a costruire una visione del patrimonio come bene vivo, da conoscere, conservare e trasmettere alle generazioni future. La cornice che accoglie l’esposizione è la Biblioteca di Giovanni Spadolini, fondatore del Ministero per i beni culturali e ambientali, di cui Gurrieri fu fedele collaboratore ed interprete.",,,,,,,,,http://media.beniculturali.it/mibac/files/boards/1ede46002306283284d6cfccab580e47/GEP%202026/Fondazione%20Spadolini%20Nuova%20Antologia.jpg
http://dati.beniculturali.it/mibact/eventi/resource/CulturalEvent/48353,"#GEP2026 PUCCINI, PATRIMONIO VIVO Proteggere · Rinnovare · Resistere · Reinventare",Visita Guidata,"La
Villa Museo Puccini di Torre del Lago aderisce alle Giornate Europee del
Patrimonio, in programma il 26 e 27 settembre, con visite guidate al piano
terra incluse nel biglietto di ingresso.“Puccini,
patrimonio vivo” è il titolo del percorso proposto, dedicato al tema 2026
“Proteggere il patrimonio. Rinnovare, resistere, reinventare”. Attraverso gli
ambienti della Villa, la visita invita a riflettere sul patrimonio come memoria
viva, capace di continuare a dialogare con il presente.Proteggere
significa custodire e trasmettere la memoria; rinnovare, trovare nuovi modi per
raccontarla; resistere, riconoscere nelle tracce conservate la capacità di
mantenere viva la presenza di Puccini; reinventare, guardare alla sua figura da
prospettive diverse, oltre l’immagine del solo compositore.Un
percorso per scoprire come una casa storica possa resistere al tempo e
continuare a parlare alle generazioni di oggi.







Visite guidate: ore 11.00, 12.00, 15.00 e 16.00.",,,,,,,,,http://media.beniculturali.it/mibac/files/boards/1ede46002306283284d6cfccab580e47/GEP%202026/Villa%20Museo%20Giacomo%20Puccini.jpg
http://dati.beniculturali.it/mibact/eventi/resource/CulturalEvent/48354,GEP 2026,Visita Guidata,"In occasione delle Giornate Europee del Patrimonio 2026, l'Università degli Studi di Milano, propone attraverso APICE (Archivi della Parola, dell'Immagine e della comunicazione Editoriale) un percorso guidato alla scoperta di patrimoni documentari che raccontano la storia dell'editoria, della grafica, della fotografia, della letteratura e della comunicazione del Novecento.La visita si svolgerà il giorno 25/09 in due diversi gruppi: 10:30 e 14:30.La visita consentirà di accedere ai luoghi della conservazione e di conoscere da vicino le attività che rendono possibile la tutela e la valorizzazione degli archivi.Attraverso una selezione di documenti i visitatori potranno comprendere come il patrimonio culturale venga protetto, trasmesso e continuamente reinterpretato dalle generazioni presenti e future.La visita si concluderà con un laboratorio partecipativo dal titolo ""Cercarsi in archivio”. I partecipanti saranno invitati a riflettere sui documenti che sceglierebbero di conservare per raccontare la propria storia personale. Attraverso un confronto guidato con il personale di APICE, il pubblico scoprirà come le scelte di conservazione contribuiscano a costruire la memoria individuale e collettiva.Luogo : APICE (Archivi della Parola, dell’Immagine e della Comunicazione Editoriale) - Università degli Studi di MilanoComune: MilanoIndirizzo: Via Noto, 6Provincia: MI",,,,,,,,,http://media.beniculturali.it/mibac/files/boards/bfa844dbe37608b113348836519416de/GEP2026/89906714.JPG
http://dati.beniculturali.it/mibact/eventi/resource/CulturalEvent/48355,itinerario culturale,Itinerario culturale,"In occasione delle celebrazioni della “Madonna delle Grazie”, l’Ecomuseo regionale di Malesco&nbsp;propone una passeggiata patrimoniale dedicata a Giuseppe Mattia Borgnis, tra i più importanti pittori&nbsp;della tradizione dell’affresco vigezzino. L’iniziativa sarà guidata da Arianna Bertoni, guida naturalistica,&nbsp;con i contributi del prof. Dardo, che accompagneranno i partecipanti alla scoperta della vita e delle&nbsp;opere dell’artista, oltre che di altri luoghi di culto presenti lungo il percorso.&nbsp;L’itinerario prenderà avvio da Craveggia, con la visita alla Chiesa Parrocchiale per poi proseguire lungo&nbsp;la Via Crucis fino all’Oratorio della Madonna del Piaggio, aperto per l’occasione. La camminata&nbsp;continuerà verso Zornasco, con una sosta alla Chiesa di San Bernardo, per concludersi a Malesco,&nbsp;presso l’Oratorio della Madonna del Gabbio. Un percorso che intreccia arte, storia e paesaggio,&nbsp;valorizzando il patrimonio culturale della Valle Vigezzo attraverso le opere di uno dei suoi artisti più&nbsp;importanti.",,,,,,,,,
http://dati.beniculturali.it/mibact/eventi/resource/CulturalEvent/48356,GEP 2026,Itinerario culturale,"﻿In occasione delle Giornate Europee del Patrimonio 2026, il Parco Paleontologico di Cene (BG) propone il giorno 26 settembre (dalle 10:00 alle 19:00) e il 27 settembre (dalle 14:00 alle 19:00) una visita guidata e tre attività pratiche di laboratorio.-La visita guidata collega idealmente il mondo presente con il passato documentato dagli strati rocciosi e svelato attraverso i fossili.Questo patrimonio è recuperato, conservato e valorizzato attraverso costante manutenzione e investimenti, diventando una risorsa fruibile da tutti e una testimonianza dell'identità del territorio.&nbsp;Le attività di laboratorio comprendono:- simulazione di scavo paleontologico attraverso calchi di fossili e riproduzioni tridimensionali dei reperti indispensabili per preservare i materiali originali.- osservazione attraverso stereoscopi e foto aeree dell'area del Parco coinvolta da frana e osservazione di strumenti per l'analisi del dissesto idrogeologico.- attività di nature journaling con rocce, fossili e modelli, vissuta come metodo di documentazione del patrimonio naturalistico alla portata di tutti.Luogo: Parco PaleontologicoIndirizzo: Via Cava 28Comune: CeneProvincia: BG",,,,,,,,,http://media.beniculturali.it/mibac/files/boards/bfa844dbe37608b113348836519416de/GEP2026/Bergamo%20(3).jpg
http://dati.beniculturali.it/mibact/eventi/resource/CulturalEvent/48357,"Verso, ritmo, melodia… cantare i poeti classici nell’alto medioevo, con Stefano Albarello – venerdì 18 settembre 2026",Concerto,"Venerdì 18 settembre 2026
a partire dalle ore 17.00 la Biblioteca Statale di Lucca ospiterà presso
il Salone monumentale delle conferenze al III piano l’incontro a cura di Stefano
Albarello&nbsp;""Verso, ritmo, melodia...&nbsp;cantare i poeti
classici nell'alto medioevo”, presentazione del progetto musicale e del
cd:&nbsp;Vocem cum cithara dedit&nbsp;(Passacaille). L’incontro fa parte
del ciclo La Pittura che Suona – dialoghi tra musica e arte, a cura
dell’associazione musicale Concentus Lucensis.

Tra il IX e il XII secolo, i Carmina
di Orazio venivano cantati nei monasteri, preservando la voce della poesia
classica nella cultura medievale. In questa registrazione, Stefano Albarello fa
rivivere quattordici di queste odi, ricostruite a partire dall'antica notazione
neumatica, insieme a una melodia unica tratta dall'Eunuchus di Terenzio.
Vocem cum cithara dedit svela un mondo dimenticato in cui verso latino,
ritmo e melodia si fondevano: un'eco vivente dell'antichità che risuona
attraverso il Medioevo.

In questo incontro Stefano
Albarello illustrerà la ricerca sulle fonti e con esempi di ascolto,
accompagnandosi con la lira e la cithara.L’ingresso è gratuito con prenotazione obbligatoria
fino ad esaurimento posti (max 35 persone).

Per prenotarsi è necessario scrivere all’indirizzo:
concentuslucensis@gmail.com

In collaborazione con la Biblioteca Statale di Lucca e con
il contributo del Comune di Lucca&nbsp; 

Stefano Albarello - BioDal 1985 Albarello si occupa di
musica antica approfondendo oltre il campo musicologico, la prassi del canto e
degli strumenti a pizzico medioevali, rinascimentali, barocchi, arabi ed
ottomani. Opera da anni nel concertismo come solista e direttore di insiemi. Ha
partecipato come solista ad oratori ed opere barocche. Ha eseguito incisioni
discografiche per le più importanti case discografiche del mondo. È direttore
dell'Ensemble Cantilena Antiqua e ha collaborato con l'Orchestra Andalusa di
Tangeri. Primo docente italiano di musica medievale presso il Conservatorio di
Vicenza è docente a Lucca di Canto Sacro medievale e Musica d'insieme per voci
e strumenti antichi. È fondatore e direttore scientifico del Laboratorio sul
Teatro Musicale Medievale che si tiene ogni anno a Lucca. Ha pubblicato
articoli saggistici sulla musica medievale e rinascimentale. Ha vinto numerosi
premi per l’attività artistica, di ricerca e di interpretazione della musica
antica (Premio Carducci, Premio Grotta di Tiberio, Riconoscimento 10
Repertoire per l'incisione discografica Ondas do Mar). Ha collaborato
alla realizzazione di colonne sonore per il cinema e ha all’attivo numerose
collaborazioni in teatro: Moni Ovadia, Corrado Augias, David Riondino, Roberto
Andò, Micha Van Hoecke. Svolge attività come ingegnere del suono e direttore di
registrazione per numerose case discografiche. È docente a contratto presso
l'Università di Parma.",,,,,,,,,http://media.beniculturali.it/mibac/files/boards/66d4f0f58b152aabe0e2762b3936933b/Sala%20di%20lettura%20generale.jpg
http://dati.beniculturali.it/mibact/eventi/resource/CulturalEvent/48358,European Heritage day – Storie di pietra e di pirriaturi,evento solo on site,"In occasione dell’iniziativa sarà proposta un’apertura straordinaria in orario
serale della Pirrera Sant’Antonio – Cava del Barocco,
con accesso speciale al prezzo simbolico di 1 euro.La
visita guidata accompagnerà i partecipanti alla scoperta degli ambienti ipogei
della cava e della storia dei pirriaturi, gli uomini che per generazioni hanno lavorato nella
pietra, trasformando la roccia
in materia prima per la ricostruzione delle città e dei monumenti del Val di
Noto.



Attraverso il racconto delle tecniche estrattive,
delle condizioni di lavoro e della vita quotidiana dei cavatori, la visita permetterà di conoscere la Pirrera non soltanto come sito di archeologia estrattiva, ma come luogo della memoria e
testimonianza del rapporto tra la comunità di Melilli, la pietra e il territorio.",,,,,,,,,
http://dati.beniculturali.it/mibact/eventi/resource/CulturalEvent/48359,mostra,Mostra,"L’Archivio Storico Comunale di Vercelli propone una mostra dedicata a un patrimonio fragile e prezioso, normalmente custodito nei depositi: manifesti, avvisi e comunicazioni d’epoca. Attraverso una selezione di documenti originali, l’esposizione invita a riscoprire momenti, vicende e trasformazioni della storia vercellese attraverso le parole e le immagini con cui le istituzioni si rivolgevano alla popolazione. Proclami e avvisi restituiscono frammenti della vita quotidiana e della memoria collettiva, raccontando paure, speranze, difficoltà e cambiamenti vissuti dalla comunità. Documenti raramente accessibili al pubblico, per la loro delicatezza, tornano eccezionalmente alla luce e diventano occasione di incontro con la storia del territorio. L’iniziativa valorizza così il patrimonio nascosto degli archivi, luoghi vivi che conservano le tracce delle esperienze e delle voci delle comunità.",,,,,,,,,
http://dati.beniculturali.it/mibact/eventi/resource/CulturalEvent/48360,Il Castello di Monteodorisio. Fortificazione e museo: resistenza e rinnovamento di un patrimonio | 26 settembre | MONTEODORISIO,Visita Guidata,"Sabato 26 settembre 2026, vi aspettiamo a Monteodorisio (CH) per una visita guidata alla scoperta del Castello di Monteodorisio e del Museo Archeologico del Vastese, in un percorso che intreccia storia, architettura e archeologia.La visita proporrà una lettura integrata del complesso fortificato, ripercorrendone le trasformazioni attraverso i secoli: dalla sua originaria funzione di presidio strategico e struttura difensiva, fondamentale per il controllo del territorio e dei principali sistemi viari e fluviali, fino alla sua attuale destinazione culturale come sede del Museo Archeologico del Vastese.Il percorso si svilupperà dapprima negli spazi esterni del castello, dove sarà possibile leggere le caratteristiche architettoniche della fortificazione medievale e le stratificazioni che ne raccontano le diverse trasformazioni. La visita proseguirà poi negli ambienti museali, alla scoperta delle collezioni e dei reperti archeologici del territorio, oggi conservati e valorizzati all’interno del museo.La visita è articolata su due turni, senza prenotazione:I turno: 9:30–11:30II turno: 11:30–13:30Ingresso gratuito.",,,,,,,,,
http://dati.beniculturali.it/mibact/eventi/resource/CulturalEvent/48361,Visita guidata alla chiesa della SS. Trinità | 26 settembre | CHIETI,Visita Guidata,"Un’occasione ancora più speciale: la chiesa è stata dichiarata di interesse culturale dalla Soprintendenza, che ne ha riconosciuto il particolare valore storico e artistico. Un motivo in più per conoscerla e lasciarsi guidare alla scoperta delle sue caratteristiche e delle vicende che ne hanno segnato la storia.I turno: 15:00–17:00II turno: 17:00–19:00",,,,,,,,,
http://dati.beniculturali.it/mibact/eventi/resource/CulturalEvent/48362,Escursione alla Grotta Scura e visita al deposito archeologico comunale | 26 settembre | BOLOGNANO,Visita Guidata,"Sabato 26 settembre 2026, vi aspettiamo a Bolognano (PE), per una giornata dedicata alla scoperta del patrimonio archeologico e naturalistico del territorio, tra l’escursione alla Grotta Scura e la visita al deposito archeologico comunale, in collaborazione con il Comune di Bolognano, l’Archeoclub Sezione “Vado del Ceraso” di Bolognano e lo Speleo Club Chieti “Alessio Carulli” APS-ETS.L’appuntamento è alle 8:30 presso la piazza della frazione di Santa Maria del Monte, con l’illustrazione del programma e delle attività, per poi proseguire lungo il Sentiero A10 fino alla Grotta Scura. Un’escursione nel cuore del paesaggio, alla scoperta dell’ipogeo e dei suoi ambienti, fino alla cosiddetta Sala dei sedimenti.A seguire, il percorso si sposterà a Bolognano, dove sarà possibile visitare il deposito archeologico, per conoscere da vicino i reperti qui custoditi e scoprire le testimonianze archeologiche del territorio.Informazioni Appuntamento: ore 8:30, Piazza della Frazione di Santa Maria del Monte (Largo Madonna del Monte) Orario complessivo: 9:00–13:00 Unico turno – massimo 25 partecipanti Prenotazione obbligatoria QUI Partecipazione gratuitaPer l’escursione sono necessari abbigliamento e calzature idonei all’attività escursionistica. Per la visita della Grotta Scura è inoltre consigliato utilizzare caschetto speleologico e luce frontale idonei all’uso speleologico.Il Sentiero A10 presenta una difficoltà escursionistica E secondo la classificazione del CAI, con un percorso di circa 200 metri e un dislivello in discesa di circa 45 metri. La visita in grotta si svolgerà prevalentemente lungo un percorso orizzontale e comprenderà anche una porzione non illuminata naturalmente.In caso di maltempo, l’evento sarà rimandato a data da destinarsi, previa comunicazione.",,,,,,,,,
http://dati.beniculturali.it/mibact/eventi/resource/CulturalEvent/48363,Passeggiata archeologica | 26 settembre | SAN VITO CHIETINO,Visita Guidata,"Sabato 26 settembre 2026, vi aspettiamo a San Vito Chietino (CH), per una passeggiata culturale alla scoperta dell‘area archeologica di Murata Bassa e della Fornace Ciampoli, dove ci sarà l’incontro con i progettisti dell’intervento di recupero della fornace.La visita si svolgerà su due turni, con prenotazione QUI:I turno: 14:00–16:00II turno: 16:00–18:00Il punto di incontro del I turno delle 14:00 è l’area archeologica di Murata Bassa, ingresso lato via lungomare di Gualdo, (di fianco al club nautico Marina di Gualdo). A seguire, la Fornace Ciampoli passeggiando sulla Via verde;Il punto di incontro del II turno delle 16:00: è la fornace Ciampoli, ingresso lato S.S. 16. A seguire, l’ area archeologica di Murata Bassa, passeggiando sulla Via verde.",,,,,,,,,
http://dati.beniculturali.it/mibact/eventi/resource/CulturalEvent/48364,Il Parco Archeologico del Quadrilatero. Un patrimonio che attraversa il tempo | 26 settembre | SAN SALVO,Visita Guidata,"Sabato 26 settembre 2026, vi aspettiamo a San Salvo (CH) per una visita guidata tra archeologia, storia e arte contemporanea, negli spazi del Parco Archeologico del Quadrilatero e del Museo Civico “Porta della Terra”, in collaborazione con Parsifal Società Cooperativa.Il percorso proporrà una lettura integrata e diacronica del complesso archeologico, accompagnando i visitatori attraverso le trasformazioni che hanno interessato questi luoghi nel corso dei secoli. Dalle aree esterne del Parco agli ambienti museali, sarà un’occasione per scoprire come il patrimonio archeologico del territorio continui a essere custodito, valorizzato e raccontato.La visita proseguirà inoltre attraverso le opere della mostra “Artwork to surprise”, a cura del maestro Massimo Greco, creando un interessante dialogo tra le testimonianze del passato e le espressioni dell’arte contemporanea.Un percorso che mette in relazione memoria, patrimonio e creatività, mostrando come gli spazi della cultura possano accogliere nuove forme di interpretazione e diventare luoghi di incontro tra epoche e linguaggi diversi.La visita è articolata su due turni, senza prenotazione:I turno: 15:30–17:30II turno: 17:30–19:30Ingresso gratuito.",,,,,,,,,
http://dati.beniculturali.it/mibact/eventi/resource/CulturalEvent/48365,Visita guidata alla Fondazione Summa | 26 settembre | PESCARA,Visita Guidata,"Sabato 26 settembre 2026, vi aspettiamo alla Fondazione Summa per una visita guidata alla scoperta della casa e dello studio dell’artista Franco Summa.La Fondazione prevede un’apertura straordinaria serale dalle 20:00 alle 24:00, con 4 turni di visita, con partenza ogni ora:I turno: 20:00II turno: 21:00III turno: 22:00IV turno: 23:00Sono previste massimo 10 persone per ogni turno di visita.La partecipazione è gratuita ed è gradita la prenotazione al numero 366 7651994, in mancanza di prenotazione si darà la precedenza a chi ha prenotato negli orari indicati, con possibilità di ingresso ai non prenotati fino al raggiungimento dei posti disponibili.",,,,,,,,,
http://dati.beniculturali.it/mibact/eventi/resource/CulturalEvent/48366,R-esistenze medievali. Passeggiata nel centro storico | 26 settembre | VASTO,Visita Guidata,"Sabato 26 settembre 2026, vi aspettiamo per una passeggiata serale nel centro storico di Vasto,  incentrata sul racconto del periodo meno indagato della storia antica di Vasto, quello medievale, ancora rintracciabile seguendo il filo rosso che lega recuperi e ricollocazioni di lacerti lapidei e monumenti. Punto di ritrovo: Piazza Rossetti 20:00-24:00Partecipazione libera e gratuita senza prenotazione.",,,,,,,,,
http://dati.beniculturali.it/mibact/eventi/resource/CulturalEvent/48367,Escursione presso il Santuario di S. Michele Arcangelo | 27 settembre | LETTOMANOPPELLO,Visita Guidata,"Domenica 27 settembre 2026, vi aspettiamo a Lettomanoppello (PE) per un’escursione alla scoperta del Santuario di San Michele Arcangelo, immerso nello straordinario paesaggio della Maiella.Un’occasione per conoscere un luogo di grande suggestione, dove natura, storia e devozione si incontrano lungo il percorso che conduce al santuario, riscoprendo il legame profondo tra il patrimonio culturale e il paesaggio che lo custodisce. Punto di ritrovo: ingresso del Sentiero di San Michele Orario: 9:00–13:00 Si consiglia di indossare scarpe adeguate all’attività escursionistica. Si consiglia di portare il pranzo al sacco. Prenotazione obbligatoria QUIPer informazioni:Dott.ssa Anna Dionisio anna.dionsio@cultura.gov.it +39 366 9615893",,,,,,,,,
http://dati.beniculturali.it/mibact/eventi/resource/CulturalEvent/48368,Sulle orme di Silvio Spaventa | 27 settembre | BOMBA,Visita Guidata,"Domenica 27 settembre 2026, vi aspettiamo a Bomba (CH) per una visita guidata alla scoperta del suo centro storico, tra memoria, arte e identità del territorio.Il percorso accompagnerà i visitatori alla scoperta delle testimonianze legate agli Spaventa, protagonisti della storia culturale e politica dell’Ottocento, e dei murales realizzati da Perry Sullivan negli ultimi otto anni, che hanno trasformato alcuni scorci del borgo in un originale museo a cielo aperto.Un’occasione per conoscere Bomba attraverso il dialogo tra patrimonio storico e arte contemporanea, riscoprendo luoghi, storie e immagini che raccontano l’identità del paese.La visita si svolgerà su due turni, senza prenotazione:I turno: 9:30-11:30II turno: 11:30-13:30Ingresso gratuito.",,,,,,,,,
http://dati.beniculturali.it/mibact/eventi/resource/CulturalEvent/48369,Capodanno 2025 al Castello Svevo di Bari_Copia_Copia_Copia_Copia_Copia_Copia_Copia_Copia_Copia_Copia_Copia_Copia,Concerto,"AYSO Young Soloists al Castello Svevo per le Giornate Europee del PatrimonioIn occasione delle Giornate
Europee del Patrimonio, il Castello Svevo propone una speciale matinée musicale
con gli AYSO
Young Soloists.
Giovane ensemble di talenti, i solisti presenteranno un programma dinamico e
speculare, sospeso tra il rigore della tradizione e l’impulso della danza
che celebra l’eredità culturale come
identità viva e condivisa. La prima parte sarà dedicata alla trasparenza,
all’equilibrio e alla perfezione della scrittura
settecentesca con un dialogo virtuosistico a più voci. Nella seconda parte
l’orizzonte si aprirà ai linguaggi del Novecento e alle suggestioni delle
tradizioni popolari, tra atmosfere intime, folklore nordeuropeo e progressioni
minimaliste.Orario evento: ore 11:00",,,,,,,,,
http://dati.beniculturali.it/mibact/eventi/resource/CulturalEvent/48370,Capodanno 2025 al Castello Svevo di Bari_Copia_Copia_Copia_Copia_Copia_Copia_Copia_Copia_Copia_Copia_Copia_Copia_Copia,Visita Guidata,"Notte al
Castello - Storytelling emozionale 

Tour teatralizzato con ingresso seraleIn occasione delle
Giornate Europee del Patrimonio, la Compagnia d’Arme Stratos e Slowtravels ci accompagneranno
alla scoperta del castello con una guida in abito storico che ci trasporterà
nel XII secolo. Lungo il percorso, l’incontro con alcuni “fantasmi del passato”
svelerà aspetti e dettagli del vivere civile e militare della fase
Svevo-Angioina. Prenotazione obbligatoria su https://www.slowtravels.it/ 1°tour: ore 19:302° tour: ore 21:00 







Max 35 persone a gruppo",,,,,,,,,
http://dati.beniculturali.it/mibact/eventi/resource/CulturalEvent/48371,Mostra in Biblioteca Riccardiana,Mostra,ND,,,,,,,,,
http://dati.beniculturali.it/mibact/eventi/resource/CulturalEvent/48372,"Radici di Riscatto: Rigenerare il Paesaggio, coltivare la Comunità – Passeggiata tra i filari della legalità agli Orti del Mediterraneo",evento solo on site,"In occasione delle Giornate
Europee del Patrimonio, il Club per l’UNESCO di Catania con l'itinerario ""Radici di Riscatto: Rigenerare il
Paesaggio, coltivare la Comunità –
Passeggiata tra i filari della legalità agli Orti del Mediterraneo "" propone una passeggiata patrimoniale
all'interno di Orti del Mediterraneo,
un bene confiscato alla mafia a Misterbianco e restituito alla collettività.
Guidati dagli operatori e dai ragazzi con disabilità inclusi nei progetti
socio-lavorativi della cooperativa Energ-Etica, i visitatori attraverseranno un
percorso che unisce riscatto sociale, agricoltura biologica e tutela della
biodiversità. Il percorso si articola tra le tappe storiche del recupero del
bene, le collezioni botaniche e gli agrumeti autoctoni realizzati con
l'Università di Catania, fino ai laboratori sensoriali dedicati alle aromatiche
e all'apicoltura etica. L'esperienza si conclude con la visita all'aula
didattica di trasformazione dei prodotti e una degustazione condivisa.
Un'occasione per riscoprire come la cura della terra possa rigenerare il
paesaggio etneo e coltivare una comunità coesa, etica e
inclusiva.

Tappe del
percorso: 1) La Soglia della Legalità e della Memoria; 2) Il Parco Museale degli
Orti Tematici; 3)
Laboratorio Olfattivo-Sensoriale e Apicoltura; 4) Dal Campo alla Tavola – Il Laboratorio di
Trasformazione; 5)
Conclusione e Degustazione Etica.",,,,,,,,,
http://dati.beniculturali.it/mibact/eventi/resource/CulturalEvent/48373,Presentazione del volume: “Il principio dell’ultima luce”.,Incontro/presentazione,"La Biblioteca Statale di Macerata in
collaborazione con l’Accademia dei Catenati, e Sperimentale Teatro
A di Macerata organizza giovedì 17 settembre 2026 alle ore 17 la presentazione
del libro di Chiara Mutti:  “IL
PRINCIPIO DELL’ULTIMA LUCE”.





Introduce Angiola Maria Napolioni, 


Dialoga con l’autrice Allì Caracciolo 


Letture Matteo Canesin",,,,,,,,,http://media.beniculturali.it/mibac/files/boards/08912d9274a6dfdb6497f3e34dc132ed/2026/17.09.2026%20-%20BSMC%20-%20Intestazione.jpg
http://dati.beniculturali.it/mibact/eventi/resource/CulturalEvent/48374,GEP 2026,Visita Guidata,"﻿Nelle giornate di sabato 26 e domenica 27 settembre, la Fondazione Carlo Mangini promuove un percorso guidato nel cuore della Milano più antica, nell'edificio che l'imprenditore e collezionista Emilio Carlo Mangini acquistò nel 1978 con il figlio Giuseppe, per abitarlo ed esporvi le loro collezioni, facendone una raffinata Casa - Museo.In occasione delle GEP 2026, si programmano speciali aperture con visite guidate alla scoperta di alcuni dei circa 3.700 oggetti che compongono la raccolta, approfondendone storia, tecniche di realizzazione e materiali costitutivi, con uno specifico sguardo alle problematiche conservative. Per i visitatori sarà un’opportunità per comprendere più da vicino l’importanza e le regole della buona conservazione del patrimonio ed insieme la responsabilità di trasmetterlo correttamente alle generazioni future. In particolare, il Museo presenterà i primi risultati del piano di manutenzione programmata avviato in collaborazione col Centro Conservazione e Restauro “La Venaria Reale”.Luogo: Museo Mangini BonomiIndirizzo: Via dell'Ambrosiana n. 20Comune: MilanoProvincia: MI",,,,,,,,,
http://dati.beniculturali.it/mibact/eventi/resource/CulturalEvent/48375,visite guidate,Mostra,"In occasione delle Giornate Europee del Patrimonio
2026, la Soprintendenza ABAP di Verona, propone un programma di visite
guidate gratuite alla scoperta del cantiere di restauro della ex Caserma La Rocca, storica
struttura militare asburgica situata in piazza Ferdinando di Savoia all'interno
della Fortezza di Peschiera del Garda, riconosciuta sito UNESCO
nel 2017. Attualmente la caserma, che nella porzione della cosiddetta Rocchetta
custodisce anche i resti dell’antico castello scaligero, è oggetto di
importanti interventi di restauro e rifunzionalizzazione: in una parte del
complesso è prevista anche la nascita di un nuovo museo civico finanziato con
fondi regionali.Un'occasione speciale per conoscere la storia, le
caratteristiche e le curiosità di questo edificio che faceva parte del famoso
sistema difensivo del Quadrilatero austroungarico e che racchiude in sé la
storia di Peschiera. Le strutture medioevali del castello scaligero furono
infatti inglobate nella nuova cinta bastionata e trasformate già in epoca
veneziana, a partire dal XVI sec., per ospitare il centro logistico e il
vertice difensivo della piazzaforte, dove trovavano sede il cavaliere,
l’arsenale e la provianda. I due edifici dalla pianta a “L”, vennero nuovamente
trasformati e riammodernati nell’Ottocento, sia dai Francesi che dagli
Austriaci e adibiti a provianda ed ospedale militare uno, a magazzino per
deposito dell’artiglieria l’altro. La provianda era equipaggiata con 4 forni di
grande dimensione capaci di una produzione di circa 3.000 pagnotte al giorno;
insieme alla provianda di Verona, rappresentava la più importante struttura
della sussistenza austriaca nel Quadrilatero. Nel 1835 fu realizzata una
ghiacciaia che poteva produrre più di ottantamila chilogrammi di ghiaccio,
utilizzato sia per la conservazione del cibo, sia a scopo medico. Passato al
Regno di Italia, il complesso venne rinominato Caserma La Rocca e utilizzato
per produrre il pane necessario alle truppe al fronte durante la Prima Guerra
mondiale. Dal 2019, a seguito della sdemanializzazione, è proprietà privata: al
termine dei lavori di restauro, tuttavia, una parte degli spazi interni ed
esterni, in particolare quelli del futuro museo, della Rocchetta scaligera,
della corte d’armi e dei percorsi sulle mura, dopo secoli di servitù militari
diverranno fruibili al pubblico.&nbsp;Prenotazione obbligatoria su Evenbrite:&nbsp;https://www.eventbrite.it/e/1999756658999?aff=oddtdtcreatorOgni visita avrà una durata di circa 45 minuti
e sarà riservata a un gruppo di massimo 30 partecipanti.Vi aspettiamo per celebrare insieme le Giornate
Europee del Patrimonio 2026 e scoprire il cantiere di restauro della Caserma
La Rocca, attraverso un percorso guidato dedicato alla sua storia e alle
sue peculiarità.",,,,,,,,,
http://dati.beniculturali.it/mibact/eventi/resource/CulturalEvent/48378,"Farfisa, la fabbrica del suono",Visita Guidata,"In occasione
dei dieci anni dall’apertura dell’Esposizione Farfisa, una visita guidata
speciale alla scoperta della storia di una azienda che ha segnato
il territorio di Camerano e il mondo
della musica.Attraverso gli strumenti
e le testimonianze conservate nell’Esposizione, il percorso ripercorrel’evoluzione della Farfisa, dalle origini legate alla produzione di fisarmoniche allo sviluppo degli strumenti elettronici, seguendo i
cambiamenti della tecnologia, della musica e della società.





Un viaggio nella memoria di un patrimonio industriale
che, dopo la fine della produzione, ha trovato una nuova vita nell’Esposizione
Farfisa. A dieci anni dalla sua apertura, la visita diventa occasione per
riflettere sul valore
della conservazione e sulla possibilità di mantenere viva una storia,
rinnovandone i linguaggi e
trasmettendola alle nuove generazioni.",,,,,,,,,http://media.beniculturali.it/mibac/files/boards/283284ecc5849a4de7a01eef5a9f042a/luoghi%20della%20cultura%20non%20statali/esposizione-farfisa-50.png
http://dati.beniculturali.it/mibact/eventi/resource/CulturalEvent/48381,"IL CUSTODE DELLE TERRE DI MEZZO - Tra mare, colline e memoria perduta",Altro,"I visitatori sono
invitati a scoprire varie strutture museali situate in diversi comuni del
territorio ed in particolar modo: Cupra Marittima, Sant’Elpidio a Mare, Porto
San Giorgio e Fermo. Grazie ad un passaporto che verrà consegnato loro nella
prima tappa potranno accumulare timbri
che darà loro la possibilità di visitare gratuitamente Il Palazzo dei Priori a Fermo. Il Parco Archeologico Naturalistico ""Civita"" sabato
26 settembre e Domenica 27 settembre sarà aperto dalle 15.30 alle 18.30",,,,,,,,,http://media.beniculturali.it/mibac/files/boards/283284ecc5849a4de7a01eef5a9f042a/luoghi%20della%20cultura%20non%20statali/custode%20delle%20terre%20di%20mezzo.jpeg
http://dati.beniculturali.it/mibact/eventi/resource/CulturalEvent/48382,"IL CUSTODE DELLE TERRE DI MEZZO - Tra mare, colline e memoria perduta_Copia",Altro,"Il Parco ospiterà una sessione di laboratorio
teatrale in cui poter comprendere in prima persona la bellezza della
tragedia greca attraverso la potenza evocativa del gesto e della parola. Tenuto
dal Dott. Simone Amabili, drammaturgo e regista teatrale.",,,,,,,,,http://media.beniculturali.it/mibac/files/boards/283284ecc5849a4de7a01eef5a9f042a/luoghi%20della%20cultura%20non%20statali/Dal%20teatro%20alla%20scena.png
http://dati.beniculturali.it/mibact/eventi/resource/CulturalEvent/48383,"GEP 2026 | Visite guidate alle palafitte, laboratori, dimostrazioni dal vivo, esposizione di giochi antichi",Attività Didattica,"Vi aspettiamo dalle 10.00 alle 18.00 per visite guidate alle palafitte, alla scoperta della Preistoria del nostro territorio. Programma speciale in occasione delle GEP – Giornate Europee del Patrimonio (European Heritage Days) che quest'anno in Italia si terranno con tema “Proteggere il patrimonio. Rinnovare, resistere, reinventare”, con il coordinamento del Ministero della Cultura.PROGRAMMA DOMENICA 27 SETTEMBRE 202610.30-18.00 visite guidate alle palafitte costruite come nel Neolitico, nell’Età del Rame e del Bronzo.10.30-17.30 patrimonio da giocare: esposizione e creazione di giochi antichi con Ludendo Docere14.00-17.00 patrimonio da scoprire: lo scavo archeologico simulato (inizio alle ore 14.00, 15.00 e 16.00, durata 45 minuti circa) con gli archeologi del LiveletDurante tutto l’orario di apertura è possibile giocare nel parco giochi vista lago, rilassarsi nei giardini e scoprire l’ambiente dei laghi grazie a un percorso con pannelli naturalistici.Il Livelet è anche un ottimo punto di partenza per passeggiate nel Parco dei Laghi della Vallata.",,,,,,,,,
http://dati.beniculturali.it/mibact/eventi/resource/CulturalEvent/48384,ULIVETI DI CURA_ passeggiata patrimoniale immersiva tra memoria e benessere,Apertura Straordinaria,"Due passeggiate patrimoniali
immersive, in due uliveti storici, rispettivamente presso il Castello Santa
Margherita di Cori e Le Grotte di Velletri, costruite con il supporto di
storici dell’arte ed educatori al patrimonio culturale, per raccontare il
territorio con la prospettiva della terra e dei suoi uliveti storici.
Due itinerari tra ulivi giovani e centenari, concepiti come musei a cielo
aperto, intrecciano paesaggio, pratiche agricole, storia e cultura, con pannelli
didattici dedicati all’ulivo nell’arte, nella letteratura, nella poesia e
nella mitologia. Un’esperienza di scoperta, benessere e mediazione attiva, in
cui la terra diventa voce narrante e il patrimonio agricolo si fa valore
culturale diffuso.26 settembre CASTELLO
SANTA MARGHERITA CORI  27 settembre LE
GROTTE di VELLETRI",,,,,,,,,http://media.beniculturali.it/mibac/files/boards/eb7e237f5a3d59feafeffaa8cef2595d/GEP%20Uliveti.png
http://dati.beniculturali.it/mibact/eventi/resource/CulturalEvent/48386,Musei Reali di sera - GEP 2026,Apertura Straordinaria,Apertura straordinaria serale dei Musei Reali di Torino.,,,,,,,,,
http://dati.beniculturali.it/mibact/eventi/resource/CulturalEvent/48389,GEP 2026 | Visita guidata: Scopriamo il Doss Trento,Mostra,Scopriamo il Doss TrentoVisita guidataPasseggiata in compagnia di un’accompagnatrice di media montagna e di un’esperta dei Servizi Educativi per conoscere un luogo particolare della storia di Tridentum e scoprire le tracce della chiesa costruita tra il V e il VI sec.d.C. sulla sommità del Dosso. L’esperienza si concluderà all’interno del Museo Nazionale Storico degli Alpini dove è esposto il corredo di un giovane guerriero di età longobarda rinvenuto dei pressi del sito.26 settembre 2026ore 10:00 e ore 15:00Partecipazione gratuita.,,,,,,,,,
http://dati.beniculturali.it/mibact/eventi/resource/CulturalEvent/48390,Apertura straordinaria,Incontro/presentazione,"In occasione della Giornata
dedicata agli internati militari italiani, che dal 2025 si celebra ogni anno il
20 settembre per ricordare coloro che, dopo l’8 settembre del 1943, si
rifiutarono di aderire alla Repubblica sociale italiana e di collaborare con l’occupante
tedesco, subendo la prigionia, l’internamento e i lavori forzati in Germania, sabato
19 settembre 2026, alle ore 10.00, l’Archivio di Stato di Cremona (via Antica
Porta Tintoria, 2) organizza un incontro a più voci, arricchito da una
presentazione documentaria. L’iniziativa è organizzata in
collaborazione con l’Ente Scuola Edile Cremonese – C.P.T.",,,,,,,,,
http://dati.beniculturali.it/mibact/eventi/resource/CulturalEvent/48391,Sotto la superficie. Il restauro di un bassorilievo rinascimentale,Convegno/conferenza,"Sabato 19 settembre 2026 alle ore 15:30, presso Palazzo Viale a Cervo, sarà presentato al pubblico il restauro del bassorilievo in stucco policromo raffigurante la Madonna con Bambino e San Giovannino, attribuito alla bottega di Benedetto da Maiano.



L’iniziativa, promossa dalla Soprintendenza Archeologia, Belle Arti e Paesaggio per la Liguria in collaborazione con il Comune di Cervo nell’ambiro del piano di Valorizzazione 2026, rappresenta l’occasione per ripercorrere il percorso di scoperta, studio, valorizzazione e restauro di un’opera di particolare interesse storico e artistico.



L’incontro illustrerà le indagini che hanno consentito una più approfondita conoscenza del manufatto, le ricerche storico-artistiche che ne hanno chiarito il contesto culturale e l’intervento conservativo che ne ha garantito la tutela e la restituzione alla fruizione pubblica.Aprirà i lavori Natalina Cha, Sindaca del Comune di Cervo, con un intervento dedicato al percorso che ha portato il bassorilievo da Palazzo Morchio all’attuale valorizzazione. Seguirà Federica Podestà (In-Lab Uffici Creativi), che illustrerà la storia di Palazzo Viale e il significato della nuova collocazione dell’opera all’interno del museo.



L’approfondimento storico-artistico sarà affidato a Francesca De Cupis, Funzionaria Storica dell’Arte della SABAP Liguria, che presenterà il bassorilievo nel contesto della scultura del Rinascimento toscano, soffermandosi sulle ragioni che hanno condotto all’attribuzione dell’opera alla bottega di Benedetto da Maiano.



Concluderà l’incontro Martina Avogadro, Funzionaria Restauratrice Conservatrice della SABAP Liguria, illustrando le fasi del restauro, le indagini diagnostiche eseguite e i risultati emersi durante l’intervento conservativo.Al termine della conferenza, dalle ore 17.30, il museo sarà inoltre aperto a tutti i visitatori, senza obbligo di prenotazione, per consentire la visione ravvicinata dell’opera restaurata.",,,,,,,,,http://media.beniculturali.it/mibac/files/boards/47432187a434e5af0c552b25671fdbfb/PIANO%20VALORIZZAZIONE%202026/IMG_8508.jpeg
http://dati.beniculturali.it/mibact/eventi/resource/CulturalEvent/48392,GEP 2026 | Visita guidata: Scopriamo il Doss Trento_Copia,Visita Guidata,"A partire dal 7 settembre, riprenderanno le indagini archeologiche nei due importanti siti protostorici del Polesine di Frattesina e Villamarzana, grazie al rinnovo del progetto ""헣헿헶헺헮 험혂헿헼헽헮"", nell’ambito del più ampio programma “헔헿헰헵헲헼헣헼. 헔헿헰헵헲헼헹헼헴헶헮 헶헻 헣헼헹헲혀헶헻헲”, finanziato dalla Fondazione Cariparo e coordinato dalla Soprintendenza archeologia belle arti e paesaggio di Verona Rovigo Vicenza.Le nuove campagne di ricerca hanno l’obiettivo di approfondire la conoscenza di questi grandi villaggi, che tra la tarda Età del Bronzo e l’inizio della prima Età del Ferro (XIII-IX sec. a.C.) rappresentarono importanti centri di popolamento, produzione e scambio. Attraverso lo scavo archeologico sarà possibile ricostruire progressivamente non soltanto l’organizzazione degli abitati, ma anche aspetti concreti della vita quotidiana: gli spazi domestici e produttivi, le attività artigianali, le modalità di approvvigionamento e lavorazione delle materie prime, i rapporti commerciali e le relazioni con altri territori.Come negli anni passati, a Frattesina di Fratta Polesine le indagini archeologiche saranno dirette dal Dipartimento di Scienze dell’Antichità di Sapienza Università di Roma in collaborazione con il Cpssae Rovigo, a cui quest’anno si è aggiunto l’Istituto Italiano di Preistoria e Protostoria, mentre a Villamarzana la ricerca sarà portata avanti dal Dipartimento dei Beni Culturali - Università di Padova Protostoria Unipd. Le attività sul campo permetteranno di proseguire il lavoro di ricerca e di confrontare le evidenze provenienti dai due siti, contribuendo a delineare un quadro sempre più organico e articolato delle comunità che, oltre 3000 anni fa, vivevano in questo territorio.Per vedere da vicino le attività di scavo e conoscere le novità aggiornate delle ricerche, dopo il grande successo degli scorsi anni tornano le visite guidate nei due siti archeologici di Frattesina e Villamarzana.Saranno quattro gli appuntamenti organizzati in collaborazione con il Museo Archeologico Nazionale di Fratta Polesine. Le iniziative offriranno ai visitatori la possibilità di raggiungere i cantieri archeologici e visitare gli scavi accompagnati dagli archeologi responsabili e, per chi non ne avesse ancora avuto la possibilità, si potrà visitare il Museo, per conoscere anche le testimonianze provenienti dagli scavi meno recenti.Questi, nel dettaglio, tutti gli appuntamenti da segnare in agenda e non perdere:ퟭퟭ 혀헲혁혁헲헺헯헿헲 헵. ퟭퟬ:ퟯퟬ. 헦헰헮혃헶 헮헽헲헿혁헶 헮 헙헿헮혁혁헲혀헶헻헮 di Fratta Polesine e visita al Museo archeologico nazionale di Fratta Polesine. Questo primo appuntamento organizzato nell’ambito del 헙헲혀혁헶혃헮헹 헔헱헿헶헸헮̀ in collaborazione con il Circolo del Cinema di Adria e il Museo Archeologico Nazionale di Adria;ퟭퟳ 헲 ퟮퟰ 혀헲혁혁헲헺헯헿헲 헵. ퟭퟰ. 헦헰헮혃헶 헮헽헲헿혁헶 헮 헩헶헹헹헮헺헮헿혇헮헻헮 e visita al Museo archeologico nazionale di Fratta Polesine e al laboratorio materiali allestito nel centro di Villamarzana;ퟮ 헼혁혁헼헯헿헲 헵. ퟭퟱ:ퟯퟬ.  헦헰헮혃헶 헮헽헲헿혁헶 헮 헙헿헮혁혁헲혀헶헻헮 di Fratta Polesine e visita al Museo archeologico nazionale di Fratta Polesine.헟헮 헽헮헿혁헲헰헶헽헮혇헶헼헻헲 헮헴헹헶 혀헰헮혃헶 헮헽헲헿혁헶 헲̀ 헴헿헮혁혂헶혁헮 헰헼헻 헽헿헲헻헼혁헮혇헶헼헻헲 헼헯헯헹헶헴헮혁헼헿헶헮. Per maggiori informazioni e prenotazioni per gli eventi in programma è possibile contattare il museo archeologico nazionale di Fratta Polesine al numero telefonico 0425 668523 o tramite e-mail all’indirizzo drm-ven.museofratta@cultura.gov.it.Solo per gli scavi aperti dell’11 settembre, invece, è necessario scrivere all’indirizzo drm-ven.museoadria@cultura.gov.itUn ulteriore appuntamento con i protagonisti delle ricerche è previsto, sempre al Museo archeologico nazionale di Fratta Polesine, il ퟮퟲ 혀헲혁혁헲헺헯헿헲, in occasione delle 헚헶헼헿헻헮혁헲 험혂헿헼헽헲헲 헱헲헹 헣헮혁헿헶헺헼헻헶헼. Nel corso della serata saranno presentati alcuni nuovi strumenti dedicati alla mediazione culturale e realizzati migliorare la fruizione museale, in particolare comprendere meglio i risultati delle ultime ricerche.Tra le novità che saranno presentate, un video ricostruttivo del villaggio di Frattesina, pensato per restituire al pubblico l'immagine e l'organizzazione dell’insediamento antico, insieme a una serie di brevi video dedicati alle principali produzioni artigianali del villaggio, per illustrare e rendere comprensibili le relative catene operative. Saranno inoltre presentate copie tattili di oggetti provenienti dal sito di Villamarzana, realizzate per favorire una fruizione più ampia e inclusiva del patrimonio archeologico.La presentazione dei nuovi strumenti rappresenta un ulteriore passo nel percorso di valorizzazione avviato con “Prima Europa”: dalla ricerca sul campo alla restituzione dei risultati, l’obiettivo è quello di rendere sempre più accessibili e comprensibili le testimonianze di queste antiche comunità e permettere a un pubblico più ampio di avvicinarsi alla più remota storia del territorio.La ripresa degli scavi e il programma di iniziative pubbliche confermano così la volontà di fare dell’archeologia non soltanto un’attività di ricerca, ma anche un’occasione di incontro e partecipazione, creando un dialogo diretto tra archeologi, istituzioni, comunità locali e visitatori.Per informazioni sugli eventi:drm-ven.museofratta@cultura.gov.itN.B. Gli spostamenti dal Museo archeologico nazionale di Fratta Polesine agli scavi avverranno con mezzi propri.",,,,,,,,,http://media.beniculturali.it/mibac/files/boards/3866906f1017fc6aa15df7f749c01fec/2026_FRATTA/Frattesina1.jpg
http://dati.beniculturali.it/mibact/eventi/resource/CulturalEvent/48393,"Lavinium ri-nasce: storie, miti e tradizioni in scena",evento solo on site,"In occasione
delle Giornate Europee del Patrimonio, il Museo Civico Archeologico Lavinium
propone un weekend dedicato all'epica classica e alle tradizioni del
territorio. Sabato 26 settembre, alle ore 18:00, si terrà lo spettacolo
""La caduta di Troia"", un racconto per immagini curato da Titta
Ceccano (Matutateatro). L'evento propone una rilettura originale del secondo
libro dell'Eneide strutturata come uno storyboard cinematografico, dove il mito
prende vita intrecciando cinema, pittura, scultura e architettura in un
linguaggio contemporaneo. L'ingresso è gratuito con prenotazione obbligatoria,
fino a esaurimento posti.&nbsp; A seguire ci
sarà una visita guidata tematica “Enea viaggio di un eroe” con prenotazione
obbligatoria. 

Domenica 27 settembre,
alle ore 17:00, farà seguito il laboratorio esperienziale per bambini dai 3 ai
10 anni ""Pigia, schiaccia e scopri!"". Un'attività ludica e sensoriale
incentrata sui gesti della vendemmia, pensata per far riscoprire ai più piccoli
l'importanza degli antichi riti agricoli e il loro legame con la storia locale.
Il costo è di 5,00 € a bambino, con prenotazione obbligatoria.",,,,,,,,,http://media.beniculturali.it/mibac/files/boards/eb7e237f5a3d59feafeffaa8cef2595d/GEP%202026/GEP%20Lavinium.jpg
http://dati.beniculturali.it/mibact/eventi/resource/CulturalEvent/48394,Una stanza per la regina influencer - attività famiglie,Attività Didattica,"Alle ore 15.00, in occasione delle Giornate Europee del Patrimonio 2026, i Musei Reali di Torino propongono un'attività per famiglie, compresa nel biglietto d'ingresso, dedicata alla Regina Margherita.Nata a Torino più di centocinquanta anni fa, Margherita amava studiare le lingue, ascoltare la musica e leggere molti libri.La prima regina d’Italia adorava viaggiare, guidava l’automobile e scalava le montagne. Tra mille impegni, si riposava nel suo appartamento, al primo piano di Palazzo Reale: volete visitarlo con noi?Al percorso seguirà il laboratorio.Attività consigliata dai 6 agli 12 anni.",,,,,,,,,
http://dati.beniculturali.it/mibact/eventi/resource/CulturalEvent/48395,"GEP 2026 | Chi cerca trova! Argilla, ma che bel materiale!",Attività Didattica,"Chi cerca trova! Argilla, ma che bel materiale!Laboratorio27 settembre 2026ore 15.00Un’esperienza immersiva nel pozzo del tempo tra narrazione, scoperta e attività pratiche. Attraverso la lettura di un racconto e una ricerca nelle sale del museo, il passato prende vita. I partecipanti si trasformeranno in veri esploratori alla ricerca dei reperti citati nella storia. Seguirà un laboratorio creativo per cimentarsi nella lavorazione dell’argilla.Partecipazione inclusa nell'ingresso al museo: 4 euro, ridotto 3 euro, gratuito fino ai 14 anniPrenotazione obbligatoria entro le ore 13 del giorno dell'iniziativa",,,,,,,,,http://media.beniculturali.it/mibac/files/boards/3866906f1017fc6aa15df7f749c01fec/GEP%202023%20DRMV/Argilla%20ma%20che%20bel%20materiale%20Museo%20Retico%20foto%20L.%20Moser_Archivio%20Ufficio%20beni%20archeologici%20PAT.JPG
http://dati.beniculturali.it/mibact/eventi/resource/CulturalEvent/48396,"GEP 2026 | Chi cerca trova! Argilla, ma che bel materiale!_Copia",Visita Guidata,"I Reti e le antiche genti della Val di Non LaboratorioVisita guidata27 settembre 2026ore 17.00Visita guidata per scoprire attraverso un suggestivo viaggio nel pozzo del tempo curiosità sul misterioso popolo dei Reti che viveva in Val di Non fino all’avvento dei Romani. Partecipazione inclusa nell'ingresso al museo: 4 euro, ridotto 3 euro, gratuito fino ai 14 anniPrenotazione obbligatoria entro le ore 13 del giorno dell'iniziativa",,,,,,,,,http://media.beniculturali.it/mibac/files/boards/3866906f1017fc6aa15df7f749c01fec/I%20reti%20e%20le%20antiche%20genti_Museo%20Retico_Archivio%20Ufficio%20beni%20archeologici%20Provincia%20autonoma%20Trento.JPG
http://dati.beniculturali.it/mibact/eventi/resource/CulturalEvent/48398,A Palazzo con Carlo Alberto - attività famiglie,Attività Didattica,"Alle ore 11.00, presentazione e sperimentazione del nuovo Family Kit per la visita in autonomia del Palazzo Reale di Torino: sarà un onore conoscere Sua Maestà nella sua reggia!  Attività compresa nel biglietto d'ingresso, consigliata dai 4 agli 11 anni.",,,,,,,,,
http://dati.beniculturali.it/mibact/eventi/resource/CulturalEvent/48399,GEP 2026 | Visita guidata: Scopriamo il Doss Trento_Copia_Copia_Copia,Visita Guidata,"A partire dal 7 settembre, riprenderanno le indagini archeologiche nei due importanti siti protostorici del Polesine di Frattesina e Villamarzana, grazie al rinnovo del progetto ""헣헿헶헺헮 험혂헿헼헽헮"", nell’ambito del più ampio programma “헔헿헰헵헲헼헣헼. 헔헿헰헵헲헼헹헼헴헶헮 헶헻 헣헼헹헲혀헶헻헲”, finanziato dalla Fondazione Cariparo e coordinato dalla Soprintendenza archeologia belle arti e paesaggio di Verona Rovigo Vicenza.Le nuove campagne di ricerca hanno l’obiettivo di approfondire la conoscenza di questi grandi villaggi, che tra la tarda Età del Bronzo e l’inizio della prima Età del Ferro (XIII-IX sec. a.C.) rappresentarono importanti centri di popolamento, produzione e scambio. Attraverso lo scavo archeologico sarà possibile ricostruire progressivamente non soltanto l’organizzazione degli abitati, ma anche aspetti concreti della vita quotidiana: gli spazi domestici e produttivi, le attività artigianali, le modalità di approvvigionamento e lavorazione delle materie prime, i rapporti commerciali e le relazioni con altri territori.Come negli anni passati, a Frattesina di Fratta Polesine le indagini archeologiche saranno dirette dal Dipartimento di Scienze dell’Antichità di Sapienza Università di Roma in collaborazione con il Cpssae Rovigo, a cui quest’anno si è aggiunto l’Istituto Italiano di Preistoria e Protostoria, mentre a Villamarzana la ricerca sarà portata avanti dal Dipartimento dei Beni Culturali - Università di Padova Protostoria Unipd. Le attività sul campo permetteranno di proseguire il lavoro di ricerca e di confrontare le evidenze provenienti dai due siti, contribuendo a delineare un quadro sempre più organico e articolato delle comunità che, oltre 3000 anni fa, vivevano in questo territorio.Per vedere da vicino le attività di scavo e conoscere le novità aggiornate delle ricerche, dopo il grande successo degli scorsi anni tornano le visite guidate nei due siti archeologici di Frattesina e Villamarzana.Saranno quattro gli appuntamenti organizzati in collaborazione con il Museo Archeologico Nazionale di Fratta Polesine. Le iniziative offriranno ai visitatori la possibilità di raggiungere i cantieri archeologici e visitare gli scavi accompagnati dagli archeologi responsabili e, per chi non ne avesse ancora avuto la possibilità, si potrà visitare il Museo, per conoscere anche le testimonianze provenienti dagli scavi meno recenti.Questi, nel dettaglio, tutti gli appuntamenti da segnare in agenda e non perdere:ퟭퟭ 혀헲혁혁헲헺헯헿헲 헵. ퟭퟬ:ퟯퟬ. 헦헰헮혃헶 헮헽헲헿혁헶 헮 헙헿헮혁혁헲혀헶헻헮 di Fratta Polesine e visita al Museo archeologico nazionale di Fratta Polesine. Questo primo appuntamento organizzato nell’ambito del 헙헲혀혁헶혃헮헹 헔헱헿헶헸헮̀ in collaborazione con il Circolo del Cinema di Adria e il Museo Archeologico Nazionale di Adria;ퟭퟳ 헲 ퟮퟰ 혀헲혁혁헲헺헯헿헲 헵. ퟭퟰ. 헦헰헮혃헶 헮헽헲헿혁헶 헮 헩헶헹헹헮헺헮헿혇헮헻헮 e visita al Museo archeologico nazionale di Fratta Polesine e al laboratorio materiali allestito nel centro di Villamarzana;ퟮ 헼혁혁헼헯헿헲 헵. ퟭퟱ:ퟯퟬ.  헦헰헮혃헶 헮헽헲헿혁헶 헮 헙헿헮혁혁헲혀헶헻헮 di Fratta Polesine e visita al Museo archeologico nazionale di Fratta Polesine.헟헮 헽헮헿혁헲헰헶헽헮혇헶헼헻헲 헮헴헹헶 혀헰헮혃헶 헮헽헲헿혁헶 헲̀ 헴헿헮혁혂헶혁헮 헰헼헻 헽헿헲헻헼혁헮혇헶헼헻헲 헼헯헯헹헶헴헮혁헼헿헶헮. Per maggiori informazioni e prenotazioni per gli eventi in programma è possibile contattare il museo archeologico nazionale di Fratta Polesine al numero telefonico 0425 668523 o tramite e-mail all’indirizzo drm-ven.museofratta@cultura.gov.it.Solo per gli scavi aperti dell’11 settembre, invece, è necessario scrivere all’indirizzo drm-ven.museoadria@cultura.gov.itUn ulteriore appuntamento con i protagonisti delle ricerche è previsto, sempre al Museo archeologico nazionale di Fratta Polesine, il ퟮퟲ 혀헲혁혁헲헺헯헿헲, in occasione delle 헚헶헼헿헻헮혁헲 험혂헿헼헽헲헲 헱헲헹 헣헮혁헿헶헺헼헻헶헼. Nel corso della serata saranno presentati alcuni nuovi strumenti dedicati alla mediazione culturale e realizzati migliorare la fruizione museale, in particolare comprendere meglio i risultati delle ultime ricerche.Tra le novità che saranno presentate, un video ricostruttivo del villaggio di Frattesina, pensato per restituire al pubblico l'immagine e l'organizzazione dell’insediamento antico, insieme a una serie di brevi video dedicati alle principali produzioni artigianali del villaggio, per illustrare e rendere comprensibili le relative catene operative. Saranno inoltre presentate copie tattili di oggetti provenienti dal sito di Villamarzana, realizzate per favorire una fruizione più ampia e inclusiva del patrimonio archeologico.La presentazione dei nuovi strumenti rappresenta un ulteriore passo nel percorso di valorizzazione avviato con “Prima Europa”: dalla ricerca sul campo alla restituzione dei risultati, l’obiettivo è quello di rendere sempre più accessibili e comprensibili le testimonianze di queste antiche comunità e permettere a un pubblico più ampio di avvicinarsi alla più remota storia del territorio.La ripresa degli scavi e il programma di iniziative pubbliche confermano così la volontà di fare dell’archeologia non soltanto un’attività di ricerca, ma anche un’occasione di incontro e partecipazione, creando un dialogo diretto tra archeologi, istituzioni, comunità locali e visitatori.Per informazioni sugli eventi:drm-ven.museofratta@cultura.gov.itN.B. Gli spostamenti dal Museo archeologico nazionale di Fratta Polesine agli scavi avverranno con mezzi propri.",,,,,,,,,http://media.beniculturali.it/mibac/files/boards/3866906f1017fc6aa15df7f749c01fec/2026_FRATTA/Villamarzana1.jpg
http://dati.beniculturali.it/mibact/eventi/resource/CulturalEvent/48400,GEP 2026 | Visita guidata: Scopriamo il Doss Trento_Copia_Copia_Copia_Copia,Visita Guidata,"A partire dal 7 settembre, riprenderanno le indagini archeologiche nei due importanti siti protostorici del Polesine di Frattesina e Villamarzana, grazie al rinnovo del progetto ""헣헿헶헺헮 험혂헿헼헽헮"", nell’ambito del più ampio programma “헔헿헰헵헲헼헣헼. 헔헿헰헵헲헼헹헼헴헶헮 헶헻 헣헼헹헲혀헶헻헲”, finanziato dalla Fondazione Cariparo e coordinato dalla Soprintendenza archeologia belle arti e paesaggio di Verona Rovigo Vicenza.Le nuove campagne di ricerca hanno l’obiettivo di approfondire la conoscenza di questi grandi villaggi, che tra la tarda Età del Bronzo e l’inizio della prima Età del Ferro (XIII-IX sec. a.C.) rappresentarono importanti centri di popolamento, produzione e scambio. Attraverso lo scavo archeologico sarà possibile ricostruire progressivamente non soltanto l’organizzazione degli abitati, ma anche aspetti concreti della vita quotidiana: gli spazi domestici e produttivi, le attività artigianali, le modalità di approvvigionamento e lavorazione delle materie prime, i rapporti commerciali e le relazioni con altri territori.Come negli anni passati, a Frattesina di Fratta Polesine le indagini archeologiche saranno dirette dal Dipartimento di Scienze dell’Antichità di Sapienza Università di Roma in collaborazione con il Cpssae Rovigo, a cui quest’anno si è aggiunto l’Istituto Italiano di Preistoria e Protostoria, mentre a Villamarzana la ricerca sarà portata avanti dal Dipartimento dei Beni Culturali - Università di Padova Protostoria Unipd. Le attività sul campo permetteranno di proseguire il lavoro di ricerca e di confrontare le evidenze provenienti dai due siti, contribuendo a delineare un quadro sempre più organico e articolato delle comunità che, oltre 3000 anni fa, vivevano in questo territorio.Per vedere da vicino le attività di scavo e conoscere le novità aggiornate delle ricerche, dopo il grande successo degli scorsi anni tornano le visite guidate nei due siti archeologici di Frattesina e Villamarzana.Saranno quattro gli appuntamenti organizzati in collaborazione con il Museo Archeologico Nazionale di Fratta Polesine. Le iniziative offriranno ai visitatori la possibilità di raggiungere i cantieri archeologici e visitare gli scavi accompagnati dagli archeologi responsabili e, per chi non ne avesse ancora avuto la possibilità, si potrà visitare il Museo, per conoscere anche le testimonianze provenienti dagli scavi meno recenti.Questi, nel dettaglio, tutti gli appuntamenti da segnare in agenda e non perdere:ퟭퟭ 혀헲혁혁헲헺헯헿헲 헵. ퟭퟬ:ퟯퟬ. 헦헰헮혃헶 헮헽헲헿혁헶 헮 헙헿헮혁혁헲혀헶헻헮 di Fratta Polesine e visita al Museo archeologico nazionale di Fratta Polesine. Questo primo appuntamento organizzato nell’ambito del 헙헲혀혁헶혃헮헹 헔헱헿헶헸헮̀ in collaborazione con il Circolo del Cinema di Adria e il Museo Archeologico Nazionale di Adria;ퟭퟳ 헲 ퟮퟰ 혀헲혁혁헲헺헯헿헲 헵. ퟭퟰ. 헦헰헮혃헶 헮헽헲헿혁헶 헮 헩헶헹헹헮헺헮헿혇헮헻헮 e visita al Museo archeologico nazionale di Fratta Polesine e al laboratorio materiali allestito nel centro di Villamarzana;ퟮ 헼혁혁헼헯헿헲 헵. ퟭퟱ:ퟯퟬ.  헦헰헮혃헶 헮헽헲헿혁헶 헮 헙헿헮혁혁헲혀헶헻헮 di Fratta Polesine e visita al Museo archeologico nazionale di Fratta Polesine.헟헮 헽헮헿혁헲헰헶헽헮혇헶헼헻헲 헮헴헹헶 혀헰헮혃헶 헮헽헲헿혁헶 헲̀ 헴헿헮혁혂헶혁헮 헰헼헻 헽헿헲헻헼혁헮혇헶헼헻헲 헼헯헯헹헶헴헮혁헼헿헶헮. Per maggiori informazioni e prenotazioni per gli eventi in programma è possibile contattare il museo archeologico nazionale di Fratta Polesine al numero telefonico 0425 668523 o tramite e-mail all’indirizzo drm-ven.museofratta@cultura.gov.it.Solo per gli scavi aperti dell’11 settembre, invece, è necessario scrivere all’indirizzo drm-ven.museoadria@cultura.gov.itUn ulteriore appuntamento con i protagonisti delle ricerche è previsto, sempre al Museo archeologico nazionale di Fratta Polesine, il ퟮퟲ 혀헲혁혁헲헺헯헿헲, in occasione delle 헚헶헼헿헻헮혁헲 험혂헿헼헽헲헲 헱헲헹 헣헮혁헿헶헺헼헻헶헼. Nel corso della serata saranno presentati alcuni nuovi strumenti dedicati alla mediazione culturale e realizzati migliorare la fruizione museale, in particolare comprendere meglio i risultati delle ultime ricerche.Tra le novità che saranno presentate, un video ricostruttivo del villaggio di Frattesina, pensato per restituire al pubblico l'immagine e l'organizzazione dell’insediamento antico, insieme a una serie di brevi video dedicati alle principali produzioni artigianali del villaggio, per illustrare e rendere comprensibili le relative catene operative. Saranno inoltre presentate copie tattili di oggetti provenienti dal sito di Villamarzana, realizzate per favorire una fruizione più ampia e inclusiva del patrimonio archeologico.La presentazione dei nuovi strumenti rappresenta un ulteriore passo nel percorso di valorizzazione avviato con “Prima Europa”: dalla ricerca sul campo alla restituzione dei risultati, l’obiettivo è quello di rendere sempre più accessibili e comprensibili le testimonianze di queste antiche comunità e permettere a un pubblico più ampio di avvicinarsi alla più remota storia del territorio.La ripresa degli scavi e il programma di iniziative pubbliche confermano così la volontà di fare dell’archeologia non soltanto un’attività di ricerca, ma anche un’occasione di incontro e partecipazione, creando un dialogo diretto tra archeologi, istituzioni, comunità locali e visitatori.Per informazioni sugli eventi:drm-ven.museofratta@cultura.gov.itN.B. Gli spostamenti dal Museo archeologico nazionale di Fratta Polesine agli scavi avverranno con mezzi propri.",,,,,,,,,http://media.beniculturali.it/mibac/files/boards/3866906f1017fc6aa15df7f749c01fec/2026_FRATTA/Villamarzana2.jpg
http://dati.beniculturali.it/mibact/eventi/resource/CulturalEvent/48401,Facce da Medaglia - attività famiglie,Attività Didattica,"Alle ore 15.00, attività compresa nel biglietto d'ingresso, consigliata dai 5 ai 11 anni.Monete e medaglie possono raccontare storie di donne, personaggi e curiosità.Dopo aver scoperto alcuni dei volti e delle storie della mostra Il volto delle Donne, proviamo a creare la nostra personale medaglia, con un volto speciale da portare con noi.",,,,,,,,,
http://dati.beniculturali.it/mibact/eventi/resource/CulturalEvent/48402,GEP 2026 | Visita guidata: Scopriamo il Doss Trento_Copia_Copia_Copia_Copia_Copia,Apertura Straordinaria,"Un ulteriore appuntamento con i protagonisti delle ricerche è previsto, sempre al Museo archeologico nazionale di Fratta Polesine, il ퟮퟲ 혀헲혁혁헲헺헯헿헲, in occasione delle 헚헶헼헿헻헮혁헲 험혂헿헼헽헲헲 헱헲헹 헣헮혁헿헶헺헼헻헶헼. Nel corso della serata saranno presentati alcuni nuovi strumenti dedicati alla mediazione culturale e realizzati migliorare la fruizione museale, in particolare comprendere meglio i risultati delle ultime ricerche.Tra le novità che saranno presentate, un video ricostruttivo del villaggio di Frattesina, pensato per restituire al pubblico l'immagine e l'organizzazione dell’insediamento antico, insieme a una serie di brevi video dedicati alle principali produzioni artigianali del villaggio, per illustrare e rendere comprensibili le relative catene operative. Saranno inoltre presentate copie tattili di oggetti provenienti dal sito di Villamarzana, realizzate per favorire una fruizione più ampia e inclusiva del patrimonio archeologico.La presentazione dei nuovi strumenti rappresenta un ulteriore passo nel percorso di valorizzazione avviato con “Prima Europa”: dalla ricerca sul campo alla restituzione dei risultati, l’obiettivo è quello di rendere sempre più accessibili e comprensibili le testimonianze di queste antiche comunità e permettere a un pubblico più ampio di avvicinarsi alla più remota storia del territorio.La ripresa degli scavi e il programma di iniziative pubbliche confermano così la volontà di fare dell’archeologia non soltanto un’attività di ricerca, ma anche un’occasione di incontro e partecipazione, creando un dialogo diretto tra archeologi, istituzioni, comunità locali e visitatori.Per informazioni sugli eventi:drm-ven.museofratta@cultura.gov.it",,,,,,,,,http://media.beniculturali.it/mibac/files/boards/3866906f1017fc6aa15df7f749c01fec/2026_FRATTA/Giornate%20archeo%20Frattesina%2026.png
http://dati.beniculturali.it/mibact/eventi/resource/CulturalEvent/48403,GEP 2026 | Un giorno in palafitta: visita partecipata,Visita Guidata,"Un giorno in palafitta Visita partecipata27 settembre 2026, ore 14:30Visita guidata partecipata per scoprire la vita quotidiana del villaggio palafitticolo di Fiavé di 3500 anni fa.",,,,,,,,,
http://dati.beniculturali.it/mibact/eventi/resource/CulturalEvent/48404,#GEP2026 Scoprire il Museo Primo Conti: apertura straordinaria con visita libera,Visita Libera,"Apertura
straordinaria del Museo Primo Conti in occasione delle Giornate Europee del Patrimonio 2026. Visita libera al Museo, al parco
di Villa Le Coste, sede della Fondazione Primo Conti e alla Cappella",,,,,,,,,http://media.beniculturali.it/mibac/files/boards/1ede46002306283284d6cfccab580e47/GEP%202026/Fondazione%20Primo%20Conti.png
http://dati.beniculturali.it/mibact/eventi/resource/CulturalEvent/48405,GEP 2026 – L’area archeologica di Cavallino. Dall’abbandono e dalla lottizzazione dei terreni all’acquisizione e alla fruizione pubblica,Visita Guidata,"Sabato 26 settembre 2026, dalle 10.30 alle 12.30Il Museo Diffuso di Cavallino è uno degli otto Musei da cui è composto il Sistema Museale d’Ateneo (SMA)
dell’Università del Salento. È stato realizzato e inaugurato nel 2003 sull’area di un importante insediamento
messapico, individuato nella seconda metà dell’800, sottoposto a numerose indagini archeologiche che ne hanno
evidenziata la grande rilevanza. Fa parte della Rete Museale Salento.
In occasione delle GEP 2026 il MUSEO organizza una visita guidata dal titolo “L’area archeologica di
Cavallino. Dall’abbandono e dalla lottizzazione dei terreni all’acquisizione e alla fruizione pubblica”. Il
tema di quest’anno (Proteggere il Patrimonio. Rinnovare, Resistere, Reinventare) è perfetto per dimostrare come
da un’area in forte degrado e ormai avviata verso la distruzione si possa arrivare ad una realtà dove un Bene
Culturale sia fatto proprio dai cittadini tramite un lungo lavoro fatto con le Amministrazioni locali e le Comunità
che abitano nel territorio. Durante il percorso i visitatori, guidati dal Direttore del Museo (dott. Corrado Notario),
scopriranno come dal lavoro di archeologi, storici e ricercatori si possa ricostruire il passato e la vita delle
popolazioni che hanno abitato il nostro territorio e che ancora oggi fanno parte del nostro vivere quotidiano. Il
percorso di visita sarà incentrato sulla storia delle ricerche nell’area; da come si sia passati da un’area in stato di
abbandono e ormai lottizzata per la costruzione di case di abitazione alla realtà attuale del Museo Diffuso,
tramite l’imposizione del Vincolo Archeologico, l’acquisizione dei terreni a proprietà pubblica da parte di vari Enti
(Comuni, Unione di Comuni, Università) e l’apertura alla fruizione pubblica del Museo. Si potrà inoltre scoprire
3
come la Protezione Attiva da parte della Comunità che vive nel territorio svolga un ruolo cruciale nel mantenere
vivo il Patrimonio Culturale e contribuisca al suo mantenimento per le generazioni future.Per prenotazioni telefoniche: dal lunedì al venerdì
dalle ore 9,00 alle ore 18,00",,,,,,,,,
http://dati.beniculturali.it/mibact/eventi/resource/CulturalEvent/48406,"GEP 2026 | Este Destruens, Este Construens – visita guidata tematica alle torri del complesso",Visita Guidata,"ESTE DESTRUENS, ESTE CONSTRUENSvisita guidata tematica alle torri del complesso domenica 27 settembre 2026 ore 11.00 e ore 16.00Il progetto interpreta il Castello come un organismo vivo, capace di trasformarsi nel tempo e di custodire, nelle sue architetture e nelle sue stratificazioni, la memoria delle vicende che lo hanno attraversato. Distruzione e costruzione non sono considerate come momenti opposti, ma come parti di un unico processo di trasformazione, in cui ciò che scompare lascia spazio a nuove forme e nuovi significati. Attraverso le Torri del Castello Carrarese, Este Destruens, Este Construens invita a riflettere sul rapporto tra memoria e cambiamento, tra perdita e rinascita. Un percorso che guarda all’architettura come materia in costante divenire, capace di raccontare il passato ma, allo stesso tempo, di reinventarsi nel presente. In questa prospettiva, ogni trasformazione diventa una forma di memoria e ogni ricostruzione un nuovo atto di vita.",,,,,,,,,
http://dati.beniculturali.it/mibact/eventi/resource/CulturalEvent/48407,GEP 2026 | Acqua e Memoria: il patrimonio che scompare – visita guidata con l’esperto,Visita Guidata,"ESTE DESTRUENS, ESTE CONSTRUENSvisita guidata tematica alle torri del complesso&nbsp;domenica 27 settembre 2026&nbsp;ore 16.00il Museo della Navigazione di Battaglia Terme propone un percorso speciale dedicato alla salvaguardia del patrimonio storico, culturale e ambientale. L’iniziativa intreccia storia, natura e tradizione fluviale, invitando i partecipanti a conoscere da vicino la vita dei barcari, gli strumenti e le imbarcazioni tradizionali, e ad approfondire il ruolo che i canali e le vie d’acqua hanno avuto nello sviluppo del territorio. Un patrimonio materiale e immateriale fragile, oggi esposto a rischi di abbandono, trasformazione e perdita della memoria. Il percorso vedrà la partecipazione del Circolo Remiero “El Bisato” ASD, con un intervento dedicato alla sensibilizzazione sull’ambiente e alla tutela delle acque. Esperienze pratiche e momenti di confronto permetteranno di riscoprire anche antiche pratiche di navigazione e di relazione con il fiume.",,,,,,,,,
http://dati.beniculturali.it/mibact/eventi/resource/CulturalEvent/48408,"#GEP2026 Centenario di Turandot, visita al restauro del villino di Viareggio, apertura straordinaria con visite guidate gratuite",Visita Guidata,"In occasione delle Giornate Europee del Patrimonio, visita guidata gratuita di circa 45 minuti all'unico edificio che Puccini abbia costruito ex novo secondo il proprio gusto estetico, l'ultimo luogo che ha abitato e dove ha composto Turandot.Le facciate del Villino, progettate dall’Architetto Vincenzo Pilotti su indicazione diretta di Giacomo Puccini, sono espressione diretta dell'estetica e delle conoscenze architettoniche internazionali del grande operista lucchese e sono caratterizzate da un impianto polimaterico in pietra e mattoni, balaustre, travature e mensole in legno scolpito e numerosi elementi decorativi fra cui spiccano le formelle in gres porcellanato e le ceramiche di Galileo Chini",,,,,,,,,http://media.beniculturali.it/mibac/files/boards/1ede46002306283284d6cfccab580e47/GEP%202026/01%20villino%20puccini%20viareggio%20facciata%20est.jpg
http://dati.beniculturali.it/mibact/eventi/resource/CulturalEvent/48409,TERRA E FUOCO L’Archeologia prende vita al museo,Attività Didattica,ND,,,,,,,,,
http://dati.beniculturali.it/mibact/eventi/resource/CulturalEvent/48410,In ricordo di Giancarlo Jocteau,Incontro/presentazione,"Giancarlo Jocteau (1947-2025) è stato uno dei più importanti storici contemporaneisti dell’ateneo torinese. La giornata in suo ricordo – organizzata dall’Archivio di Stato e dal Dipartimento di Studi storici dell’Università di Torino, in collaborazione con la Deputazione subalpina di Storia Patria e il Comitato di Torino dell’Istituto per la Storia del Risorgimento italiano – intende ripercorrere la sua carriera e la sua opera. Esperto di storia politica otto-novecentesca, Jocteau ha pubblicato per le principali case editrici nazionali opere fondamentali sulla storia del sindacalismo, del fascismo e delle nobiltà. Oggi i suoi studi, pionieristici, sono classici della storiografia, ancora in grado di ispirare piste di ricerca e di offrire fecondi strumenti interpretativi.",,,,,,,,,
http://dati.beniculturali.it/mibact/eventi/resource/CulturalEvent/48411,GEP 2026 - Manduria Byzantine route,evento solo on site,"Sabato 26 settembre 2026, dalle 10:00 alle 12:00 MANDURIA BYZANTINE ROUTE è
una delle oltre venti tappe del BRIA Fest,
il Festival del Paesaggio Culturale Bizantino delle Aree Interne, organizzato
da: BRIA – Byzantine Route International Association, laboratorio ECHE Lab –
Università Mediterranea di Reggio Calabria e cooperativa di comunità
Boncicrisci, con un ampio e qualificato partenariato nazionale e
internazionale. L’edizione 2026 del BRIA
Fest tocca cinque Paesi (Spagna, Italia, Albania, Grecia e Turchia); in Italia
sono coinvolte tre Regioni (Sicilia, Calabria e Puglia).



La tappa MANDURIA BYZANTINE
ROUTE prevede una Camminata Patrimoniale alla chiesa di Santa Maria di Bagnolo,
costruita probabilmente con il monastero nel X o XI sec., dove si conserva una
cornice che racchiude un affresco raffigurante Sant’Eligio.",,,,,,,,,
http://dati.beniculturali.it/mibact/eventi/resource/CulturalEvent/48412,C'era una volta la carta,Attività Didattica,"Venerdì 25 settembre è la Notte europea delle Ricercatrici e dei Ricercatori 2026!Dalle 17 le Sezioni Riunite dell’Archivio di Stato ospitano un pomeriggio di attività organizzato in collaborazione con i Dipartimenti di Studi Umanistici e di Filosofia e di Scienze dell’Educazione dell’Università di Torino.L’attività, che si svolgerà nel Laboratorio di Restauro dell’Archivio, è pensata per ragazze e ragazzi tra i 10 e i 13 anni, insieme alle loro famiglie: i partecipanti esploreranno l’Archivio di Stato di Torino per scoprire il fascino di manoscritti e documenti.Mentre i ragazzi si cimenteranno in un laboratorio di produzione della carta, i loro familiari e accompagnatori scopriranno qualche curiosità in più sul patrimonio documentario e sul periodo “spagnolo” del Ducato di Savoia.",,,,,,,,,
http://dati.beniculturali.it/mibact/eventi/resource/CulturalEvent/48413,concerto,Concerto,"La storica Ex Mensa aziendale e Circolo ricreativo Olivetti apre in occasione di un appuntamento speciale della “Discoteca Olivetti”: l'MDI Ensemble, specializzato nel repertorio moderno e contemporaneo, ci proporrà in una prima parte la presentazione e l''esecuzione di un brano per violoncello solo [violoncello - Giorgio Casati] scritto da Marco Stroppa, uno dei piu' importanti compositori italiani viventi. Dopo una breve pausa, verrà presentata da Silvano Brandi [autore del libro “Ignazio Gardella a Ivrea”] la splendida location, già sede storica di eventi culturali di rilievo. A concludere la serata il concerto in trio dell' MDI Ensemble [clarinetto - Paolo Casiraghi, viola - Paolo Fumagalli e pianoforte - Luca Ieracitano] con musiche di Schumann, Kurtag e Stroppa.",,,,,,,,,
http://dati.beniculturali.it/mibact/eventi/resource/CulturalEvent/48414,GEP 2026 - Roccaforzata Byzantine Route - Aperitivo con la storia,evento solo on site,"Sabato 26 settembre 2026, dalle ore 18.00Aperitivo con la storia - ROCCAFORZATA
BYZANTINE ROUTE è una delle oltre venti tappe del BRIA Fest, il Festival del Paesaggio Culturale Bizantino delle Aree
Interne, organizzato da: BRIA – Byzantine Route International Association,
laboratorio ECHE Lab – Università Mediterranea di Reggio Calabria e cooperativa
di comunità Boncicrisci, con un ampio e qualificato partenariato nazionale e
internazionale. L’edizione 2026 del BRIA
Fest tocca cinque Paesi (Spagna, Italia, Albania, Grecia e Turchia); in Italia
sono coinvolte tre Regioni (Sicilia, Calabria e Puglia).



La tappa Aperitivo con la
storia - ROCCAFORZATA BYZANTINE ROUTE prevede un momento ludico-culturale per riaccendere
i riflettori sul Santuario della Madonna della Camera, un luogo dove si
intrecciano storia, arte e fede, che custodisce il cosiddetto “Affresco
Miracoloso”, l’immagine originaria di una Madonna col Bambino, rappresentata
secondo l’iconografia dell’Hodighitria (Colei che indica la Via).",,,,,,,,,
http://dati.beniculturali.it/mibact/eventi/resource/CulturalEvent/48415,Archivio di Stato di Torino: GEP 2026,Apertura Straordinaria,"Sabato 26 e domenica 27 settembre 2026 tornano le Giornate Europee del Patrimonio, la più estesa e condivisa manifestazione culturale europea che quest’anno propone il tema Patrimonio in pericolo: rivitalizzare, resistere e reinventare.Per l’occasione, l’Archivio di Stato di Torino propone due aperture straordinarie della sede delle Sezioni Riunite. Sabato 26 la visita comprenderà il Laboratorio di Restauro e la Sala mappe, domenica 27 il Laboratorio di Digitalizzazione e la Sala disegni.Aperture straordinaQuando: sabato 26 e domenica 27 settembre, visite guidate con partenza alle 17 e alle 18.15.Dove: Sezioni Riunite, ingresso da via Carlo Ignazio Giulio 25/aIngresso gratuito, prenotazione obbligatoria. Prenota qui.",,,,,,,,,
http://dati.beniculturali.it/mibact/eventi/resource/CulturalEvent/48416,1946: LUCI E OMBRE DELLA RINASCITA,Mostra,"L'Archivio di Stato di Asti e l’Istituto per la storia della Resistenza e della Società contemporanea in provincia di Asti (ISRAT) organizzano la mostra documentaria “1946: luci e ombre della rinascita”, visitabile presso l’Archivio di Stato dal 18 settembre al 20 novembre 2026 in orario apertura dell’Istituto. L’esposizione, parte del progetto quadriennale portato avanti dai due Istituti, ha lo scopo di raccontare cosa ha rappresentato il 1946 per la popolazione della Provincia di Asti, tra eventi politici che hanno segnato la vita del Paese e una quotidianità che faticava a tornare alla normalità.L'inaugurazione è in programma venerdì 18 settembre 2026 alle ore 17:00, con possibilità di visita fino alle 19.30.La mostra, a ingresso gratuito, sarà visitabile dal lunedì al venerdì dalle 9.00 alle 13.00, con possibilità di visite guidate su prenotazione per singoli e gruppi.Sono previste aperture straordinarie in occasione delle Giornate Europee del Patrimonio: 26 e 27 settembre e in occasione della Domenica di Carta, 11 ottobre. Per informazioni e prenotazioni è possibile scrivere all'indirizzo email as-at@cultura.gov.it oppure telefonare al numero 0141-531229.",,,,,,,,,
http://dati.beniculturali.it/mibact/eventi/resource/CulturalEvent/48418,mostra,Mostra,"L'evento intende promuovere la piantumazione di piante di mele di varietà locali, far conoscere l’importanza di salvaguardare e conservare il patrimonio genetico delle mele locali, in via di estinzione, evidenziare la ricaduta positiva sulla bellezza del paesaggio, sulla manutenzione del suolo e sulla attrattività turistica del paesaggio, nonché rivolgere un particolare messaggio ai giovani, che sono molto interessati ai temi ambientali, ma anche occasione per un passaggio intergenerazionale di importanti conoscenze esperienzialiL’evento sarà aperto da una mostra sulla produzione locale di mele. Seguirà un intrattenimento teatrale dedicato alla mela nella storia, nella cultura e nel mito, e in finale una descrizione partecipata alle tecniche di degustazione della mela e prodotti derivati.",,,,,,,,,http://media.beniculturali.it/mibac/files/boards/99c11a910aad48e66d038671de790e5a/GEP%202026/associazione%20culture%20VCO.JPG
http://dati.beniculturali.it/mibact/eventi/resource/CulturalEvent/48419,GIORNATE EUROPEE DEL PATRIMONIO 2026 ALL'ARCHIVIO DI STATO DI ASTI,Mostra,"In occasione delle Giornate Europee del Patrimonio, l'Archivio di Stato di Asti apre le sue porte per visite guidate alla sede storica con particolare attenzione alla tutela e conservazione del patrimonio. Al termine sarà possibile visitare la mostra documentaria “1946: luci e ombre della rinascita”. L’esposizione ha lo scopo di raccontare cosa ha rappresentato il 1946 per la popolazione della Provincia di Asti, tra eventi politici che hanno segnato la vita del Paese e una quotidianità che faticava a tornare alla normalità. Sono previsti quattro turni di visite guidate alle 14:00, 15:00, 16:00, 17:00. Prenotazione obbligatoria all'indirizzo email as-at@cultura.gov.it oppure telefonando al numero 0141-531229.",,,,,,,,,
http://dati.beniculturali.it/mibact/eventi/resource/CulturalEvent/48420,itinerario culturale,Itinerario culturale,"L’Associazione Cittadella di Alessandria «Faro» di pace in Europa – ETS propone la passeggiata patrimoniale La Cittadella di Alessandria: proteggere il patrimonio, rinnovare la memoria, coerente con il tema «Proteggere il patrimonio. Rinnovare, resistere, reinventare». Il percorso guidato valorizza storia, architettura e memoria del complesso monumentale e comprende Porta Reale, Palazzo del Governatore, Museo delle Divise, Bastione Sant’Antonio, Polveriera, Forni e relativi sotterranei. L’iniziativa promuove conoscenza, tutela e trasmissione del patrimonio alle generazioni future. Sono previsti quattro turni gratuiti, della durata indicativa di due ore, in partenza alle 9.00, 11.00, 14.00 e 16.00.",,,,,,,,,http://media.beniculturali.it/mibac/files/boards/99c11a910aad48e66d038671de790e5a/GEP%202025/cittadella_alessandria__GEP%202025.jpg
http://dati.beniculturali.it/mibact/eventi/resource/CulturalEvent/48421,itinerario culturale,Itinerario culturale,"Una passeggiata nel cuore di Leri Cavour e delle terre di Lucedio, per attraversare la storia e il paesaggio di un territorio profondamente legato alla figura di Camillo Benso, conte di Cavour, e alla tradizione risicola piemontese, nel 160 anni dell’omonimo canale. Tra antichi edifici, campi e tracce del passato, il percorso invita a guardare questi luoghi con occhi nuovi, scoprendone storie, trasformazioni e valore come patrimonio condiviso. Un momento speciale con l’apertura straordinaria del cantiere di recupero del borgo di Leri, un’occasione per entrare in uno spazio normalmente non accessibile e osservare da vicino il percorso di rinascita del complesso. La passeggiata proseguirà con la salita al campanile di Lucedio, da cui lo sguardo si apre su un paesaggio sorprendente: l’ampia distesa delle risaie, il disegno dei canali e, oltre, il verde del bosco delle Sorti della partecipanza ultimo lembo di foresta planiziale. Un punto di vista privilegiato per cogliere l’intreccio tra natura, agricoltura e storia. Un viaggio tra memoria, paesaggio e futuro, per riscoprire un patrimonio vivo e ancora capace di raccontare il territorio.Visita guidata a turno unico e a numero chiuso per un massimo di 30 persone, con ritrovo alle 15.00 all'ingresso del cantiere del Borgo di Leri Cavour.",,,,,,,,,http://media.beniculturali.it/mibac/files/boards/99c11a910aad48e66d038671de790e5a/GEP%202026/Abbazia%20di%20Lucedio.jpg
